ISO-10303-21;
HEADER;
/* Generated by software containing ST-Developer
 * from STEP Tools, Inc. (www.steptools.com) 
 */
/* OPTION: using custom renumber hook */

FILE_DESCRIPTION(
/* description */ ('STEP AP242 Edition 2',
'CAx-IF Rec.Pracs.---Representation and Presentation of Product Manufa
cturing Information (PMI)---4.0---2014-10-13',
'CAx-IF Rec.Pracs.---3D Tessellated Geometry---0.4---2014-09-14','2;1',
'CAx-IF Rec.Pracs.---User Defined Attributes---1.5---2016-08-15'),
/* implementation_level */ '2;1');

FILE_NAME(
/* name */ 'top plate',
/* time_stamp */ '2026-05-23T22:25:50Z',
/* author */ (''),
/* organization */ (''),
/* preprocessor_version */ 'ST-DEVELOPER v20',
/* originating_system */ 'ONSHAPE BY PTC INC, 1.215',
/* authorisation */ '  ');

FILE_SCHEMA (('AP242_MANAGED_MODEL_BASED_3D_ENGINEERING_MIM_LF { 1 0 10303 442 3 1 4 }'));
ENDSEC;

DATA;
#10=SHAPE_REPRESENTATION_RELATIONSHIP('','',#5563,#11);
#11=ADVANCED_BREP_SHAPE_REPRESENTATION('',(#5561),#9381);
#12=LINE('',#7789,#540);
#13=LINE('',#7792,#541);
#14=LINE('',#7794,#542);
#15=LINE('',#7796,#543);
#16=LINE('',#7798,#544);
#17=LINE('',#7804,#545);
#18=LINE('',#7808,#546);
#19=LINE('',#7812,#547);
#20=LINE('',#7816,#548);
#21=LINE('',#7820,#549);
#22=LINE('',#7824,#550);
#23=LINE('',#7828,#551);
#24=LINE('',#7832,#552);
#25=LINE('',#7836,#553);
#26=LINE('',#7840,#554);
#27=LINE('',#7846,#555);
#28=LINE('',#7850,#556);
#29=LINE('',#7854,#557);
#30=LINE('',#7858,#558);
#31=LINE('',#7862,#559);
#32=LINE('',#7866,#560);
#33=LINE('',#7870,#561);
#34=LINE('',#7874,#562);
#35=LINE('',#7878,#563);
#36=LINE('',#7882,#564);
#37=LINE('',#7886,#565);
#38=LINE('',#7890,#566);
#39=LINE('',#7894,#567);
#40=LINE('',#7898,#568);
#41=LINE('',#7902,#569);
#42=LINE('',#7906,#570);
#43=LINE('',#7910,#571);
#44=LINE('',#7914,#572);
#45=LINE('',#7918,#573);
#46=LINE('',#7922,#574);
#47=LINE('',#7926,#575);
#48=LINE('',#7930,#576);
#49=LINE('',#7934,#577);
#50=LINE('',#7938,#578);
#51=LINE('',#7942,#579);
#52=LINE('',#7946,#580);
#53=LINE('',#7950,#581);
#54=LINE('',#7954,#582);
#55=LINE('',#7958,#583);
#56=LINE('',#7962,#584);
#57=LINE('',#7966,#585);
#58=LINE('',#7970,#586);
#59=LINE('',#7974,#587);
#60=LINE('',#7978,#588);
#61=LINE('',#7982,#589);
#62=LINE('',#7986,#590);
#63=LINE('',#7990,#591);
#64=LINE('',#7994,#592);
#65=LINE('',#7998,#593);
#66=LINE('',#8002,#594);
#67=LINE('',#8006,#595);
#68=LINE('',#8010,#596);
#69=LINE('',#8014,#597);
#70=LINE('',#8018,#598);
#71=LINE('',#8022,#599);
#72=LINE('',#8026,#600);
#73=LINE('',#8030,#601);
#74=LINE('',#8034,#602);
#75=LINE('',#8038,#603);
#76=LINE('',#8042,#604);
#77=LINE('',#8046,#605);
#78=LINE('',#8050,#606);
#79=LINE('',#8054,#607);
#80=LINE('',#8058,#608);
#81=LINE('',#8062,#609);
#82=LINE('',#8066,#610);
#83=LINE('',#8070,#611);
#84=LINE('',#8074,#612);
#85=LINE('',#8078,#613);
#86=LINE('',#8082,#614);
#87=LINE('',#8086,#615);
#88=LINE('',#8090,#616);
#89=LINE('',#8094,#617);
#90=LINE('',#8098,#618);
#91=LINE('',#8102,#619);
#92=LINE('',#8106,#620);
#93=LINE('',#8110,#621);
#94=LINE('',#8114,#622);
#95=LINE('',#8118,#623);
#96=LINE('',#8122,#624);
#97=LINE('',#8126,#625);
#98=LINE('',#8130,#626);
#99=LINE('',#8134,#627);
#100=LINE('',#8138,#628);
#101=LINE('',#8142,#629);
#102=LINE('',#8146,#630);
#103=LINE('',#8150,#631);
#104=LINE('',#8154,#632);
#105=LINE('',#8158,#633);
#106=LINE('',#8162,#634);
#107=LINE('',#8166,#635);
#108=LINE('',#8170,#636);
#109=LINE('',#8174,#637);
#110=LINE('',#8178,#638);
#111=LINE('',#8182,#639);
#112=LINE('',#8186,#640);
#113=LINE('',#8190,#641);
#114=LINE('',#8194,#642);
#115=LINE('',#8198,#643);
#116=LINE('',#8202,#644);
#117=LINE('',#8206,#645);
#118=LINE('',#8210,#646);
#119=LINE('',#8214,#647);
#120=LINE('',#8218,#648);
#121=LINE('',#8222,#649);
#122=LINE('',#8226,#650);
#123=LINE('',#8230,#651);
#124=LINE('',#8234,#652);
#125=LINE('',#8238,#653);
#126=LINE('',#8242,#654);
#127=LINE('',#8246,#655);
#128=LINE('',#8250,#656);
#129=LINE('',#8254,#657);
#130=LINE('',#8258,#658);
#131=LINE('',#8262,#659);
#132=LINE('',#8266,#660);
#133=LINE('',#8270,#661);
#134=LINE('',#8274,#662);
#135=LINE('',#8278,#663);
#136=LINE('',#8282,#664);
#137=LINE('',#8286,#665);
#138=LINE('',#8290,#666);
#139=LINE('',#8294,#667);
#140=LINE('',#8298,#668);
#141=LINE('',#8302,#669);
#142=LINE('',#8306,#670);
#143=LINE('',#8310,#671);
#144=LINE('',#8314,#672);
#145=LINE('',#8318,#673);
#146=LINE('',#8322,#674);
#147=LINE('',#8326,#675);
#148=LINE('',#8330,#676);
#149=LINE('',#8334,#677);
#150=LINE('',#8338,#678);
#151=LINE('',#8342,#679);
#152=LINE('',#8346,#680);
#153=LINE('',#8350,#681);
#154=LINE('',#8354,#682);
#155=LINE('',#8358,#683);
#156=LINE('',#8362,#684);
#157=LINE('',#8366,#685);
#158=LINE('',#8369,#686);
#159=LINE('',#8374,#687);
#160=LINE('',#8378,#688);
#161=LINE('',#8382,#689);
#162=LINE('',#8385,#690);
#163=LINE('',#8390,#691);
#164=LINE('',#8394,#692);
#165=LINE('',#8398,#693);
#166=LINE('',#8401,#694);
#167=LINE('',#8406,#695);
#168=LINE('',#8410,#696);
#169=LINE('',#8414,#697);
#170=LINE('',#8417,#698);
#171=LINE('',#8422,#699);
#172=LINE('',#8426,#700);
#173=LINE('',#8430,#701);
#174=LINE('',#8433,#702);
#175=LINE('',#8438,#703);
#176=LINE('',#8442,#704);
#177=LINE('',#8446,#705);
#178=LINE('',#8449,#706);
#179=LINE('',#8454,#707);
#180=LINE('',#8458,#708);
#181=LINE('',#8462,#709);
#182=LINE('',#8465,#710);
#183=LINE('',#8470,#711);
#184=LINE('',#8474,#712);
#185=LINE('',#8478,#713);
#186=LINE('',#8481,#714);
#187=LINE('',#8486,#715);
#188=LINE('',#8490,#716);
#189=LINE('',#8494,#717);
#190=LINE('',#8497,#718);
#191=LINE('',#8502,#719);
#192=LINE('',#8506,#720);
#193=LINE('',#8510,#721);
#194=LINE('',#8513,#722);
#195=LINE('',#8518,#723);
#196=LINE('',#8522,#724);
#197=LINE('',#8526,#725);
#198=LINE('',#8529,#726);
#199=LINE('',#8534,#727);
#200=LINE('',#8538,#728);
#201=LINE('',#8542,#729);
#202=LINE('',#8545,#730);
#203=LINE('',#8550,#731);
#204=LINE('',#8554,#732);
#205=LINE('',#8558,#733);
#206=LINE('',#8561,#734);
#207=LINE('',#8566,#735);
#208=LINE('',#8570,#736);
#209=LINE('',#8574,#737);
#210=LINE('',#8577,#738);
#211=LINE('',#8582,#739);
#212=LINE('',#8586,#740);
#213=LINE('',#8590,#741);
#214=LINE('',#8593,#742);
#215=LINE('',#8598,#743);
#216=LINE('',#8602,#744);
#217=LINE('',#8606,#745);
#218=LINE('',#8609,#746);
#219=LINE('',#8614,#747);
#220=LINE('',#8618,#748);
#221=LINE('',#8622,#749);
#222=LINE('',#8625,#750);
#223=LINE('',#8630,#751);
#224=LINE('',#8634,#752);
#225=LINE('',#8638,#753);
#226=LINE('',#8641,#754);
#227=LINE('',#8646,#755);
#228=LINE('',#8650,#756);
#229=LINE('',#8654,#757);
#230=LINE('',#8657,#758);
#231=LINE('',#8662,#759);
#232=LINE('',#8666,#760);
#233=LINE('',#8670,#761);
#234=LINE('',#8673,#762);
#235=LINE('',#8678,#763);
#236=LINE('',#8682,#764);
#237=LINE('',#8686,#765);
#238=LINE('',#8689,#766);
#239=LINE('',#8694,#767);
#240=LINE('',#8698,#768);
#241=LINE('',#8702,#769);
#242=LINE('',#8705,#770);
#243=LINE('',#8710,#771);
#244=LINE('',#8714,#772);
#245=LINE('',#8718,#773);
#246=LINE('',#8721,#774);
#247=LINE('',#8726,#775);
#248=LINE('',#8730,#776);
#249=LINE('',#8734,#777);
#250=LINE('',#8737,#778);
#251=LINE('',#8742,#779);
#252=LINE('',#8746,#780);
#253=LINE('',#8750,#781);
#254=LINE('',#8753,#782);
#255=LINE('',#8758,#783);
#256=LINE('',#8762,#784);
#257=LINE('',#8766,#785);
#258=LINE('',#8769,#786);
#259=LINE('',#8774,#787);
#260=LINE('',#8778,#788);
#261=LINE('',#8782,#789);
#262=LINE('',#8785,#790);
#263=LINE('',#8790,#791);
#264=LINE('',#8794,#792);
#265=LINE('',#8798,#793);
#266=LINE('',#8801,#794);
#267=LINE('',#8806,#795);
#268=LINE('',#8810,#796);
#269=LINE('',#8814,#797);
#270=LINE('',#8817,#798);
#271=LINE('',#8822,#799);
#272=LINE('',#8826,#800);
#273=LINE('',#8830,#801);
#274=LINE('',#8833,#802);
#275=LINE('',#8838,#803);
#276=LINE('',#8842,#804);
#277=LINE('',#8846,#805);
#278=LINE('',#8850,#806);
#279=LINE('',#8851,#807);
#280=LINE('',#8853,#808);
#281=LINE('',#8854,#809);
#282=LINE('',#8856,#810);
#283=LINE('',#8857,#811);
#284=LINE('',#8859,#812);
#285=LINE('',#8860,#813);
#286=LINE('',#8862,#814);
#287=LINE('',#8863,#815);
#288=LINE('',#8865,#816);
#289=LINE('',#8866,#817);
#290=LINE('',#8868,#818);
#291=LINE('',#8869,#819);
#292=LINE('',#8871,#820);
#293=LINE('',#8872,#821);
#294=LINE('',#8882,#822);
#295=LINE('',#8883,#823);
#296=LINE('',#8885,#824);
#297=LINE('',#8887,#825);
#298=LINE('',#8889,#826);
#299=LINE('',#8891,#827);
#300=LINE('',#8893,#828);
#301=LINE('',#8895,#829);
#302=LINE('',#8898,#830);
#303=LINE('',#8899,#831);
#304=LINE('',#8901,#832);
#305=LINE('',#8903,#833);
#306=LINE('',#8905,#834);
#307=LINE('',#8907,#835);
#308=LINE('',#8909,#836);
#309=LINE('',#8911,#837);
#310=LINE('',#8914,#838);
#311=LINE('',#8915,#839);
#312=LINE('',#8917,#840);
#313=LINE('',#8919,#841);
#314=LINE('',#8921,#842);
#315=LINE('',#8923,#843);
#316=LINE('',#8925,#844);
#317=LINE('',#8927,#845);
#318=LINE('',#8930,#846);
#319=LINE('',#8931,#847);
#320=LINE('',#8933,#848);
#321=LINE('',#8935,#849);
#322=LINE('',#8937,#850);
#323=LINE('',#8939,#851);
#324=LINE('',#8941,#852);
#325=LINE('',#8943,#853);
#326=LINE('',#8946,#854);
#327=LINE('',#8947,#855);
#328=LINE('',#8949,#856);
#329=LINE('',#8951,#857);
#330=LINE('',#8953,#858);
#331=LINE('',#8955,#859);
#332=LINE('',#8957,#860);
#333=LINE('',#8959,#861);
#334=LINE('',#8962,#862);
#335=LINE('',#8963,#863);
#336=LINE('',#8965,#864);
#337=LINE('',#8967,#865);
#338=LINE('',#8969,#866);
#339=LINE('',#8971,#867);
#340=LINE('',#8973,#868);
#341=LINE('',#8975,#869);
#342=LINE('',#8978,#870);
#343=LINE('',#8979,#871);
#344=LINE('',#8981,#872);
#345=LINE('',#8983,#873);
#346=LINE('',#8985,#874);
#347=LINE('',#8987,#875);
#348=LINE('',#8989,#876);
#349=LINE('',#8991,#877);
#350=LINE('',#8994,#878);
#351=LINE('',#8995,#879);
#352=LINE('',#8997,#880);
#353=LINE('',#8999,#881);
#354=LINE('',#9001,#882);
#355=LINE('',#9003,#883);
#356=LINE('',#9005,#884);
#357=LINE('',#9007,#885);
#358=LINE('',#9010,#886);
#359=LINE('',#9011,#887);
#360=LINE('',#9013,#888);
#361=LINE('',#9015,#889);
#362=LINE('',#9017,#890);
#363=LINE('',#9019,#891);
#364=LINE('',#9021,#892);
#365=LINE('',#9023,#893);
#366=LINE('',#9026,#894);
#367=LINE('',#9027,#895);
#368=LINE('',#9029,#896);
#369=LINE('',#9031,#897);
#370=LINE('',#9033,#898);
#371=LINE('',#9035,#899);
#372=LINE('',#9037,#900);
#373=LINE('',#9039,#901);
#374=LINE('',#9042,#902);
#375=LINE('',#9043,#903);
#376=LINE('',#9045,#904);
#377=LINE('',#9047,#905);
#378=LINE('',#9049,#906);
#379=LINE('',#9051,#907);
#380=LINE('',#9053,#908);
#381=LINE('',#9055,#909);
#382=LINE('',#9058,#910);
#383=LINE('',#9059,#911);
#384=LINE('',#9061,#912);
#385=LINE('',#9063,#913);
#386=LINE('',#9065,#914);
#387=LINE('',#9067,#915);
#388=LINE('',#9069,#916);
#389=LINE('',#9071,#917);
#390=LINE('',#9074,#918);
#391=LINE('',#9075,#919);
#392=LINE('',#9077,#920);
#393=LINE('',#9079,#921);
#394=LINE('',#9081,#922);
#395=LINE('',#9083,#923);
#396=LINE('',#9085,#924);
#397=LINE('',#9087,#925);
#398=LINE('',#9090,#926);
#399=LINE('',#9091,#927);
#400=LINE('',#9093,#928);
#401=LINE('',#9095,#929);
#402=LINE('',#9097,#930);
#403=LINE('',#9099,#931);
#404=LINE('',#9101,#932);
#405=LINE('',#9103,#933);
#406=LINE('',#9106,#934);
#407=LINE('',#9107,#935);
#408=LINE('',#9109,#936);
#409=LINE('',#9111,#937);
#410=LINE('',#9113,#938);
#411=LINE('',#9115,#939);
#412=LINE('',#9117,#940);
#413=LINE('',#9119,#941);
#414=LINE('',#9122,#942);
#415=LINE('',#9123,#943);
#416=LINE('',#9125,#944);
#417=LINE('',#9127,#945);
#418=LINE('',#9129,#946);
#419=LINE('',#9131,#947);
#420=LINE('',#9133,#948);
#421=LINE('',#9135,#949);
#422=LINE('',#9138,#950);
#423=LINE('',#9139,#951);
#424=LINE('',#9141,#952);
#425=LINE('',#9143,#953);
#426=LINE('',#9145,#954);
#427=LINE('',#9147,#955);
#428=LINE('',#9149,#956);
#429=LINE('',#9151,#957);
#430=LINE('',#9154,#958);
#431=LINE('',#9155,#959);
#432=LINE('',#9157,#960);
#433=LINE('',#9159,#961);
#434=LINE('',#9161,#962);
#435=LINE('',#9163,#963);
#436=LINE('',#9165,#964);
#437=LINE('',#9167,#965);
#438=LINE('',#9170,#966);
#439=LINE('',#9171,#967);
#440=LINE('',#9173,#968);
#441=LINE('',#9175,#969);
#442=LINE('',#9177,#970);
#443=LINE('',#9179,#971);
#444=LINE('',#9181,#972);
#445=LINE('',#9183,#973);
#446=LINE('',#9186,#974);
#447=LINE('',#9187,#975);
#448=LINE('',#9189,#976);
#449=LINE('',#9191,#977);
#450=LINE('',#9193,#978);
#451=LINE('',#9195,#979);
#452=LINE('',#9197,#980);
#453=LINE('',#9199,#981);
#454=LINE('',#9202,#982);
#455=LINE('',#9203,#983);
#456=LINE('',#9205,#984);
#457=LINE('',#9207,#985);
#458=LINE('',#9209,#986);
#459=LINE('',#9211,#987);
#460=LINE('',#9213,#988);
#461=LINE('',#9215,#989);
#462=LINE('',#9218,#990);
#463=LINE('',#9219,#991);
#464=LINE('',#9221,#992);
#465=LINE('',#9223,#993);
#466=LINE('',#9225,#994);
#467=LINE('',#9227,#995);
#468=LINE('',#9229,#996);
#469=LINE('',#9231,#997);
#470=LINE('',#9234,#998);
#471=LINE('',#9235,#999);
#472=LINE('',#9237,#1000);
#473=LINE('',#9239,#1001);
#474=LINE('',#9241,#1002);
#475=LINE('',#9243,#1003);
#476=LINE('',#9245,#1004);
#477=LINE('',#9247,#1005);
#478=LINE('',#9250,#1006);
#479=LINE('',#9251,#1007);
#480=LINE('',#9253,#1008);
#481=LINE('',#9255,#1009);
#482=LINE('',#9257,#1010);
#483=LINE('',#9259,#1011);
#484=LINE('',#9261,#1012);
#485=LINE('',#9263,#1013);
#486=LINE('',#9266,#1014);
#487=LINE('',#9267,#1015);
#488=LINE('',#9269,#1016);
#489=LINE('',#9271,#1017);
#490=LINE('',#9273,#1018);
#491=LINE('',#9275,#1019);
#492=LINE('',#9277,#1020);
#493=LINE('',#9279,#1021);
#494=LINE('',#9282,#1022);
#495=LINE('',#9283,#1023);
#496=LINE('',#9285,#1024);
#497=LINE('',#9287,#1025);
#498=LINE('',#9289,#1026);
#499=LINE('',#9291,#1027);
#500=LINE('',#9293,#1028);
#501=LINE('',#9295,#1029);
#502=LINE('',#9298,#1030);
#503=LINE('',#9299,#1031);
#504=LINE('',#9301,#1032);
#505=LINE('',#9303,#1033);
#506=LINE('',#9305,#1034);
#507=LINE('',#9307,#1035);
#508=LINE('',#9309,#1036);
#509=LINE('',#9311,#1037);
#510=LINE('',#9314,#1038);
#511=LINE('',#9315,#1039);
#512=LINE('',#9317,#1040);
#513=LINE('',#9319,#1041);
#514=LINE('',#9321,#1042);
#515=LINE('',#9323,#1043);
#516=LINE('',#9325,#1044);
#517=LINE('',#9327,#1045);
#518=LINE('',#9330,#1046);
#519=LINE('',#9331,#1047);
#520=LINE('',#9333,#1048);
#521=LINE('',#9335,#1049);
#522=LINE('',#9337,#1050);
#523=LINE('',#9339,#1051);
#524=LINE('',#9341,#1052);
#525=LINE('',#9343,#1053);
#526=LINE('',#9346,#1054);
#527=LINE('',#9347,#1055);
#528=LINE('',#9349,#1056);
#529=LINE('',#9351,#1057);
#530=LINE('',#9353,#1058);
#531=LINE('',#9355,#1059);
#532=LINE('',#9357,#1060);
#533=LINE('',#9359,#1061);
#534=LINE('',#9362,#1062);
#535=LINE('',#9363,#1063);
#536=LINE('',#9365,#1064);
#537=LINE('',#9366,#1065);
#538=LINE('',#9368,#1066);
#539=LINE('',#9369,#1067);
#540=VECTOR('',#6159,1.);
#541=VECTOR('',#6160,1.);
#542=VECTOR('',#6161,1.);
#543=VECTOR('',#6162,1.);
#544=VECTOR('',#6165,1.);
#545=VECTOR('',#6170,1.);
#546=VECTOR('',#6173,1.);
#547=VECTOR('',#6176,1.);
#548=VECTOR('',#6179,1.);
#549=VECTOR('',#6182,1.);
#550=VECTOR('',#6185,1.);
#551=VECTOR('',#6188,1.);
#552=VECTOR('',#6191,1.);
#553=VECTOR('',#6194,1.);
#554=VECTOR('',#6197,1.);
#555=VECTOR('',#6202,1.);
#556=VECTOR('',#6205,1.);
#557=VECTOR('',#6208,1.);
#558=VECTOR('',#6211,1.);
#559=VECTOR('',#6214,1.);
#560=VECTOR('',#6217,1.);
#561=VECTOR('',#6220,1.);
#562=VECTOR('',#6223,1.);
#563=VECTOR('',#6226,1.);
#564=VECTOR('',#6229,1.);
#565=VECTOR('',#6232,1.);
#566=VECTOR('',#6235,1.);
#567=VECTOR('',#6238,1.);
#568=VECTOR('',#6241,1.);
#569=VECTOR('',#6244,1.);
#570=VECTOR('',#6247,1.);
#571=VECTOR('',#6250,1.);
#572=VECTOR('',#6253,1.);
#573=VECTOR('',#6256,1.);
#574=VECTOR('',#6259,1.);
#575=VECTOR('',#6262,1.);
#576=VECTOR('',#6265,1.);
#577=VECTOR('',#6268,1.);
#578=VECTOR('',#6271,1.);
#579=VECTOR('',#6274,1.);
#580=VECTOR('',#6277,1.);
#581=VECTOR('',#6280,1.);
#582=VECTOR('',#6283,1.);
#583=VECTOR('',#6286,1.);
#584=VECTOR('',#6289,1.);
#585=VECTOR('',#6292,1.);
#586=VECTOR('',#6295,1.);
#587=VECTOR('',#6298,1.);
#588=VECTOR('',#6301,1.);
#589=VECTOR('',#6304,1.);
#590=VECTOR('',#6307,1.);
#591=VECTOR('',#6310,1.);
#592=VECTOR('',#6313,1.);
#593=VECTOR('',#6316,1.);
#594=VECTOR('',#6319,1.);
#595=VECTOR('',#6322,1.);
#596=VECTOR('',#6325,1.);
#597=VECTOR('',#6328,1.);
#598=VECTOR('',#6331,1.);
#599=VECTOR('',#6334,1.);
#600=VECTOR('',#6337,1.);
#601=VECTOR('',#6340,1.);
#602=VECTOR('',#6343,1.);
#603=VECTOR('',#6346,1.);
#604=VECTOR('',#6349,1.);
#605=VECTOR('',#6352,1.);
#606=VECTOR('',#6355,1.);
#607=VECTOR('',#6358,1.);
#608=VECTOR('',#6361,1.);
#609=VECTOR('',#6364,1.);
#610=VECTOR('',#6367,1.);
#611=VECTOR('',#6370,1.);
#612=VECTOR('',#6373,1.);
#613=VECTOR('',#6376,1.);
#614=VECTOR('',#6379,1.);
#615=VECTOR('',#6382,1.);
#616=VECTOR('',#6385,1.);
#617=VECTOR('',#6388,1.);
#618=VECTOR('',#6391,1.);
#619=VECTOR('',#6394,1.);
#620=VECTOR('',#6397,1.);
#621=VECTOR('',#6400,1.);
#622=VECTOR('',#6403,1.);
#623=VECTOR('',#6406,1.);
#624=VECTOR('',#6409,1.);
#625=VECTOR('',#6412,1.);
#626=VECTOR('',#6415,1.);
#627=VECTOR('',#6418,1.);
#628=VECTOR('',#6421,1.);
#629=VECTOR('',#6424,1.);
#630=VECTOR('',#6427,1.);
#631=VECTOR('',#6430,1.);
#632=VECTOR('',#6433,1.);
#633=VECTOR('',#6436,1.);
#634=VECTOR('',#6439,1.);
#635=VECTOR('',#6442,1.);
#636=VECTOR('',#6445,1.);
#637=VECTOR('',#6448,1.);
#638=VECTOR('',#6451,1.);
#639=VECTOR('',#6454,1.);
#640=VECTOR('',#6457,1.);
#641=VECTOR('',#6460,1.);
#642=VECTOR('',#6463,1.);
#643=VECTOR('',#6466,1.);
#644=VECTOR('',#6469,1.);
#645=VECTOR('',#6472,1.);
#646=VECTOR('',#6475,1.);
#647=VECTOR('',#6478,1.);
#648=VECTOR('',#6481,1.);
#649=VECTOR('',#6484,1.);
#650=VECTOR('',#6487,1.);
#651=VECTOR('',#6490,1.);
#652=VECTOR('',#6493,1.);
#653=VECTOR('',#6496,1.);
#654=VECTOR('',#6499,1.);
#655=VECTOR('',#6502,1.);
#656=VECTOR('',#6505,1.);
#657=VECTOR('',#6508,1.);
#658=VECTOR('',#6511,1.);
#659=VECTOR('',#6514,1.);
#660=VECTOR('',#6517,1.);
#661=VECTOR('',#6520,1.);
#662=VECTOR('',#6523,1.);
#663=VECTOR('',#6526,1.);
#664=VECTOR('',#6529,1.);
#665=VECTOR('',#6532,1.);
#666=VECTOR('',#6535,1.);
#667=VECTOR('',#6538,1.);
#668=VECTOR('',#6541,1.);
#669=VECTOR('',#6544,1.);
#670=VECTOR('',#6547,1.);
#671=VECTOR('',#6550,1.);
#672=VECTOR('',#6553,1.);
#673=VECTOR('',#6556,1.);
#674=VECTOR('',#6559,1.);
#675=VECTOR('',#6564,1.);
#676=VECTOR('',#6567,1.);
#677=VECTOR('',#6570,1.);
#678=VECTOR('',#6573,1.);
#679=VECTOR('',#6576,1.);
#680=VECTOR('',#6579,1.);
#681=VECTOR('',#6582,1.);
#682=VECTOR('',#6585,1.);
#683=VECTOR('',#6588,1.);
#684=VECTOR('',#6591,1.);
#685=VECTOR('',#6594,1.);
#686=VECTOR('',#6597,1.);
#687=VECTOR('',#6600,1.);
#688=VECTOR('',#6603,1.);
#689=VECTOR('',#6606,1.);
#690=VECTOR('',#6609,1.);
#691=VECTOR('',#6612,1.);
#692=VECTOR('',#6615,1.);
#693=VECTOR('',#6618,1.);
#694=VECTOR('',#6621,1.);
#695=VECTOR('',#6624,1.);
#696=VECTOR('',#6627,1.);
#697=VECTOR('',#6630,1.);
#698=VECTOR('',#6633,1.);
#699=VECTOR('',#6636,1.);
#700=VECTOR('',#6639,1.);
#701=VECTOR('',#6642,1.);
#702=VECTOR('',#6645,1.);
#703=VECTOR('',#6648,1.);
#704=VECTOR('',#6651,1.);
#705=VECTOR('',#6654,1.);
#706=VECTOR('',#6657,1.);
#707=VECTOR('',#6660,1.);
#708=VECTOR('',#6663,1.);
#709=VECTOR('',#6666,1.);
#710=VECTOR('',#6669,1.);
#711=VECTOR('',#6672,1.);
#712=VECTOR('',#6675,1.);
#713=VECTOR('',#6678,1.);
#714=VECTOR('',#6681,1.);
#715=VECTOR('',#6684,1.);
#716=VECTOR('',#6687,1.);
#717=VECTOR('',#6690,1.);
#718=VECTOR('',#6693,1.);
#719=VECTOR('',#6696,1.);
#720=VECTOR('',#6699,1.);
#721=VECTOR('',#6702,1.);
#722=VECTOR('',#6705,1.);
#723=VECTOR('',#6708,1.);
#724=VECTOR('',#6711,1.);
#725=VECTOR('',#6714,1.);
#726=VECTOR('',#6717,1.);
#727=VECTOR('',#6720,1.);
#728=VECTOR('',#6723,1.);
#729=VECTOR('',#6726,1.);
#730=VECTOR('',#6729,1.);
#731=VECTOR('',#6732,1.);
#732=VECTOR('',#6735,1.);
#733=VECTOR('',#6738,1.);
#734=VECTOR('',#6741,1.);
#735=VECTOR('',#6744,1.);
#736=VECTOR('',#6747,1.);
#737=VECTOR('',#6750,1.);
#738=VECTOR('',#6753,1.);
#739=VECTOR('',#6756,1.);
#740=VECTOR('',#6759,1.);
#741=VECTOR('',#6762,1.);
#742=VECTOR('',#6765,1.);
#743=VECTOR('',#6768,1.);
#744=VECTOR('',#6771,1.);
#745=VECTOR('',#6774,1.);
#746=VECTOR('',#6777,1.);
#747=VECTOR('',#6780,1.);
#748=VECTOR('',#6783,1.);
#749=VECTOR('',#6786,1.);
#750=VECTOR('',#6789,1.);
#751=VECTOR('',#6792,1.);
#752=VECTOR('',#6795,1.);
#753=VECTOR('',#6798,1.);
#754=VECTOR('',#6801,1.);
#755=VECTOR('',#6804,1.);
#756=VECTOR('',#6807,1.);
#757=VECTOR('',#6810,1.);
#758=VECTOR('',#6813,1.);
#759=VECTOR('',#6816,1.);
#760=VECTOR('',#6819,1.);
#761=VECTOR('',#6822,1.);
#762=VECTOR('',#6825,1.);
#763=VECTOR('',#6828,1.);
#764=VECTOR('',#6831,1.);
#765=VECTOR('',#6834,1.);
#766=VECTOR('',#6837,1.);
#767=VECTOR('',#6840,1.);
#768=VECTOR('',#6843,1.);
#769=VECTOR('',#6846,1.);
#770=VECTOR('',#6849,1.);
#771=VECTOR('',#6852,1.);
#772=VECTOR('',#6855,1.);
#773=VECTOR('',#6858,1.);
#774=VECTOR('',#6861,1.);
#775=VECTOR('',#6864,1.);
#776=VECTOR('',#6867,1.);
#777=VECTOR('',#6870,1.);
#778=VECTOR('',#6873,1.);
#779=VECTOR('',#6876,1.);
#780=VECTOR('',#6879,1.);
#781=VECTOR('',#6882,1.);
#782=VECTOR('',#6885,1.);
#783=VECTOR('',#6888,1.);
#784=VECTOR('',#6891,1.);
#785=VECTOR('',#6894,1.);
#786=VECTOR('',#6897,1.);
#787=VECTOR('',#6900,1.);
#788=VECTOR('',#6903,1.);
#789=VECTOR('',#6906,1.);
#790=VECTOR('',#6909,1.);
#791=VECTOR('',#6912,1.);
#792=VECTOR('',#6915,1.);
#793=VECTOR('',#6918,1.);
#794=VECTOR('',#6921,1.);
#795=VECTOR('',#6924,1.);
#796=VECTOR('',#6927,1.);
#797=VECTOR('',#6930,1.);
#798=VECTOR('',#6933,1.);
#799=VECTOR('',#6936,1.);
#800=VECTOR('',#6939,1.);
#801=VECTOR('',#6942,1.);
#802=VECTOR('',#6945,1.);
#803=VECTOR('',#6948,1.);
#804=VECTOR('',#6951,1.);
#805=VECTOR('',#6954,1.);
#806=VECTOR('',#6959,1.);
#807=VECTOR('',#6960,1.);
#808=VECTOR('',#6963,1.);
#809=VECTOR('',#6964,1.);
#810=VECTOR('',#6967,1.);
#811=VECTOR('',#6968,1.);
#812=VECTOR('',#6971,1.);
#813=VECTOR('',#6972,1.);
#814=VECTOR('',#6975,1.);
#815=VECTOR('',#6976,1.);
#816=VECTOR('',#6979,1.);
#817=VECTOR('',#6980,1.);
#818=VECTOR('',#6983,1.);
#819=VECTOR('',#6984,1.);
#820=VECTOR('',#6987,1.);
#821=VECTOR('',#6988,1.);
#822=VECTOR('',#7007,1.);
#823=VECTOR('',#7008,1.);
#824=VECTOR('',#7011,1.);
#825=VECTOR('',#7014,1.);
#826=VECTOR('',#7017,1.);
#827=VECTOR('',#7020,1.);
#828=VECTOR('',#7023,1.);
#829=VECTOR('',#7026,1.);
#830=VECTOR('',#7031,1.);
#831=VECTOR('',#7032,1.);
#832=VECTOR('',#7035,1.);
#833=VECTOR('',#7038,1.);
#834=VECTOR('',#7041,1.);
#835=VECTOR('',#7044,1.);
#836=VECTOR('',#7047,1.);
#837=VECTOR('',#7050,1.);
#838=VECTOR('',#7055,1.);
#839=VECTOR('',#7056,1.);
#840=VECTOR('',#7059,1.);
#841=VECTOR('',#7062,1.);
#842=VECTOR('',#7065,1.);
#843=VECTOR('',#7068,1.);
#844=VECTOR('',#7071,1.);
#845=VECTOR('',#7074,1.);
#846=VECTOR('',#7079,1.);
#847=VECTOR('',#7080,1.);
#848=VECTOR('',#7083,1.);
#849=VECTOR('',#7086,1.);
#850=VECTOR('',#7089,1.);
#851=VECTOR('',#7092,1.);
#852=VECTOR('',#7095,1.);
#853=VECTOR('',#7098,1.);
#854=VECTOR('',#7103,1.);
#855=VECTOR('',#7104,1.);
#856=VECTOR('',#7107,1.);
#857=VECTOR('',#7110,1.);
#858=VECTOR('',#7113,1.);
#859=VECTOR('',#7116,1.);
#860=VECTOR('',#7119,1.);
#861=VECTOR('',#7122,1.);
#862=VECTOR('',#7127,1.);
#863=VECTOR('',#7128,1.);
#864=VECTOR('',#7131,1.);
#865=VECTOR('',#7134,1.);
#866=VECTOR('',#7137,1.);
#867=VECTOR('',#7140,1.);
#868=VECTOR('',#7143,1.);
#869=VECTOR('',#7146,1.);
#870=VECTOR('',#7151,1.);
#871=VECTOR('',#7152,1.);
#872=VECTOR('',#7155,1.);
#873=VECTOR('',#7158,1.);
#874=VECTOR('',#7161,1.);
#875=VECTOR('',#7164,1.);
#876=VECTOR('',#7167,1.);
#877=VECTOR('',#7170,1.);
#878=VECTOR('',#7175,1.);
#879=VECTOR('',#7176,1.);
#880=VECTOR('',#7179,1.);
#881=VECTOR('',#7182,1.);
#882=VECTOR('',#7185,1.);
#883=VECTOR('',#7188,1.);
#884=VECTOR('',#7191,1.);
#885=VECTOR('',#7194,1.);
#886=VECTOR('',#7199,1.);
#887=VECTOR('',#7200,1.);
#888=VECTOR('',#7203,1.);
#889=VECTOR('',#7206,1.);
#890=VECTOR('',#7209,1.);
#891=VECTOR('',#7212,1.);
#892=VECTOR('',#7215,1.);
#893=VECTOR('',#7218,1.);
#894=VECTOR('',#7223,1.);
#895=VECTOR('',#7224,1.);
#896=VECTOR('',#7227,1.);
#897=VECTOR('',#7230,1.);
#898=VECTOR('',#7233,1.);
#899=VECTOR('',#7236,1.);
#900=VECTOR('',#7239,1.);
#901=VECTOR('',#7242,1.);
#902=VECTOR('',#7247,1.);
#903=VECTOR('',#7248,1.);
#904=VECTOR('',#7251,1.);
#905=VECTOR('',#7254,1.);
#906=VECTOR('',#7257,1.);
#907=VECTOR('',#7260,1.);
#908=VECTOR('',#7263,1.);
#909=VECTOR('',#7266,1.);
#910=VECTOR('',#7271,1.);
#911=VECTOR('',#7272,1.);
#912=VECTOR('',#7275,1.);
#913=VECTOR('',#7278,1.);
#914=VECTOR('',#7281,1.);
#915=VECTOR('',#7284,1.);
#916=VECTOR('',#7287,1.);
#917=VECTOR('',#7290,1.);
#918=VECTOR('',#7295,1.);
#919=VECTOR('',#7296,1.);
#920=VECTOR('',#7299,1.);
#921=VECTOR('',#7302,1.);
#922=VECTOR('',#7305,1.);
#923=VECTOR('',#7308,1.);
#924=VECTOR('',#7311,1.);
#925=VECTOR('',#7314,1.);
#926=VECTOR('',#7319,1.);
#927=VECTOR('',#7320,1.);
#928=VECTOR('',#7323,1.);
#929=VECTOR('',#7326,1.);
#930=VECTOR('',#7329,1.);
#931=VECTOR('',#7332,1.);
#932=VECTOR('',#7335,1.);
#933=VECTOR('',#7338,1.);
#934=VECTOR('',#7343,1.);
#935=VECTOR('',#7344,1.);
#936=VECTOR('',#7347,1.);
#937=VECTOR('',#7350,1.);
#938=VECTOR('',#7353,1.);
#939=VECTOR('',#7356,1.);
#940=VECTOR('',#7359,1.);
#941=VECTOR('',#7362,1.);
#942=VECTOR('',#7367,1.);
#943=VECTOR('',#7368,1.);
#944=VECTOR('',#7371,1.);
#945=VECTOR('',#7374,1.);
#946=VECTOR('',#7377,1.);
#947=VECTOR('',#7380,1.);
#948=VECTOR('',#7383,1.);
#949=VECTOR('',#7386,1.);
#950=VECTOR('',#7391,1.);
#951=VECTOR('',#7392,1.);
#952=VECTOR('',#7395,1.);
#953=VECTOR('',#7398,1.);
#954=VECTOR('',#7401,1.);
#955=VECTOR('',#7404,1.);
#956=VECTOR('',#7407,1.);
#957=VECTOR('',#7410,1.);
#958=VECTOR('',#7415,1.);
#959=VECTOR('',#7416,1.);
#960=VECTOR('',#7419,1.);
#961=VECTOR('',#7422,1.);
#962=VECTOR('',#7425,1.);
#963=VECTOR('',#7428,1.);
#964=VECTOR('',#7431,1.);
#965=VECTOR('',#7434,1.);
#966=VECTOR('',#7439,1.);
#967=VECTOR('',#7440,1.);
#968=VECTOR('',#7443,1.);
#969=VECTOR('',#7446,1.);
#970=VECTOR('',#7449,1.);
#971=VECTOR('',#7452,1.);
#972=VECTOR('',#7455,1.);
#973=VECTOR('',#7458,1.);
#974=VECTOR('',#7463,1.);
#975=VECTOR('',#7464,1.);
#976=VECTOR('',#7467,1.);
#977=VECTOR('',#7470,1.);
#978=VECTOR('',#7473,1.);
#979=VECTOR('',#7476,1.);
#980=VECTOR('',#7479,1.);
#981=VECTOR('',#7482,1.);
#982=VECTOR('',#7487,1.);
#983=VECTOR('',#7488,1.);
#984=VECTOR('',#7491,1.);
#985=VECTOR('',#7494,1.);
#986=VECTOR('',#7497,1.);
#987=VECTOR('',#7500,1.);
#988=VECTOR('',#7503,1.);
#989=VECTOR('',#7506,1.);
#990=VECTOR('',#7511,1.);
#991=VECTOR('',#7512,1.);
#992=VECTOR('',#7515,1.);
#993=VECTOR('',#7518,1.);
#994=VECTOR('',#7521,1.);
#995=VECTOR('',#7524,1.);
#996=VECTOR('',#7527,1.);
#997=VECTOR('',#7530,1.);
#998=VECTOR('',#7535,1.);
#999=VECTOR('',#7536,1.);
#1000=VECTOR('',#7539,1.);
#1001=VECTOR('',#7542,1.);
#1002=VECTOR('',#7545,1.);
#1003=VECTOR('',#7548,1.);
#1004=VECTOR('',#7551,1.);
#1005=VECTOR('',#7554,1.);
#1006=VECTOR('',#7559,1.);
#1007=VECTOR('',#7560,1.);
#1008=VECTOR('',#7563,1.);
#1009=VECTOR('',#7566,1.);
#1010=VECTOR('',#7569,1.);
#1011=VECTOR('',#7572,1.);
#1012=VECTOR('',#7575,1.);
#1013=VECTOR('',#7578,1.);
#1014=VECTOR('',#7583,1.);
#1015=VECTOR('',#7584,1.);
#1016=VECTOR('',#7587,1.);
#1017=VECTOR('',#7590,1.);
#1018=VECTOR('',#7593,1.);
#1019=VECTOR('',#7596,1.);
#1020=VECTOR('',#7599,1.);
#1021=VECTOR('',#7602,1.);
#1022=VECTOR('',#7607,1.);
#1023=VECTOR('',#7608,1.);
#1024=VECTOR('',#7611,1.);
#1025=VECTOR('',#7614,1.);
#1026=VECTOR('',#7617,1.);
#1027=VECTOR('',#7620,1.);
#1028=VECTOR('',#7623,1.);
#1029=VECTOR('',#7626,1.);
#1030=VECTOR('',#7631,1.);
#1031=VECTOR('',#7632,1.);
#1032=VECTOR('',#7635,1.);
#1033=VECTOR('',#7638,1.);
#1034=VECTOR('',#7641,1.);
#1035=VECTOR('',#7644,1.);
#1036=VECTOR('',#7647,1.);
#1037=VECTOR('',#7650,1.);
#1038=VECTOR('',#7655,1.);
#1039=VECTOR('',#7656,1.);
#1040=VECTOR('',#7659,1.);
#1041=VECTOR('',#7662,1.);
#1042=VECTOR('',#7665,1.);
#1043=VECTOR('',#7668,1.);
#1044=VECTOR('',#7671,1.);
#1045=VECTOR('',#7674,1.);
#1046=VECTOR('',#7679,1.);
#1047=VECTOR('',#7680,1.);
#1048=VECTOR('',#7683,1.);
#1049=VECTOR('',#7686,1.);
#1050=VECTOR('',#7689,1.);
#1051=VECTOR('',#7692,1.);
#1052=VECTOR('',#7695,1.);
#1053=VECTOR('',#7698,1.);
#1054=VECTOR('',#7703,1.);
#1055=VECTOR('',#7704,1.);
#1056=VECTOR('',#7707,1.);
#1057=VECTOR('',#7710,1.);
#1058=VECTOR('',#7713,1.);
#1059=VECTOR('',#7716,1.);
#1060=VECTOR('',#7719,1.);
#1061=VECTOR('',#7722,1.);
#1062=VECTOR('',#7727,1.);
#1063=VECTOR('',#7728,1.);
#1064=VECTOR('',#7731,1.);
#1065=VECTOR('',#7732,1.);
#1066=VECTOR('',#7735,1.);
#1067=VECTOR('',#7736,1.);
#1068=PLANE('',#5583);
#1069=PLANE('',#5584);
#1070=PLANE('',#5717);
#1071=PLANE('',#5850);
#1072=PLANE('',#5851);
#1073=PLANE('',#5852);
#1074=PLANE('',#5853);
#1075=PLANE('',#5854);
#1076=PLANE('',#5855);
#1077=PLANE('',#5856);
#1078=PLANE('',#5857);
#1079=PLANE('',#5866);
#1080=PLANE('',#5868);
#1081=PLANE('',#5870);
#1082=PLANE('',#5872);
#1083=PLANE('',#5874);
#1084=PLANE('',#5876);
#1085=PLANE('',#5878);
#1086=PLANE('',#5880);
#1087=PLANE('',#5882);
#1088=PLANE('',#5884);
#1089=PLANE('',#5886);
#1090=PLANE('',#5888);
#1091=PLANE('',#5890);
#1092=PLANE('',#5892);
#1093=PLANE('',#5894);
#1094=PLANE('',#5896);
#1095=PLANE('',#5898);
#1096=PLANE('',#5900);
#1097=PLANE('',#5902);
#1098=PLANE('',#5904);
#1099=PLANE('',#5906);
#1100=PLANE('',#5908);
#1101=PLANE('',#5910);
#1102=PLANE('',#5912);
#1103=PLANE('',#5914);
#1104=PLANE('',#5916);
#1105=PLANE('',#5918);
#1106=PLANE('',#5920);
#1107=PLANE('',#5922);
#1108=PLANE('',#5924);
#1109=PLANE('',#5926);
#1110=PLANE('',#5928);
#1111=PLANE('',#5930);
#1112=PLANE('',#5932);
#1113=PLANE('',#5934);
#1114=PLANE('',#5936);
#1115=PLANE('',#5938);
#1116=PLANE('',#5940);
#1117=PLANE('',#5942);
#1118=PLANE('',#5944);
#1119=PLANE('',#5946);
#1120=PLANE('',#5948);
#1121=PLANE('',#5950);
#1122=PLANE('',#5952);
#1123=PLANE('',#5954);
#1124=PLANE('',#5956);
#1125=PLANE('',#5958);
#1126=PLANE('',#5960);
#1127=PLANE('',#5962);
#1128=PLANE('',#5964);
#1129=PLANE('',#5966);
#1130=PLANE('',#5968);
#1131=PLANE('',#5970);
#1132=PLANE('',#5972);
#1133=PLANE('',#5974);
#1134=PLANE('',#5976);
#1135=PLANE('',#5978);
#1136=PLANE('',#5980);
#1137=PLANE('',#5982);
#1138=PLANE('',#5984);
#1139=PLANE('',#5986);
#1140=PLANE('',#5988);
#1141=PLANE('',#5990);
#1142=PLANE('',#5992);
#1143=PLANE('',#5994);
#1144=PLANE('',#5996);
#1145=PLANE('',#5998);
#1146=PLANE('',#6000);
#1147=PLANE('',#6002);
#1148=PLANE('',#6004);
#1149=PLANE('',#6006);
#1150=PLANE('',#6008);
#1151=PLANE('',#6010);
#1152=PLANE('',#6012);
#1153=PLANE('',#6014);
#1154=PLANE('',#6016);
#1155=PLANE('',#6018);
#1156=PLANE('',#6020);
#1157=PLANE('',#6022);
#1158=PLANE('',#6024);
#1159=PLANE('',#6026);
#1160=PLANE('',#6028);
#1161=PLANE('',#6030);
#1162=PLANE('',#6032);
#1163=PLANE('',#6034);
#1164=PLANE('',#6036);
#1165=PLANE('',#6038);
#1166=PLANE('',#6040);
#1167=PLANE('',#6042);
#1168=PLANE('',#6044);
#1169=PLANE('',#6046);
#1170=PLANE('',#6048);
#1171=PLANE('',#6050);
#1172=PLANE('',#6052);
#1173=PLANE('',#6054);
#1174=PLANE('',#6056);
#1175=PLANE('',#6058);
#1176=PLANE('',#6060);
#1177=PLANE('',#6062);
#1178=PLANE('',#6064);
#1179=PLANE('',#6066);
#1180=PLANE('',#6068);
#1181=PLANE('',#6070);
#1182=PLANE('',#6072);
#1183=PLANE('',#6074);
#1184=PLANE('',#6076);
#1185=PLANE('',#6078);
#1186=PLANE('',#6080);
#1187=PLANE('',#6082);
#1188=PLANE('',#6084);
#1189=PLANE('',#6086);
#1190=PLANE('',#6088);
#1191=PLANE('',#6090);
#1192=PLANE('',#6092);
#1193=PLANE('',#6094);
#1194=PLANE('',#6096);
#1195=PLANE('',#6098);
#1196=PLANE('',#6100);
#1197=PLANE('',#6102);
#1198=PLANE('',#6104);
#1199=PLANE('',#6106);
#1200=PLANE('',#6107);
#1201=PLANE('',#6108);
#1202=PLANE('',#6113);
#1203=PLANE('',#6114);
#1204=PLANE('',#6115);
#1205=PLANE('',#6116);
#1206=PLANE('',#6117);
#1207=PLANE('',#6118);
#1208=ORIENTED_EDGE('',*,*,#2816,.F.);
#1209=ORIENTED_EDGE('',*,*,#2817,.F.);
#1210=ORIENTED_EDGE('',*,*,#2818,.F.);
#1211=ORIENTED_EDGE('',*,*,#2819,.F.);
#1212=ORIENTED_EDGE('',*,*,#2820,.F.);
#1213=ORIENTED_EDGE('',*,*,#2821,.F.);
#1214=ORIENTED_EDGE('',*,*,#2822,.F.);
#1215=ORIENTED_EDGE('',*,*,#2823,.F.);
#1216=ORIENTED_EDGE('',*,*,#2824,.F.);
#1217=ORIENTED_EDGE('',*,*,#2825,.F.);
#1218=ORIENTED_EDGE('',*,*,#2826,.F.);
#1219=ORIENTED_EDGE('',*,*,#2827,.F.);
#1220=ORIENTED_EDGE('',*,*,#2828,.T.);
#1221=ORIENTED_EDGE('',*,*,#2829,.T.);
#1222=ORIENTED_EDGE('',*,*,#2830,.F.);
#1223=ORIENTED_EDGE('',*,*,#2831,.T.);
#1224=ORIENTED_EDGE('',*,*,#2832,.T.);
#1225=ORIENTED_EDGE('',*,*,#2833,.T.);
#1226=ORIENTED_EDGE('',*,*,#2828,.F.);
#1227=ORIENTED_EDGE('',*,*,#2834,.T.);
#1228=ORIENTED_EDGE('',*,*,#2835,.T.);
#1229=ORIENTED_EDGE('',*,*,#2836,.T.);
#1230=ORIENTED_EDGE('',*,*,#2837,.T.);
#1231=ORIENTED_EDGE('',*,*,#2838,.T.);
#1232=ORIENTED_EDGE('',*,*,#2839,.T.);
#1233=ORIENTED_EDGE('',*,*,#2840,.T.);
#1234=ORIENTED_EDGE('',*,*,#2841,.T.);
#1235=ORIENTED_EDGE('',*,*,#2842,.T.);
#1236=ORIENTED_EDGE('',*,*,#2843,.F.);
#1237=ORIENTED_EDGE('',*,*,#2844,.T.);
#1238=ORIENTED_EDGE('',*,*,#2845,.T.);
#1239=ORIENTED_EDGE('',*,*,#2846,.T.);
#1240=ORIENTED_EDGE('',*,*,#2847,.F.);
#1241=ORIENTED_EDGE('',*,*,#2848,.T.);
#1242=ORIENTED_EDGE('',*,*,#2849,.F.);
#1243=ORIENTED_EDGE('',*,*,#2850,.T.);
#1244=ORIENTED_EDGE('',*,*,#2851,.F.);
#1245=ORIENTED_EDGE('',*,*,#2852,.T.);
#1246=ORIENTED_EDGE('',*,*,#2853,.T.);
#1247=ORIENTED_EDGE('',*,*,#2854,.T.);
#1248=ORIENTED_EDGE('',*,*,#2855,.F.);
#1249=ORIENTED_EDGE('',*,*,#2856,.T.);
#1250=ORIENTED_EDGE('',*,*,#2857,.F.);
#1251=ORIENTED_EDGE('',*,*,#2858,.T.);
#1252=ORIENTED_EDGE('',*,*,#2859,.F.);
#1253=ORIENTED_EDGE('',*,*,#2860,.F.);
#1254=ORIENTED_EDGE('',*,*,#2861,.F.);
#1255=ORIENTED_EDGE('',*,*,#2862,.F.);
#1256=ORIENTED_EDGE('',*,*,#2863,.F.);
#1257=ORIENTED_EDGE('',*,*,#2864,.T.);
#1258=ORIENTED_EDGE('',*,*,#2865,.F.);
#1259=ORIENTED_EDGE('',*,*,#2866,.T.);
#1260=ORIENTED_EDGE('',*,*,#2867,.F.);
#1261=ORIENTED_EDGE('',*,*,#2868,.F.);
#1262=ORIENTED_EDGE('',*,*,#2869,.F.);
#1263=ORIENTED_EDGE('',*,*,#2870,.F.);
#1264=ORIENTED_EDGE('',*,*,#2871,.F.);
#1265=ORIENTED_EDGE('',*,*,#2872,.T.);
#1266=ORIENTED_EDGE('',*,*,#2873,.F.);
#1267=ORIENTED_EDGE('',*,*,#2874,.T.);
#1268=ORIENTED_EDGE('',*,*,#2875,.F.);
#1269=ORIENTED_EDGE('',*,*,#2876,.F.);
#1270=ORIENTED_EDGE('',*,*,#2877,.F.);
#1271=ORIENTED_EDGE('',*,*,#2878,.F.);
#1272=ORIENTED_EDGE('',*,*,#2879,.F.);
#1273=ORIENTED_EDGE('',*,*,#2880,.T.);
#1274=ORIENTED_EDGE('',*,*,#2881,.F.);
#1275=ORIENTED_EDGE('',*,*,#2882,.T.);
#1276=ORIENTED_EDGE('',*,*,#2883,.F.);
#1277=ORIENTED_EDGE('',*,*,#2884,.F.);
#1278=ORIENTED_EDGE('',*,*,#2885,.F.);
#1279=ORIENTED_EDGE('',*,*,#2886,.F.);
#1280=ORIENTED_EDGE('',*,*,#2887,.F.);
#1281=ORIENTED_EDGE('',*,*,#2888,.T.);
#1282=ORIENTED_EDGE('',*,*,#2889,.F.);
#1283=ORIENTED_EDGE('',*,*,#2890,.T.);
#1284=ORIENTED_EDGE('',*,*,#2891,.F.);
#1285=ORIENTED_EDGE('',*,*,#2892,.F.);
#1286=ORIENTED_EDGE('',*,*,#2893,.F.);
#1287=ORIENTED_EDGE('',*,*,#2894,.F.);
#1288=ORIENTED_EDGE('',*,*,#2895,.F.);
#1289=ORIENTED_EDGE('',*,*,#2896,.T.);
#1290=ORIENTED_EDGE('',*,*,#2897,.F.);
#1291=ORIENTED_EDGE('',*,*,#2898,.T.);
#1292=ORIENTED_EDGE('',*,*,#2899,.F.);
#1293=ORIENTED_EDGE('',*,*,#2900,.F.);
#1294=ORIENTED_EDGE('',*,*,#2901,.F.);
#1295=ORIENTED_EDGE('',*,*,#2902,.F.);
#1296=ORIENTED_EDGE('',*,*,#2903,.F.);
#1297=ORIENTED_EDGE('',*,*,#2904,.T.);
#1298=ORIENTED_EDGE('',*,*,#2905,.F.);
#1299=ORIENTED_EDGE('',*,*,#2906,.T.);
#1300=ORIENTED_EDGE('',*,*,#2907,.F.);
#1301=ORIENTED_EDGE('',*,*,#2908,.F.);
#1302=ORIENTED_EDGE('',*,*,#2909,.F.);
#1303=ORIENTED_EDGE('',*,*,#2910,.F.);
#1304=ORIENTED_EDGE('',*,*,#2911,.F.);
#1305=ORIENTED_EDGE('',*,*,#2912,.T.);
#1306=ORIENTED_EDGE('',*,*,#2913,.F.);
#1307=ORIENTED_EDGE('',*,*,#2914,.T.);
#1308=ORIENTED_EDGE('',*,*,#2915,.F.);
#1309=ORIENTED_EDGE('',*,*,#2916,.F.);
#1310=ORIENTED_EDGE('',*,*,#2917,.F.);
#1311=ORIENTED_EDGE('',*,*,#2918,.F.);
#1312=ORIENTED_EDGE('',*,*,#2919,.F.);
#1313=ORIENTED_EDGE('',*,*,#2920,.T.);
#1314=ORIENTED_EDGE('',*,*,#2921,.F.);
#1315=ORIENTED_EDGE('',*,*,#2922,.T.);
#1316=ORIENTED_EDGE('',*,*,#2923,.F.);
#1317=ORIENTED_EDGE('',*,*,#2924,.F.);
#1318=ORIENTED_EDGE('',*,*,#2925,.F.);
#1319=ORIENTED_EDGE('',*,*,#2926,.F.);
#1320=ORIENTED_EDGE('',*,*,#2927,.F.);
#1321=ORIENTED_EDGE('',*,*,#2928,.T.);
#1322=ORIENTED_EDGE('',*,*,#2929,.F.);
#1323=ORIENTED_EDGE('',*,*,#2930,.T.);
#1324=ORIENTED_EDGE('',*,*,#2931,.F.);
#1325=ORIENTED_EDGE('',*,*,#2932,.F.);
#1326=ORIENTED_EDGE('',*,*,#2933,.F.);
#1327=ORIENTED_EDGE('',*,*,#2934,.F.);
#1328=ORIENTED_EDGE('',*,*,#2935,.F.);
#1329=ORIENTED_EDGE('',*,*,#2936,.T.);
#1330=ORIENTED_EDGE('',*,*,#2937,.F.);
#1331=ORIENTED_EDGE('',*,*,#2938,.T.);
#1332=ORIENTED_EDGE('',*,*,#2939,.F.);
#1333=ORIENTED_EDGE('',*,*,#2940,.F.);
#1334=ORIENTED_EDGE('',*,*,#2941,.F.);
#1335=ORIENTED_EDGE('',*,*,#2942,.F.);
#1336=ORIENTED_EDGE('',*,*,#2943,.F.);
#1337=ORIENTED_EDGE('',*,*,#2944,.T.);
#1338=ORIENTED_EDGE('',*,*,#2945,.F.);
#1339=ORIENTED_EDGE('',*,*,#2946,.T.);
#1340=ORIENTED_EDGE('',*,*,#2947,.F.);
#1341=ORIENTED_EDGE('',*,*,#2948,.F.);
#1342=ORIENTED_EDGE('',*,*,#2949,.F.);
#1343=ORIENTED_EDGE('',*,*,#2950,.F.);
#1344=ORIENTED_EDGE('',*,*,#2951,.F.);
#1345=ORIENTED_EDGE('',*,*,#2952,.T.);
#1346=ORIENTED_EDGE('',*,*,#2953,.F.);
#1347=ORIENTED_EDGE('',*,*,#2954,.T.);
#1348=ORIENTED_EDGE('',*,*,#2955,.F.);
#1349=ORIENTED_EDGE('',*,*,#2956,.F.);
#1350=ORIENTED_EDGE('',*,*,#2957,.F.);
#1351=ORIENTED_EDGE('',*,*,#2958,.F.);
#1352=ORIENTED_EDGE('',*,*,#2959,.F.);
#1353=ORIENTED_EDGE('',*,*,#2960,.T.);
#1354=ORIENTED_EDGE('',*,*,#2961,.F.);
#1355=ORIENTED_EDGE('',*,*,#2962,.T.);
#1356=ORIENTED_EDGE('',*,*,#2963,.F.);
#1357=ORIENTED_EDGE('',*,*,#2964,.F.);
#1358=ORIENTED_EDGE('',*,*,#2965,.F.);
#1359=ORIENTED_EDGE('',*,*,#2966,.F.);
#1360=ORIENTED_EDGE('',*,*,#2967,.F.);
#1361=ORIENTED_EDGE('',*,*,#2968,.T.);
#1362=ORIENTED_EDGE('',*,*,#2969,.F.);
#1363=ORIENTED_EDGE('',*,*,#2970,.T.);
#1364=ORIENTED_EDGE('',*,*,#2971,.F.);
#1365=ORIENTED_EDGE('',*,*,#2972,.F.);
#1366=ORIENTED_EDGE('',*,*,#2973,.F.);
#1367=ORIENTED_EDGE('',*,*,#2974,.F.);
#1368=ORIENTED_EDGE('',*,*,#2975,.F.);
#1369=ORIENTED_EDGE('',*,*,#2976,.T.);
#1370=ORIENTED_EDGE('',*,*,#2977,.F.);
#1371=ORIENTED_EDGE('',*,*,#2978,.T.);
#1372=ORIENTED_EDGE('',*,*,#2979,.F.);
#1373=ORIENTED_EDGE('',*,*,#2980,.F.);
#1374=ORIENTED_EDGE('',*,*,#2981,.F.);
#1375=ORIENTED_EDGE('',*,*,#2982,.F.);
#1376=ORIENTED_EDGE('',*,*,#2983,.F.);
#1377=ORIENTED_EDGE('',*,*,#2984,.T.);
#1378=ORIENTED_EDGE('',*,*,#2985,.F.);
#1379=ORIENTED_EDGE('',*,*,#2986,.T.);
#1380=ORIENTED_EDGE('',*,*,#2987,.F.);
#1381=ORIENTED_EDGE('',*,*,#2988,.F.);
#1382=ORIENTED_EDGE('',*,*,#2989,.F.);
#1383=ORIENTED_EDGE('',*,*,#2990,.F.);
#1384=ORIENTED_EDGE('',*,*,#2991,.F.);
#1385=ORIENTED_EDGE('',*,*,#2992,.T.);
#1386=ORIENTED_EDGE('',*,*,#2993,.F.);
#1387=ORIENTED_EDGE('',*,*,#2994,.T.);
#1388=ORIENTED_EDGE('',*,*,#2995,.F.);
#1389=ORIENTED_EDGE('',*,*,#2996,.F.);
#1390=ORIENTED_EDGE('',*,*,#2997,.F.);
#1391=ORIENTED_EDGE('',*,*,#2998,.F.);
#1392=ORIENTED_EDGE('',*,*,#2999,.F.);
#1393=ORIENTED_EDGE('',*,*,#3000,.T.);
#1394=ORIENTED_EDGE('',*,*,#3001,.F.);
#1395=ORIENTED_EDGE('',*,*,#3002,.T.);
#1396=ORIENTED_EDGE('',*,*,#3003,.F.);
#1397=ORIENTED_EDGE('',*,*,#3004,.F.);
#1398=ORIENTED_EDGE('',*,*,#3005,.F.);
#1399=ORIENTED_EDGE('',*,*,#3006,.F.);
#1400=ORIENTED_EDGE('',*,*,#3007,.F.);
#1401=ORIENTED_EDGE('',*,*,#3008,.T.);
#1402=ORIENTED_EDGE('',*,*,#3009,.F.);
#1403=ORIENTED_EDGE('',*,*,#3010,.T.);
#1404=ORIENTED_EDGE('',*,*,#3011,.F.);
#1405=ORIENTED_EDGE('',*,*,#3012,.F.);
#1406=ORIENTED_EDGE('',*,*,#3013,.F.);
#1407=ORIENTED_EDGE('',*,*,#3014,.F.);
#1408=ORIENTED_EDGE('',*,*,#3015,.F.);
#1409=ORIENTED_EDGE('',*,*,#3016,.T.);
#1410=ORIENTED_EDGE('',*,*,#3017,.F.);
#1411=ORIENTED_EDGE('',*,*,#3018,.T.);
#1412=ORIENTED_EDGE('',*,*,#3019,.F.);
#1413=ORIENTED_EDGE('',*,*,#3020,.F.);
#1414=ORIENTED_EDGE('',*,*,#3021,.F.);
#1415=ORIENTED_EDGE('',*,*,#3022,.F.);
#1416=ORIENTED_EDGE('',*,*,#3023,.F.);
#1417=ORIENTED_EDGE('',*,*,#3024,.T.);
#1418=ORIENTED_EDGE('',*,*,#3025,.F.);
#1419=ORIENTED_EDGE('',*,*,#3026,.T.);
#1420=ORIENTED_EDGE('',*,*,#3027,.F.);
#1421=ORIENTED_EDGE('',*,*,#3028,.F.);
#1422=ORIENTED_EDGE('',*,*,#3029,.F.);
#1423=ORIENTED_EDGE('',*,*,#3030,.F.);
#1424=ORIENTED_EDGE('',*,*,#3031,.F.);
#1425=ORIENTED_EDGE('',*,*,#3032,.T.);
#1426=ORIENTED_EDGE('',*,*,#3033,.F.);
#1427=ORIENTED_EDGE('',*,*,#3034,.T.);
#1428=ORIENTED_EDGE('',*,*,#3035,.F.);
#1429=ORIENTED_EDGE('',*,*,#3036,.F.);
#1430=ORIENTED_EDGE('',*,*,#3037,.F.);
#1431=ORIENTED_EDGE('',*,*,#3038,.F.);
#1432=ORIENTED_EDGE('',*,*,#3039,.F.);
#1433=ORIENTED_EDGE('',*,*,#3040,.T.);
#1434=ORIENTED_EDGE('',*,*,#3041,.F.);
#1435=ORIENTED_EDGE('',*,*,#3042,.T.);
#1436=ORIENTED_EDGE('',*,*,#3043,.F.);
#1437=ORIENTED_EDGE('',*,*,#3044,.F.);
#1438=ORIENTED_EDGE('',*,*,#3045,.F.);
#1439=ORIENTED_EDGE('',*,*,#3046,.F.);
#1440=ORIENTED_EDGE('',*,*,#3047,.F.);
#1441=ORIENTED_EDGE('',*,*,#3048,.T.);
#1442=ORIENTED_EDGE('',*,*,#3049,.F.);
#1443=ORIENTED_EDGE('',*,*,#3050,.T.);
#1444=ORIENTED_EDGE('',*,*,#3051,.F.);
#1445=ORIENTED_EDGE('',*,*,#3052,.F.);
#1446=ORIENTED_EDGE('',*,*,#3053,.F.);
#1447=ORIENTED_EDGE('',*,*,#3054,.F.);
#1448=ORIENTED_EDGE('',*,*,#3055,.F.);
#1449=ORIENTED_EDGE('',*,*,#3056,.T.);
#1450=ORIENTED_EDGE('',*,*,#3057,.F.);
#1451=ORIENTED_EDGE('',*,*,#3058,.T.);
#1452=ORIENTED_EDGE('',*,*,#3059,.F.);
#1453=ORIENTED_EDGE('',*,*,#3060,.F.);
#1454=ORIENTED_EDGE('',*,*,#3061,.F.);
#1455=ORIENTED_EDGE('',*,*,#3062,.F.);
#1456=ORIENTED_EDGE('',*,*,#3063,.F.);
#1457=ORIENTED_EDGE('',*,*,#3064,.T.);
#1458=ORIENTED_EDGE('',*,*,#3065,.F.);
#1459=ORIENTED_EDGE('',*,*,#3066,.T.);
#1460=ORIENTED_EDGE('',*,*,#3067,.F.);
#1461=ORIENTED_EDGE('',*,*,#3068,.F.);
#1462=ORIENTED_EDGE('',*,*,#3069,.F.);
#1463=ORIENTED_EDGE('',*,*,#3070,.F.);
#1464=ORIENTED_EDGE('',*,*,#3071,.F.);
#1465=ORIENTED_EDGE('',*,*,#3072,.T.);
#1466=ORIENTED_EDGE('',*,*,#3073,.F.);
#1467=ORIENTED_EDGE('',*,*,#3074,.T.);
#1468=ORIENTED_EDGE('',*,*,#3075,.F.);
#1469=ORIENTED_EDGE('',*,*,#3076,.F.);
#1470=ORIENTED_EDGE('',*,*,#3077,.F.);
#1471=ORIENTED_EDGE('',*,*,#3078,.F.);
#1472=ORIENTED_EDGE('',*,*,#3079,.F.);
#1473=ORIENTED_EDGE('',*,*,#3080,.T.);
#1474=ORIENTED_EDGE('',*,*,#3081,.F.);
#1475=ORIENTED_EDGE('',*,*,#3082,.T.);
#1476=ORIENTED_EDGE('',*,*,#3083,.F.);
#1477=ORIENTED_EDGE('',*,*,#3084,.F.);
#1478=ORIENTED_EDGE('',*,*,#3085,.F.);
#1479=ORIENTED_EDGE('',*,*,#3086,.F.);
#1480=ORIENTED_EDGE('',*,*,#3087,.F.);
#1481=ORIENTED_EDGE('',*,*,#3088,.T.);
#1482=ORIENTED_EDGE('',*,*,#3089,.F.);
#1483=ORIENTED_EDGE('',*,*,#3090,.T.);
#1484=ORIENTED_EDGE('',*,*,#3091,.F.);
#1485=ORIENTED_EDGE('',*,*,#3092,.F.);
#1486=ORIENTED_EDGE('',*,*,#3093,.F.);
#1487=ORIENTED_EDGE('',*,*,#3094,.F.);
#1488=ORIENTED_EDGE('',*,*,#2830,.T.);
#1489=ORIENTED_EDGE('',*,*,#3095,.T.);
#1490=ORIENTED_EDGE('',*,*,#3096,.F.);
#1491=ORIENTED_EDGE('',*,*,#3097,.T.);
#1492=ORIENTED_EDGE('',*,*,#3098,.F.);
#1493=ORIENTED_EDGE('',*,*,#3099,.T.);
#1494=ORIENTED_EDGE('',*,*,#3100,.T.);
#1495=ORIENTED_EDGE('',*,*,#3101,.T.);
#1496=ORIENTED_EDGE('',*,*,#3102,.T.);
#1497=ORIENTED_EDGE('',*,*,#3103,.T.);
#1498=ORIENTED_EDGE('',*,*,#3104,.T.);
#1499=ORIENTED_EDGE('',*,*,#3105,.T.);
#1500=ORIENTED_EDGE('',*,*,#3106,.F.);
#1501=ORIENTED_EDGE('',*,*,#3107,.T.);
#1502=ORIENTED_EDGE('',*,*,#3108,.T.);
#1503=ORIENTED_EDGE('',*,*,#3109,.T.);
#1504=ORIENTED_EDGE('',*,*,#3110,.F.);
#1505=ORIENTED_EDGE('',*,*,#3111,.T.);
#1506=ORIENTED_EDGE('',*,*,#3112,.F.);
#1507=ORIENTED_EDGE('',*,*,#3113,.T.);
#1508=ORIENTED_EDGE('',*,*,#3114,.F.);
#1509=ORIENTED_EDGE('',*,*,#3115,.T.);
#1510=ORIENTED_EDGE('',*,*,#3116,.F.);
#1511=ORIENTED_EDGE('',*,*,#3117,.T.);
#1512=ORIENTED_EDGE('',*,*,#3118,.F.);
#1513=ORIENTED_EDGE('',*,*,#3119,.T.);
#1514=ORIENTED_EDGE('',*,*,#3120,.T.);
#1515=ORIENTED_EDGE('',*,*,#3121,.T.);
#1516=ORIENTED_EDGE('',*,*,#3122,.T.);
#1517=ORIENTED_EDGE('',*,*,#3123,.T.);
#1518=ORIENTED_EDGE('',*,*,#3124,.F.);
#1519=ORIENTED_EDGE('',*,*,#3125,.T.);
#1520=ORIENTED_EDGE('',*,*,#3126,.F.);
#1521=ORIENTED_EDGE('',*,*,#3127,.T.);
#1522=ORIENTED_EDGE('',*,*,#3128,.T.);
#1523=ORIENTED_EDGE('',*,*,#3129,.T.);
#1524=ORIENTED_EDGE('',*,*,#3130,.T.);
#1525=ORIENTED_EDGE('',*,*,#3131,.T.);
#1526=ORIENTED_EDGE('',*,*,#3132,.F.);
#1527=ORIENTED_EDGE('',*,*,#3133,.T.);
#1528=ORIENTED_EDGE('',*,*,#3134,.F.);
#1529=ORIENTED_EDGE('',*,*,#3135,.T.);
#1530=ORIENTED_EDGE('',*,*,#3136,.T.);
#1531=ORIENTED_EDGE('',*,*,#3137,.T.);
#1532=ORIENTED_EDGE('',*,*,#3138,.T.);
#1533=ORIENTED_EDGE('',*,*,#3139,.T.);
#1534=ORIENTED_EDGE('',*,*,#3140,.F.);
#1535=ORIENTED_EDGE('',*,*,#3141,.T.);
#1536=ORIENTED_EDGE('',*,*,#3142,.F.);
#1537=ORIENTED_EDGE('',*,*,#3143,.T.);
#1538=ORIENTED_EDGE('',*,*,#3144,.T.);
#1539=ORIENTED_EDGE('',*,*,#3145,.T.);
#1540=ORIENTED_EDGE('',*,*,#3146,.T.);
#1541=ORIENTED_EDGE('',*,*,#3147,.T.);
#1542=ORIENTED_EDGE('',*,*,#3148,.F.);
#1543=ORIENTED_EDGE('',*,*,#3149,.T.);
#1544=ORIENTED_EDGE('',*,*,#3150,.F.);
#1545=ORIENTED_EDGE('',*,*,#3151,.T.);
#1546=ORIENTED_EDGE('',*,*,#3152,.T.);
#1547=ORIENTED_EDGE('',*,*,#3153,.T.);
#1548=ORIENTED_EDGE('',*,*,#3154,.T.);
#1549=ORIENTED_EDGE('',*,*,#3155,.T.);
#1550=ORIENTED_EDGE('',*,*,#3156,.F.);
#1551=ORIENTED_EDGE('',*,*,#3157,.T.);
#1552=ORIENTED_EDGE('',*,*,#3158,.F.);
#1553=ORIENTED_EDGE('',*,*,#3159,.T.);
#1554=ORIENTED_EDGE('',*,*,#3160,.T.);
#1555=ORIENTED_EDGE('',*,*,#3161,.T.);
#1556=ORIENTED_EDGE('',*,*,#3162,.T.);
#1557=ORIENTED_EDGE('',*,*,#3163,.T.);
#1558=ORIENTED_EDGE('',*,*,#3164,.F.);
#1559=ORIENTED_EDGE('',*,*,#3165,.T.);
#1560=ORIENTED_EDGE('',*,*,#3166,.F.);
#1561=ORIENTED_EDGE('',*,*,#3167,.T.);
#1562=ORIENTED_EDGE('',*,*,#3168,.T.);
#1563=ORIENTED_EDGE('',*,*,#3169,.T.);
#1564=ORIENTED_EDGE('',*,*,#3170,.T.);
#1565=ORIENTED_EDGE('',*,*,#3171,.T.);
#1566=ORIENTED_EDGE('',*,*,#3172,.F.);
#1567=ORIENTED_EDGE('',*,*,#3173,.T.);
#1568=ORIENTED_EDGE('',*,*,#3174,.F.);
#1569=ORIENTED_EDGE('',*,*,#3175,.T.);
#1570=ORIENTED_EDGE('',*,*,#3176,.T.);
#1571=ORIENTED_EDGE('',*,*,#3177,.T.);
#1572=ORIENTED_EDGE('',*,*,#3178,.T.);
#1573=ORIENTED_EDGE('',*,*,#3179,.T.);
#1574=ORIENTED_EDGE('',*,*,#3180,.F.);
#1575=ORIENTED_EDGE('',*,*,#3181,.T.);
#1576=ORIENTED_EDGE('',*,*,#3182,.F.);
#1577=ORIENTED_EDGE('',*,*,#3183,.T.);
#1578=ORIENTED_EDGE('',*,*,#3184,.T.);
#1579=ORIENTED_EDGE('',*,*,#3185,.T.);
#1580=ORIENTED_EDGE('',*,*,#3186,.T.);
#1581=ORIENTED_EDGE('',*,*,#3187,.T.);
#1582=ORIENTED_EDGE('',*,*,#3188,.F.);
#1583=ORIENTED_EDGE('',*,*,#3189,.T.);
#1584=ORIENTED_EDGE('',*,*,#3190,.F.);
#1585=ORIENTED_EDGE('',*,*,#3191,.T.);
#1586=ORIENTED_EDGE('',*,*,#3192,.T.);
#1587=ORIENTED_EDGE('',*,*,#3193,.T.);
#1588=ORIENTED_EDGE('',*,*,#3194,.T.);
#1589=ORIENTED_EDGE('',*,*,#3195,.T.);
#1590=ORIENTED_EDGE('',*,*,#3196,.F.);
#1591=ORIENTED_EDGE('',*,*,#3197,.T.);
#1592=ORIENTED_EDGE('',*,*,#3198,.F.);
#1593=ORIENTED_EDGE('',*,*,#3199,.T.);
#1594=ORIENTED_EDGE('',*,*,#3200,.T.);
#1595=ORIENTED_EDGE('',*,*,#3201,.T.);
#1596=ORIENTED_EDGE('',*,*,#3202,.T.);
#1597=ORIENTED_EDGE('',*,*,#3203,.T.);
#1598=ORIENTED_EDGE('',*,*,#3204,.F.);
#1599=ORIENTED_EDGE('',*,*,#3205,.T.);
#1600=ORIENTED_EDGE('',*,*,#3206,.F.);
#1601=ORIENTED_EDGE('',*,*,#3207,.T.);
#1602=ORIENTED_EDGE('',*,*,#3208,.T.);
#1603=ORIENTED_EDGE('',*,*,#3209,.T.);
#1604=ORIENTED_EDGE('',*,*,#3210,.T.);
#1605=ORIENTED_EDGE('',*,*,#3211,.T.);
#1606=ORIENTED_EDGE('',*,*,#3212,.F.);
#1607=ORIENTED_EDGE('',*,*,#3213,.T.);
#1608=ORIENTED_EDGE('',*,*,#3214,.F.);
#1609=ORIENTED_EDGE('',*,*,#3215,.T.);
#1610=ORIENTED_EDGE('',*,*,#3216,.T.);
#1611=ORIENTED_EDGE('',*,*,#3217,.T.);
#1612=ORIENTED_EDGE('',*,*,#3218,.T.);
#1613=ORIENTED_EDGE('',*,*,#3219,.T.);
#1614=ORIENTED_EDGE('',*,*,#3220,.F.);
#1615=ORIENTED_EDGE('',*,*,#3221,.T.);
#1616=ORIENTED_EDGE('',*,*,#3222,.F.);
#1617=ORIENTED_EDGE('',*,*,#3223,.T.);
#1618=ORIENTED_EDGE('',*,*,#3224,.T.);
#1619=ORIENTED_EDGE('',*,*,#3225,.T.);
#1620=ORIENTED_EDGE('',*,*,#3226,.T.);
#1621=ORIENTED_EDGE('',*,*,#3227,.T.);
#1622=ORIENTED_EDGE('',*,*,#3228,.F.);
#1623=ORIENTED_EDGE('',*,*,#3229,.T.);
#1624=ORIENTED_EDGE('',*,*,#3230,.F.);
#1625=ORIENTED_EDGE('',*,*,#3231,.T.);
#1626=ORIENTED_EDGE('',*,*,#3232,.T.);
#1627=ORIENTED_EDGE('',*,*,#3233,.T.);
#1628=ORIENTED_EDGE('',*,*,#3234,.T.);
#1629=ORIENTED_EDGE('',*,*,#3235,.T.);
#1630=ORIENTED_EDGE('',*,*,#3236,.F.);
#1631=ORIENTED_EDGE('',*,*,#3237,.T.);
#1632=ORIENTED_EDGE('',*,*,#2826,.T.);
#1633=ORIENTED_EDGE('',*,*,#2824,.T.);
#1634=ORIENTED_EDGE('',*,*,#2822,.T.);
#1635=ORIENTED_EDGE('',*,*,#2820,.T.);
#1636=ORIENTED_EDGE('',*,*,#2818,.T.);
#1637=ORIENTED_EDGE('',*,*,#2816,.T.);
#1638=ORIENTED_EDGE('',*,*,#3238,.F.);
#1639=ORIENTED_EDGE('',*,*,#3239,.T.);
#1640=ORIENTED_EDGE('',*,*,#3240,.T.);
#1641=ORIENTED_EDGE('',*,*,#3241,.T.);
#1642=ORIENTED_EDGE('',*,*,#3242,.T.);
#1643=ORIENTED_EDGE('',*,*,#3243,.T.);
#1644=ORIENTED_EDGE('',*,*,#3244,.F.);
#1645=ORIENTED_EDGE('',*,*,#3245,.T.);
#1646=ORIENTED_EDGE('',*,*,#3246,.F.);
#1647=ORIENTED_EDGE('',*,*,#3247,.T.);
#1648=ORIENTED_EDGE('',*,*,#3248,.T.);
#1649=ORIENTED_EDGE('',*,*,#3249,.T.);
#1650=ORIENTED_EDGE('',*,*,#3250,.T.);
#1651=ORIENTED_EDGE('',*,*,#3251,.T.);
#1652=ORIENTED_EDGE('',*,*,#3252,.F.);
#1653=ORIENTED_EDGE('',*,*,#3253,.T.);
#1654=ORIENTED_EDGE('',*,*,#3254,.F.);
#1655=ORIENTED_EDGE('',*,*,#3255,.T.);
#1656=ORIENTED_EDGE('',*,*,#3256,.T.);
#1657=ORIENTED_EDGE('',*,*,#3257,.T.);
#1658=ORIENTED_EDGE('',*,*,#3258,.T.);
#1659=ORIENTED_EDGE('',*,*,#3259,.T.);
#1660=ORIENTED_EDGE('',*,*,#3260,.F.);
#1661=ORIENTED_EDGE('',*,*,#3261,.T.);
#1662=ORIENTED_EDGE('',*,*,#3262,.F.);
#1663=ORIENTED_EDGE('',*,*,#3263,.T.);
#1664=ORIENTED_EDGE('',*,*,#3264,.T.);
#1665=ORIENTED_EDGE('',*,*,#3265,.T.);
#1666=ORIENTED_EDGE('',*,*,#3266,.T.);
#1667=ORIENTED_EDGE('',*,*,#3267,.T.);
#1668=ORIENTED_EDGE('',*,*,#3268,.F.);
#1669=ORIENTED_EDGE('',*,*,#3269,.T.);
#1670=ORIENTED_EDGE('',*,*,#3270,.F.);
#1671=ORIENTED_EDGE('',*,*,#3271,.T.);
#1672=ORIENTED_EDGE('',*,*,#3272,.T.);
#1673=ORIENTED_EDGE('',*,*,#3273,.T.);
#1674=ORIENTED_EDGE('',*,*,#3274,.T.);
#1675=ORIENTED_EDGE('',*,*,#3275,.T.);
#1676=ORIENTED_EDGE('',*,*,#3276,.F.);
#1677=ORIENTED_EDGE('',*,*,#3277,.T.);
#1678=ORIENTED_EDGE('',*,*,#3278,.F.);
#1679=ORIENTED_EDGE('',*,*,#3279,.T.);
#1680=ORIENTED_EDGE('',*,*,#3280,.T.);
#1681=ORIENTED_EDGE('',*,*,#3281,.T.);
#1682=ORIENTED_EDGE('',*,*,#3282,.T.);
#1683=ORIENTED_EDGE('',*,*,#3283,.T.);
#1684=ORIENTED_EDGE('',*,*,#3284,.F.);
#1685=ORIENTED_EDGE('',*,*,#3285,.T.);
#1686=ORIENTED_EDGE('',*,*,#3286,.F.);
#1687=ORIENTED_EDGE('',*,*,#3287,.T.);
#1688=ORIENTED_EDGE('',*,*,#3288,.T.);
#1689=ORIENTED_EDGE('',*,*,#3289,.T.);
#1690=ORIENTED_EDGE('',*,*,#3290,.T.);
#1691=ORIENTED_EDGE('',*,*,#3291,.T.);
#1692=ORIENTED_EDGE('',*,*,#3292,.F.);
#1693=ORIENTED_EDGE('',*,*,#3293,.T.);
#1694=ORIENTED_EDGE('',*,*,#3294,.F.);
#1695=ORIENTED_EDGE('',*,*,#3295,.T.);
#1696=ORIENTED_EDGE('',*,*,#3296,.T.);
#1697=ORIENTED_EDGE('',*,*,#3297,.T.);
#1698=ORIENTED_EDGE('',*,*,#3298,.T.);
#1699=ORIENTED_EDGE('',*,*,#3299,.T.);
#1700=ORIENTED_EDGE('',*,*,#3300,.F.);
#1701=ORIENTED_EDGE('',*,*,#3301,.T.);
#1702=ORIENTED_EDGE('',*,*,#3302,.F.);
#1703=ORIENTED_EDGE('',*,*,#3303,.T.);
#1704=ORIENTED_EDGE('',*,*,#3304,.T.);
#1705=ORIENTED_EDGE('',*,*,#3305,.T.);
#1706=ORIENTED_EDGE('',*,*,#3306,.T.);
#1707=ORIENTED_EDGE('',*,*,#3307,.T.);
#1708=ORIENTED_EDGE('',*,*,#3308,.F.);
#1709=ORIENTED_EDGE('',*,*,#3309,.T.);
#1710=ORIENTED_EDGE('',*,*,#3310,.F.);
#1711=ORIENTED_EDGE('',*,*,#3311,.T.);
#1712=ORIENTED_EDGE('',*,*,#3312,.T.);
#1713=ORIENTED_EDGE('',*,*,#3313,.T.);
#1714=ORIENTED_EDGE('',*,*,#3314,.T.);
#1715=ORIENTED_EDGE('',*,*,#3315,.T.);
#1716=ORIENTED_EDGE('',*,*,#3316,.F.);
#1717=ORIENTED_EDGE('',*,*,#3317,.T.);
#1718=ORIENTED_EDGE('',*,*,#3318,.F.);
#1719=ORIENTED_EDGE('',*,*,#3319,.T.);
#1720=ORIENTED_EDGE('',*,*,#3320,.T.);
#1721=ORIENTED_EDGE('',*,*,#3321,.T.);
#1722=ORIENTED_EDGE('',*,*,#3322,.T.);
#1723=ORIENTED_EDGE('',*,*,#3323,.T.);
#1724=ORIENTED_EDGE('',*,*,#3324,.F.);
#1725=ORIENTED_EDGE('',*,*,#3325,.T.);
#1726=ORIENTED_EDGE('',*,*,#3326,.F.);
#1727=ORIENTED_EDGE('',*,*,#3327,.T.);
#1728=ORIENTED_EDGE('',*,*,#3328,.T.);
#1729=ORIENTED_EDGE('',*,*,#3329,.T.);
#1730=ORIENTED_EDGE('',*,*,#3330,.T.);
#1731=ORIENTED_EDGE('',*,*,#3331,.T.);
#1732=ORIENTED_EDGE('',*,*,#3332,.F.);
#1733=ORIENTED_EDGE('',*,*,#3333,.T.);
#1734=ORIENTED_EDGE('',*,*,#3334,.F.);
#1735=ORIENTED_EDGE('',*,*,#3335,.T.);
#1736=ORIENTED_EDGE('',*,*,#3336,.T.);
#1737=ORIENTED_EDGE('',*,*,#3337,.T.);
#1738=ORIENTED_EDGE('',*,*,#3338,.T.);
#1739=ORIENTED_EDGE('',*,*,#3339,.T.);
#1740=ORIENTED_EDGE('',*,*,#3340,.F.);
#1741=ORIENTED_EDGE('',*,*,#3341,.T.);
#1742=ORIENTED_EDGE('',*,*,#3342,.F.);
#1743=ORIENTED_EDGE('',*,*,#3343,.T.);
#1744=ORIENTED_EDGE('',*,*,#3344,.T.);
#1745=ORIENTED_EDGE('',*,*,#3345,.T.);
#1746=ORIENTED_EDGE('',*,*,#3346,.T.);
#1747=ORIENTED_EDGE('',*,*,#3347,.T.);
#1748=ORIENTED_EDGE('',*,*,#3348,.F.);
#1749=ORIENTED_EDGE('',*,*,#3349,.T.);
#1750=ORIENTED_EDGE('',*,*,#3350,.F.);
#1751=ORIENTED_EDGE('',*,*,#3351,.T.);
#1752=ORIENTED_EDGE('',*,*,#3352,.T.);
#1753=ORIENTED_EDGE('',*,*,#3353,.T.);
#1754=ORIENTED_EDGE('',*,*,#3354,.T.);
#1755=ORIENTED_EDGE('',*,*,#3355,.T.);
#1756=ORIENTED_EDGE('',*,*,#3356,.F.);
#1757=ORIENTED_EDGE('',*,*,#3357,.T.);
#1758=ORIENTED_EDGE('',*,*,#3108,.F.);
#1759=ORIENTED_EDGE('',*,*,#3358,.T.);
#1760=ORIENTED_EDGE('',*,*,#2843,.T.);
#1761=ORIENTED_EDGE('',*,*,#3359,.T.);
#1762=ORIENTED_EDGE('',*,*,#3106,.T.);
#1763=ORIENTED_EDGE('',*,*,#3360,.T.);
#1764=ORIENTED_EDGE('',*,*,#2845,.F.);
#1765=ORIENTED_EDGE('',*,*,#3361,.T.);
#1766=ORIENTED_EDGE('',*,*,#3104,.F.);
#1767=ORIENTED_EDGE('',*,*,#3362,.T.);
#1768=ORIENTED_EDGE('',*,*,#2847,.T.);
#1769=ORIENTED_EDGE('',*,*,#3363,.T.);
#1770=ORIENTED_EDGE('',*,*,#3102,.F.);
#1771=ORIENTED_EDGE('',*,*,#3364,.T.);
#1772=ORIENTED_EDGE('',*,*,#2849,.T.);
#1773=ORIENTED_EDGE('',*,*,#3365,.T.);
#1774=ORIENTED_EDGE('',*,*,#3116,.T.);
#1775=ORIENTED_EDGE('',*,*,#3366,.T.);
#1776=ORIENTED_EDGE('',*,*,#2835,.F.);
#1777=ORIENTED_EDGE('',*,*,#3367,.T.);
#1778=ORIENTED_EDGE('',*,*,#3114,.T.);
#1779=ORIENTED_EDGE('',*,*,#3368,.T.);
#1780=ORIENTED_EDGE('',*,*,#2837,.F.);
#1781=ORIENTED_EDGE('',*,*,#3369,.T.);
#1782=ORIENTED_EDGE('',*,*,#3112,.T.);
#1783=ORIENTED_EDGE('',*,*,#3370,.T.);
#1784=ORIENTED_EDGE('',*,*,#2839,.F.);
#1785=ORIENTED_EDGE('',*,*,#3371,.T.);
#1786=ORIENTED_EDGE('',*,*,#3110,.T.);
#1787=ORIENTED_EDGE('',*,*,#3372,.T.);
#1788=ORIENTED_EDGE('',*,*,#2841,.F.);
#1789=ORIENTED_EDGE('',*,*,#3373,.T.);
#1790=ORIENTED_EDGE('',*,*,#2848,.F.);
#1791=ORIENTED_EDGE('',*,*,#3362,.F.);
#1792=ORIENTED_EDGE('',*,*,#3103,.F.);
#1793=ORIENTED_EDGE('',*,*,#3365,.F.);
#1794=ORIENTED_EDGE('',*,*,#2846,.F.);
#1795=ORIENTED_EDGE('',*,*,#3360,.F.);
#1796=ORIENTED_EDGE('',*,*,#3105,.F.);
#1797=ORIENTED_EDGE('',*,*,#3363,.F.);
#1798=ORIENTED_EDGE('',*,*,#2844,.F.);
#1799=ORIENTED_EDGE('',*,*,#3358,.F.);
#1800=ORIENTED_EDGE('',*,*,#3107,.F.);
#1801=ORIENTED_EDGE('',*,*,#3361,.F.);
#1802=ORIENTED_EDGE('',*,*,#2842,.F.);
#1803=ORIENTED_EDGE('',*,*,#3372,.F.);
#1804=ORIENTED_EDGE('',*,*,#3109,.F.);
#1805=ORIENTED_EDGE('',*,*,#3359,.F.);
#1806=ORIENTED_EDGE('',*,*,#2840,.F.);
#1807=ORIENTED_EDGE('',*,*,#3370,.F.);
#1808=ORIENTED_EDGE('',*,*,#3111,.F.);
#1809=ORIENTED_EDGE('',*,*,#3373,.F.);
#1810=ORIENTED_EDGE('',*,*,#2838,.F.);
#1811=ORIENTED_EDGE('',*,*,#3368,.F.);
#1812=ORIENTED_EDGE('',*,*,#3113,.F.);
#1813=ORIENTED_EDGE('',*,*,#3371,.F.);
#1814=ORIENTED_EDGE('',*,*,#2836,.F.);
#1815=ORIENTED_EDGE('',*,*,#3366,.F.);
#1816=ORIENTED_EDGE('',*,*,#3115,.F.);
#1817=ORIENTED_EDGE('',*,*,#3369,.F.);
#1818=ORIENTED_EDGE('',*,*,#2834,.F.);
#1819=ORIENTED_EDGE('',*,*,#2831,.F.);
#1820=ORIENTED_EDGE('',*,*,#3117,.F.);
#1821=ORIENTED_EDGE('',*,*,#3367,.F.);
#1822=ORIENTED_EDGE('',*,*,#3230,.T.);
#1823=ORIENTED_EDGE('',*,*,#3374,.T.);
#1824=ORIENTED_EDGE('',*,*,#2856,.F.);
#1825=ORIENTED_EDGE('',*,*,#3375,.F.);
#1826=ORIENTED_EDGE('',*,*,#3375,.T.);
#1827=ORIENTED_EDGE('',*,*,#2855,.T.);
#1828=ORIENTED_EDGE('',*,*,#3376,.F.);
#1829=ORIENTED_EDGE('',*,*,#3231,.F.);
#1830=ORIENTED_EDGE('',*,*,#3376,.T.);
#1831=ORIENTED_EDGE('',*,*,#2862,.T.);
#1832=ORIENTED_EDGE('',*,*,#3377,.F.);
#1833=ORIENTED_EDGE('',*,*,#3232,.F.);
#1834=ORIENTED_EDGE('',*,*,#3377,.T.);
#1835=ORIENTED_EDGE('',*,*,#2861,.T.);
#1836=ORIENTED_EDGE('',*,*,#3378,.F.);
#1837=ORIENTED_EDGE('',*,*,#3233,.F.);
#1838=ORIENTED_EDGE('',*,*,#3378,.T.);
#1839=ORIENTED_EDGE('',*,*,#2860,.T.);
#1840=ORIENTED_EDGE('',*,*,#3379,.F.);
#1841=ORIENTED_EDGE('',*,*,#3234,.F.);
#1842=ORIENTED_EDGE('',*,*,#3379,.T.);
#1843=ORIENTED_EDGE('',*,*,#2859,.T.);
#1844=ORIENTED_EDGE('',*,*,#3380,.F.);
#1845=ORIENTED_EDGE('',*,*,#3235,.F.);
#1846=ORIENTED_EDGE('',*,*,#3236,.T.);
#1847=ORIENTED_EDGE('',*,*,#3380,.T.);
#1848=ORIENTED_EDGE('',*,*,#2858,.F.);
#1849=ORIENTED_EDGE('',*,*,#3381,.F.);
#1850=ORIENTED_EDGE('',*,*,#3381,.T.);
#1851=ORIENTED_EDGE('',*,*,#2857,.T.);
#1852=ORIENTED_EDGE('',*,*,#3374,.F.);
#1853=ORIENTED_EDGE('',*,*,#3237,.F.);
#1854=ORIENTED_EDGE('',*,*,#3238,.T.);
#1855=ORIENTED_EDGE('',*,*,#3382,.T.);
#1856=ORIENTED_EDGE('',*,*,#2864,.F.);
#1857=ORIENTED_EDGE('',*,*,#3383,.F.);
#1858=ORIENTED_EDGE('',*,*,#3383,.T.);
#1859=ORIENTED_EDGE('',*,*,#2863,.T.);
#1860=ORIENTED_EDGE('',*,*,#3384,.F.);
#1861=ORIENTED_EDGE('',*,*,#3239,.F.);
#1862=ORIENTED_EDGE('',*,*,#3384,.T.);
#1863=ORIENTED_EDGE('',*,*,#2870,.T.);
#1864=ORIENTED_EDGE('',*,*,#3385,.F.);
#1865=ORIENTED_EDGE('',*,*,#3240,.F.);
#1866=ORIENTED_EDGE('',*,*,#3385,.T.);
#1867=ORIENTED_EDGE('',*,*,#2869,.T.);
#1868=ORIENTED_EDGE('',*,*,#3386,.F.);
#1869=ORIENTED_EDGE('',*,*,#3241,.F.);
#1870=ORIENTED_EDGE('',*,*,#3386,.T.);
#1871=ORIENTED_EDGE('',*,*,#2868,.T.);
#1872=ORIENTED_EDGE('',*,*,#3387,.F.);
#1873=ORIENTED_EDGE('',*,*,#3242,.F.);
#1874=ORIENTED_EDGE('',*,*,#3387,.T.);
#1875=ORIENTED_EDGE('',*,*,#2867,.T.);
#1876=ORIENTED_EDGE('',*,*,#3388,.F.);
#1877=ORIENTED_EDGE('',*,*,#3243,.F.);
#1878=ORIENTED_EDGE('',*,*,#3244,.T.);
#1879=ORIENTED_EDGE('',*,*,#3388,.T.);
#1880=ORIENTED_EDGE('',*,*,#2866,.F.);
#1881=ORIENTED_EDGE('',*,*,#3389,.F.);
#1882=ORIENTED_EDGE('',*,*,#3389,.T.);
#1883=ORIENTED_EDGE('',*,*,#2865,.T.);
#1884=ORIENTED_EDGE('',*,*,#3382,.F.);
#1885=ORIENTED_EDGE('',*,*,#3245,.F.);
#1886=ORIENTED_EDGE('',*,*,#3222,.T.);
#1887=ORIENTED_EDGE('',*,*,#3390,.T.);
#1888=ORIENTED_EDGE('',*,*,#2872,.F.);
#1889=ORIENTED_EDGE('',*,*,#3391,.F.);
#1890=ORIENTED_EDGE('',*,*,#3391,.T.);
#1891=ORIENTED_EDGE('',*,*,#2871,.T.);
#1892=ORIENTED_EDGE('',*,*,#3392,.F.);
#1893=ORIENTED_EDGE('',*,*,#3223,.F.);
#1894=ORIENTED_EDGE('',*,*,#3392,.T.);
#1895=ORIENTED_EDGE('',*,*,#2878,.T.);
#1896=ORIENTED_EDGE('',*,*,#3393,.F.);
#1897=ORIENTED_EDGE('',*,*,#3224,.F.);
#1898=ORIENTED_EDGE('',*,*,#3393,.T.);
#1899=ORIENTED_EDGE('',*,*,#2877,.T.);
#1900=ORIENTED_EDGE('',*,*,#3394,.F.);
#1901=ORIENTED_EDGE('',*,*,#3225,.F.);
#1902=ORIENTED_EDGE('',*,*,#3394,.T.);
#1903=ORIENTED_EDGE('',*,*,#2876,.T.);
#1904=ORIENTED_EDGE('',*,*,#3395,.F.);
#1905=ORIENTED_EDGE('',*,*,#3226,.F.);
#1906=ORIENTED_EDGE('',*,*,#3395,.T.);
#1907=ORIENTED_EDGE('',*,*,#2875,.T.);
#1908=ORIENTED_EDGE('',*,*,#3396,.F.);
#1909=ORIENTED_EDGE('',*,*,#3227,.F.);
#1910=ORIENTED_EDGE('',*,*,#3228,.T.);
#1911=ORIENTED_EDGE('',*,*,#3396,.T.);
#1912=ORIENTED_EDGE('',*,*,#2874,.F.);
#1913=ORIENTED_EDGE('',*,*,#3397,.F.);
#1914=ORIENTED_EDGE('',*,*,#3397,.T.);
#1915=ORIENTED_EDGE('',*,*,#2873,.T.);
#1916=ORIENTED_EDGE('',*,*,#3390,.F.);
#1917=ORIENTED_EDGE('',*,*,#3229,.F.);
#1918=ORIENTED_EDGE('',*,*,#3246,.T.);
#1919=ORIENTED_EDGE('',*,*,#3398,.T.);
#1920=ORIENTED_EDGE('',*,*,#2880,.F.);
#1921=ORIENTED_EDGE('',*,*,#3399,.F.);
#1922=ORIENTED_EDGE('',*,*,#3399,.T.);
#1923=ORIENTED_EDGE('',*,*,#2879,.T.);
#1924=ORIENTED_EDGE('',*,*,#3400,.F.);
#1925=ORIENTED_EDGE('',*,*,#3247,.F.);
#1926=ORIENTED_EDGE('',*,*,#3400,.T.);
#1927=ORIENTED_EDGE('',*,*,#2886,.T.);
#1928=ORIENTED_EDGE('',*,*,#3401,.F.);
#1929=ORIENTED_EDGE('',*,*,#3248,.F.);
#1930=ORIENTED_EDGE('',*,*,#3401,.T.);
#1931=ORIENTED_EDGE('',*,*,#2885,.T.);
#1932=ORIENTED_EDGE('',*,*,#3402,.F.);
#1933=ORIENTED_EDGE('',*,*,#3249,.F.);
#1934=ORIENTED_EDGE('',*,*,#3402,.T.);
#1935=ORIENTED_EDGE('',*,*,#2884,.T.);
#1936=ORIENTED_EDGE('',*,*,#3403,.F.);
#1937=ORIENTED_EDGE('',*,*,#3250,.F.);
#1938=ORIENTED_EDGE('',*,*,#3403,.T.);
#1939=ORIENTED_EDGE('',*,*,#2883,.T.);
#1940=ORIENTED_EDGE('',*,*,#3404,.F.);
#1941=ORIENTED_EDGE('',*,*,#3251,.F.);
#1942=ORIENTED_EDGE('',*,*,#3252,.T.);
#1943=ORIENTED_EDGE('',*,*,#3404,.T.);
#1944=ORIENTED_EDGE('',*,*,#2882,.F.);
#1945=ORIENTED_EDGE('',*,*,#3405,.F.);
#1946=ORIENTED_EDGE('',*,*,#3405,.T.);
#1947=ORIENTED_EDGE('',*,*,#2881,.T.);
#1948=ORIENTED_EDGE('',*,*,#3398,.F.);
#1949=ORIENTED_EDGE('',*,*,#3253,.F.);
#1950=ORIENTED_EDGE('',*,*,#3214,.T.);
#1951=ORIENTED_EDGE('',*,*,#3406,.T.);
#1952=ORIENTED_EDGE('',*,*,#2888,.F.);
#1953=ORIENTED_EDGE('',*,*,#3407,.F.);
#1954=ORIENTED_EDGE('',*,*,#3407,.T.);
#1955=ORIENTED_EDGE('',*,*,#2887,.T.);
#1956=ORIENTED_EDGE('',*,*,#3408,.F.);
#1957=ORIENTED_EDGE('',*,*,#3215,.F.);
#1958=ORIENTED_EDGE('',*,*,#3408,.T.);
#1959=ORIENTED_EDGE('',*,*,#2894,.T.);
#1960=ORIENTED_EDGE('',*,*,#3409,.F.);
#1961=ORIENTED_EDGE('',*,*,#3216,.F.);
#1962=ORIENTED_EDGE('',*,*,#3409,.T.);
#1963=ORIENTED_EDGE('',*,*,#2893,.T.);
#1964=ORIENTED_EDGE('',*,*,#3410,.F.);
#1965=ORIENTED_EDGE('',*,*,#3217,.F.);
#1966=ORIENTED_EDGE('',*,*,#3410,.T.);
#1967=ORIENTED_EDGE('',*,*,#2892,.T.);
#1968=ORIENTED_EDGE('',*,*,#3411,.F.);
#1969=ORIENTED_EDGE('',*,*,#3218,.F.);
#1970=ORIENTED_EDGE('',*,*,#3411,.T.);
#1971=ORIENTED_EDGE('',*,*,#2891,.T.);
#1972=ORIENTED_EDGE('',*,*,#3412,.F.);
#1973=ORIENTED_EDGE('',*,*,#3219,.F.);
#1974=ORIENTED_EDGE('',*,*,#3220,.T.);
#1975=ORIENTED_EDGE('',*,*,#3412,.T.);
#1976=ORIENTED_EDGE('',*,*,#2890,.F.);
#1977=ORIENTED_EDGE('',*,*,#3413,.F.);
#1978=ORIENTED_EDGE('',*,*,#3413,.T.);
#1979=ORIENTED_EDGE('',*,*,#2889,.T.);
#1980=ORIENTED_EDGE('',*,*,#3406,.F.);
#1981=ORIENTED_EDGE('',*,*,#3221,.F.);
#1982=ORIENTED_EDGE('',*,*,#3254,.T.);
#1983=ORIENTED_EDGE('',*,*,#3414,.T.);
#1984=ORIENTED_EDGE('',*,*,#2896,.F.);
#1985=ORIENTED_EDGE('',*,*,#3415,.F.);
#1986=ORIENTED_EDGE('',*,*,#3415,.T.);
#1987=ORIENTED_EDGE('',*,*,#2895,.T.);
#1988=ORIENTED_EDGE('',*,*,#3416,.F.);
#1989=ORIENTED_EDGE('',*,*,#3255,.F.);
#1990=ORIENTED_EDGE('',*,*,#3416,.T.);
#1991=ORIENTED_EDGE('',*,*,#2902,.T.);
#1992=ORIENTED_EDGE('',*,*,#3417,.F.);
#1993=ORIENTED_EDGE('',*,*,#3256,.F.);
#1994=ORIENTED_EDGE('',*,*,#3417,.T.);
#1995=ORIENTED_EDGE('',*,*,#2901,.T.);
#1996=ORIENTED_EDGE('',*,*,#3418,.F.);
#1997=ORIENTED_EDGE('',*,*,#3257,.F.);
#1998=ORIENTED_EDGE('',*,*,#3418,.T.);
#1999=ORIENTED_EDGE('',*,*,#2900,.T.);
#2000=ORIENTED_EDGE('',*,*,#3419,.F.);
#2001=ORIENTED_EDGE('',*,*,#3258,.F.);
#2002=ORIENTED_EDGE('',*,*,#3419,.T.);
#2003=ORIENTED_EDGE('',*,*,#2899,.T.);
#2004=ORIENTED_EDGE('',*,*,#3420,.F.);
#2005=ORIENTED_EDGE('',*,*,#3259,.F.);
#2006=ORIENTED_EDGE('',*,*,#3260,.T.);
#2007=ORIENTED_EDGE('',*,*,#3420,.T.);
#2008=ORIENTED_EDGE('',*,*,#2898,.F.);
#2009=ORIENTED_EDGE('',*,*,#3421,.F.);
#2010=ORIENTED_EDGE('',*,*,#3421,.T.);
#2011=ORIENTED_EDGE('',*,*,#2897,.T.);
#2012=ORIENTED_EDGE('',*,*,#3414,.F.);
#2013=ORIENTED_EDGE('',*,*,#3261,.F.);
#2014=ORIENTED_EDGE('',*,*,#3206,.T.);
#2015=ORIENTED_EDGE('',*,*,#3422,.T.);
#2016=ORIENTED_EDGE('',*,*,#2904,.F.);
#2017=ORIENTED_EDGE('',*,*,#3423,.F.);
#2018=ORIENTED_EDGE('',*,*,#3423,.T.);
#2019=ORIENTED_EDGE('',*,*,#2903,.T.);
#2020=ORIENTED_EDGE('',*,*,#3424,.F.);
#2021=ORIENTED_EDGE('',*,*,#3207,.F.);
#2022=ORIENTED_EDGE('',*,*,#3424,.T.);
#2023=ORIENTED_EDGE('',*,*,#2910,.T.);
#2024=ORIENTED_EDGE('',*,*,#3425,.F.);
#2025=ORIENTED_EDGE('',*,*,#3208,.F.);
#2026=ORIENTED_EDGE('',*,*,#3425,.T.);
#2027=ORIENTED_EDGE('',*,*,#2909,.T.);
#2028=ORIENTED_EDGE('',*,*,#3426,.F.);
#2029=ORIENTED_EDGE('',*,*,#3209,.F.);
#2030=ORIENTED_EDGE('',*,*,#3426,.T.);
#2031=ORIENTED_EDGE('',*,*,#2908,.T.);
#2032=ORIENTED_EDGE('',*,*,#3427,.F.);
#2033=ORIENTED_EDGE('',*,*,#3210,.F.);
#2034=ORIENTED_EDGE('',*,*,#3427,.T.);
#2035=ORIENTED_EDGE('',*,*,#2907,.T.);
#2036=ORIENTED_EDGE('',*,*,#3428,.F.);
#2037=ORIENTED_EDGE('',*,*,#3211,.F.);
#2038=ORIENTED_EDGE('',*,*,#3212,.T.);
#2039=ORIENTED_EDGE('',*,*,#3428,.T.);
#2040=ORIENTED_EDGE('',*,*,#2906,.F.);
#2041=ORIENTED_EDGE('',*,*,#3429,.F.);
#2042=ORIENTED_EDGE('',*,*,#3429,.T.);
#2043=ORIENTED_EDGE('',*,*,#2905,.T.);
#2044=ORIENTED_EDGE('',*,*,#3422,.F.);
#2045=ORIENTED_EDGE('',*,*,#3213,.F.);
#2046=ORIENTED_EDGE('',*,*,#3262,.T.);
#2047=ORIENTED_EDGE('',*,*,#3430,.T.);
#2048=ORIENTED_EDGE('',*,*,#2912,.F.);
#2049=ORIENTED_EDGE('',*,*,#3431,.F.);
#2050=ORIENTED_EDGE('',*,*,#3431,.T.);
#2051=ORIENTED_EDGE('',*,*,#2911,.T.);
#2052=ORIENTED_EDGE('',*,*,#3432,.F.);
#2053=ORIENTED_EDGE('',*,*,#3263,.F.);
#2054=ORIENTED_EDGE('',*,*,#3432,.T.);
#2055=ORIENTED_EDGE('',*,*,#2918,.T.);
#2056=ORIENTED_EDGE('',*,*,#3433,.F.);
#2057=ORIENTED_EDGE('',*,*,#3264,.F.);
#2058=ORIENTED_EDGE('',*,*,#3433,.T.);
#2059=ORIENTED_EDGE('',*,*,#2917,.T.);
#2060=ORIENTED_EDGE('',*,*,#3434,.F.);
#2061=ORIENTED_EDGE('',*,*,#3265,.F.);
#2062=ORIENTED_EDGE('',*,*,#3434,.T.);
#2063=ORIENTED_EDGE('',*,*,#2916,.T.);
#2064=ORIENTED_EDGE('',*,*,#3435,.F.);
#2065=ORIENTED_EDGE('',*,*,#3266,.F.);
#2066=ORIENTED_EDGE('',*,*,#3435,.T.);
#2067=ORIENTED_EDGE('',*,*,#2915,.T.);
#2068=ORIENTED_EDGE('',*,*,#3436,.F.);
#2069=ORIENTED_EDGE('',*,*,#3267,.F.);
#2070=ORIENTED_EDGE('',*,*,#3268,.T.);
#2071=ORIENTED_EDGE('',*,*,#3436,.T.);
#2072=ORIENTED_EDGE('',*,*,#2914,.F.);
#2073=ORIENTED_EDGE('',*,*,#3437,.F.);
#2074=ORIENTED_EDGE('',*,*,#3437,.T.);
#2075=ORIENTED_EDGE('',*,*,#2913,.T.);
#2076=ORIENTED_EDGE('',*,*,#3430,.F.);
#2077=ORIENTED_EDGE('',*,*,#3269,.F.);
#2078=ORIENTED_EDGE('',*,*,#3198,.T.);
#2079=ORIENTED_EDGE('',*,*,#3438,.T.);
#2080=ORIENTED_EDGE('',*,*,#2920,.F.);
#2081=ORIENTED_EDGE('',*,*,#3439,.F.);
#2082=ORIENTED_EDGE('',*,*,#3439,.T.);
#2083=ORIENTED_EDGE('',*,*,#2919,.T.);
#2084=ORIENTED_EDGE('',*,*,#3440,.F.);
#2085=ORIENTED_EDGE('',*,*,#3199,.F.);
#2086=ORIENTED_EDGE('',*,*,#3440,.T.);
#2087=ORIENTED_EDGE('',*,*,#2926,.T.);
#2088=ORIENTED_EDGE('',*,*,#3441,.F.);
#2089=ORIENTED_EDGE('',*,*,#3200,.F.);
#2090=ORIENTED_EDGE('',*,*,#3441,.T.);
#2091=ORIENTED_EDGE('',*,*,#2925,.T.);
#2092=ORIENTED_EDGE('',*,*,#3442,.F.);
#2093=ORIENTED_EDGE('',*,*,#3201,.F.);
#2094=ORIENTED_EDGE('',*,*,#3442,.T.);
#2095=ORIENTED_EDGE('',*,*,#2924,.T.);
#2096=ORIENTED_EDGE('',*,*,#3443,.F.);
#2097=ORIENTED_EDGE('',*,*,#3202,.F.);
#2098=ORIENTED_EDGE('',*,*,#3443,.T.);
#2099=ORIENTED_EDGE('',*,*,#2923,.T.);
#2100=ORIENTED_EDGE('',*,*,#3444,.F.);
#2101=ORIENTED_EDGE('',*,*,#3203,.F.);
#2102=ORIENTED_EDGE('',*,*,#3204,.T.);
#2103=ORIENTED_EDGE('',*,*,#3444,.T.);
#2104=ORIENTED_EDGE('',*,*,#2922,.F.);
#2105=ORIENTED_EDGE('',*,*,#3445,.F.);
#2106=ORIENTED_EDGE('',*,*,#3445,.T.);
#2107=ORIENTED_EDGE('',*,*,#2921,.T.);
#2108=ORIENTED_EDGE('',*,*,#3438,.F.);
#2109=ORIENTED_EDGE('',*,*,#3205,.F.);
#2110=ORIENTED_EDGE('',*,*,#3270,.T.);
#2111=ORIENTED_EDGE('',*,*,#3446,.T.);
#2112=ORIENTED_EDGE('',*,*,#2928,.F.);
#2113=ORIENTED_EDGE('',*,*,#3447,.F.);
#2114=ORIENTED_EDGE('',*,*,#3447,.T.);
#2115=ORIENTED_EDGE('',*,*,#2927,.T.);
#2116=ORIENTED_EDGE('',*,*,#3448,.F.);
#2117=ORIENTED_EDGE('',*,*,#3271,.F.);
#2118=ORIENTED_EDGE('',*,*,#3448,.T.);
#2119=ORIENTED_EDGE('',*,*,#2934,.T.);
#2120=ORIENTED_EDGE('',*,*,#3449,.F.);
#2121=ORIENTED_EDGE('',*,*,#3272,.F.);
#2122=ORIENTED_EDGE('',*,*,#3449,.T.);
#2123=ORIENTED_EDGE('',*,*,#2933,.T.);
#2124=ORIENTED_EDGE('',*,*,#3450,.F.);
#2125=ORIENTED_EDGE('',*,*,#3273,.F.);
#2126=ORIENTED_EDGE('',*,*,#3450,.T.);
#2127=ORIENTED_EDGE('',*,*,#2932,.T.);
#2128=ORIENTED_EDGE('',*,*,#3451,.F.);
#2129=ORIENTED_EDGE('',*,*,#3274,.F.);
#2130=ORIENTED_EDGE('',*,*,#3451,.T.);
#2131=ORIENTED_EDGE('',*,*,#2931,.T.);
#2132=ORIENTED_EDGE('',*,*,#3452,.F.);
#2133=ORIENTED_EDGE('',*,*,#3275,.F.);
#2134=ORIENTED_EDGE('',*,*,#3276,.T.);
#2135=ORIENTED_EDGE('',*,*,#3452,.T.);
#2136=ORIENTED_EDGE('',*,*,#2930,.F.);
#2137=ORIENTED_EDGE('',*,*,#3453,.F.);
#2138=ORIENTED_EDGE('',*,*,#3453,.T.);
#2139=ORIENTED_EDGE('',*,*,#2929,.T.);
#2140=ORIENTED_EDGE('',*,*,#3446,.F.);
#2141=ORIENTED_EDGE('',*,*,#3277,.F.);
#2142=ORIENTED_EDGE('',*,*,#3190,.T.);
#2143=ORIENTED_EDGE('',*,*,#3454,.T.);
#2144=ORIENTED_EDGE('',*,*,#2936,.F.);
#2145=ORIENTED_EDGE('',*,*,#3455,.F.);
#2146=ORIENTED_EDGE('',*,*,#3455,.T.);
#2147=ORIENTED_EDGE('',*,*,#2935,.T.);
#2148=ORIENTED_EDGE('',*,*,#3456,.F.);
#2149=ORIENTED_EDGE('',*,*,#3191,.F.);
#2150=ORIENTED_EDGE('',*,*,#3456,.T.);
#2151=ORIENTED_EDGE('',*,*,#2942,.T.);
#2152=ORIENTED_EDGE('',*,*,#3457,.F.);
#2153=ORIENTED_EDGE('',*,*,#3192,.F.);
#2154=ORIENTED_EDGE('',*,*,#3457,.T.);
#2155=ORIENTED_EDGE('',*,*,#2941,.T.);
#2156=ORIENTED_EDGE('',*,*,#3458,.F.);
#2157=ORIENTED_EDGE('',*,*,#3193,.F.);
#2158=ORIENTED_EDGE('',*,*,#3458,.T.);
#2159=ORIENTED_EDGE('',*,*,#2940,.T.);
#2160=ORIENTED_EDGE('',*,*,#3459,.F.);
#2161=ORIENTED_EDGE('',*,*,#3194,.F.);
#2162=ORIENTED_EDGE('',*,*,#3459,.T.);
#2163=ORIENTED_EDGE('',*,*,#2939,.T.);
#2164=ORIENTED_EDGE('',*,*,#3460,.F.);
#2165=ORIENTED_EDGE('',*,*,#3195,.F.);
#2166=ORIENTED_EDGE('',*,*,#3196,.T.);
#2167=ORIENTED_EDGE('',*,*,#3460,.T.);
#2168=ORIENTED_EDGE('',*,*,#2938,.F.);
#2169=ORIENTED_EDGE('',*,*,#3461,.F.);
#2170=ORIENTED_EDGE('',*,*,#3461,.T.);
#2171=ORIENTED_EDGE('',*,*,#2937,.T.);
#2172=ORIENTED_EDGE('',*,*,#3454,.F.);
#2173=ORIENTED_EDGE('',*,*,#3197,.F.);
#2174=ORIENTED_EDGE('',*,*,#3278,.T.);
#2175=ORIENTED_EDGE('',*,*,#3462,.T.);
#2176=ORIENTED_EDGE('',*,*,#2944,.F.);
#2177=ORIENTED_EDGE('',*,*,#3463,.F.);
#2178=ORIENTED_EDGE('',*,*,#3463,.T.);
#2179=ORIENTED_EDGE('',*,*,#2943,.T.);
#2180=ORIENTED_EDGE('',*,*,#3464,.F.);
#2181=ORIENTED_EDGE('',*,*,#3279,.F.);
#2182=ORIENTED_EDGE('',*,*,#3464,.T.);
#2183=ORIENTED_EDGE('',*,*,#2950,.T.);
#2184=ORIENTED_EDGE('',*,*,#3465,.F.);
#2185=ORIENTED_EDGE('',*,*,#3280,.F.);
#2186=ORIENTED_EDGE('',*,*,#3465,.T.);
#2187=ORIENTED_EDGE('',*,*,#2949,.T.);
#2188=ORIENTED_EDGE('',*,*,#3466,.F.);
#2189=ORIENTED_EDGE('',*,*,#3281,.F.);
#2190=ORIENTED_EDGE('',*,*,#3466,.T.);
#2191=ORIENTED_EDGE('',*,*,#2948,.T.);
#2192=ORIENTED_EDGE('',*,*,#3467,.F.);
#2193=ORIENTED_EDGE('',*,*,#3282,.F.);
#2194=ORIENTED_EDGE('',*,*,#3467,.T.);
#2195=ORIENTED_EDGE('',*,*,#2947,.T.);
#2196=ORIENTED_EDGE('',*,*,#3468,.F.);
#2197=ORIENTED_EDGE('',*,*,#3283,.F.);
#2198=ORIENTED_EDGE('',*,*,#3284,.T.);
#2199=ORIENTED_EDGE('',*,*,#3468,.T.);
#2200=ORIENTED_EDGE('',*,*,#2946,.F.);
#2201=ORIENTED_EDGE('',*,*,#3469,.F.);
#2202=ORIENTED_EDGE('',*,*,#3469,.T.);
#2203=ORIENTED_EDGE('',*,*,#2945,.T.);
#2204=ORIENTED_EDGE('',*,*,#3462,.F.);
#2205=ORIENTED_EDGE('',*,*,#3285,.F.);
#2206=ORIENTED_EDGE('',*,*,#3182,.T.);
#2207=ORIENTED_EDGE('',*,*,#3470,.T.);
#2208=ORIENTED_EDGE('',*,*,#2952,.F.);
#2209=ORIENTED_EDGE('',*,*,#3471,.F.);
#2210=ORIENTED_EDGE('',*,*,#3471,.T.);
#2211=ORIENTED_EDGE('',*,*,#2951,.T.);
#2212=ORIENTED_EDGE('',*,*,#3472,.F.);
#2213=ORIENTED_EDGE('',*,*,#3183,.F.);
#2214=ORIENTED_EDGE('',*,*,#3472,.T.);
#2215=ORIENTED_EDGE('',*,*,#2958,.T.);
#2216=ORIENTED_EDGE('',*,*,#3473,.F.);
#2217=ORIENTED_EDGE('',*,*,#3184,.F.);
#2218=ORIENTED_EDGE('',*,*,#3473,.T.);
#2219=ORIENTED_EDGE('',*,*,#2957,.T.);
#2220=ORIENTED_EDGE('',*,*,#3474,.F.);
#2221=ORIENTED_EDGE('',*,*,#3185,.F.);
#2222=ORIENTED_EDGE('',*,*,#3474,.T.);
#2223=ORIENTED_EDGE('',*,*,#2956,.T.);
#2224=ORIENTED_EDGE('',*,*,#3475,.F.);
#2225=ORIENTED_EDGE('',*,*,#3186,.F.);
#2226=ORIENTED_EDGE('',*,*,#3475,.T.);
#2227=ORIENTED_EDGE('',*,*,#2955,.T.);
#2228=ORIENTED_EDGE('',*,*,#3476,.F.);
#2229=ORIENTED_EDGE('',*,*,#3187,.F.);
#2230=ORIENTED_EDGE('',*,*,#3188,.T.);
#2231=ORIENTED_EDGE('',*,*,#3476,.T.);
#2232=ORIENTED_EDGE('',*,*,#2954,.F.);
#2233=ORIENTED_EDGE('',*,*,#3477,.F.);
#2234=ORIENTED_EDGE('',*,*,#3477,.T.);
#2235=ORIENTED_EDGE('',*,*,#2953,.T.);
#2236=ORIENTED_EDGE('',*,*,#3470,.F.);
#2237=ORIENTED_EDGE('',*,*,#3189,.F.);
#2238=ORIENTED_EDGE('',*,*,#3286,.T.);
#2239=ORIENTED_EDGE('',*,*,#3478,.T.);
#2240=ORIENTED_EDGE('',*,*,#2960,.F.);
#2241=ORIENTED_EDGE('',*,*,#3479,.F.);
#2242=ORIENTED_EDGE('',*,*,#3479,.T.);
#2243=ORIENTED_EDGE('',*,*,#2959,.T.);
#2244=ORIENTED_EDGE('',*,*,#3480,.F.);
#2245=ORIENTED_EDGE('',*,*,#3287,.F.);
#2246=ORIENTED_EDGE('',*,*,#3480,.T.);
#2247=ORIENTED_EDGE('',*,*,#2966,.T.);
#2248=ORIENTED_EDGE('',*,*,#3481,.F.);
#2249=ORIENTED_EDGE('',*,*,#3288,.F.);
#2250=ORIENTED_EDGE('',*,*,#3481,.T.);
#2251=ORIENTED_EDGE('',*,*,#2965,.T.);
#2252=ORIENTED_EDGE('',*,*,#3482,.F.);
#2253=ORIENTED_EDGE('',*,*,#3289,.F.);
#2254=ORIENTED_EDGE('',*,*,#3482,.T.);
#2255=ORIENTED_EDGE('',*,*,#2964,.T.);
#2256=ORIENTED_EDGE('',*,*,#3483,.F.);
#2257=ORIENTED_EDGE('',*,*,#3290,.F.);
#2258=ORIENTED_EDGE('',*,*,#3483,.T.);
#2259=ORIENTED_EDGE('',*,*,#2963,.T.);
#2260=ORIENTED_EDGE('',*,*,#3484,.F.);
#2261=ORIENTED_EDGE('',*,*,#3291,.F.);
#2262=ORIENTED_EDGE('',*,*,#3292,.T.);
#2263=ORIENTED_EDGE('',*,*,#3484,.T.);
#2264=ORIENTED_EDGE('',*,*,#2962,.F.);
#2265=ORIENTED_EDGE('',*,*,#3485,.F.);
#2266=ORIENTED_EDGE('',*,*,#3485,.T.);
#2267=ORIENTED_EDGE('',*,*,#2961,.T.);
#2268=ORIENTED_EDGE('',*,*,#3478,.F.);
#2269=ORIENTED_EDGE('',*,*,#3293,.F.);
#2270=ORIENTED_EDGE('',*,*,#3174,.T.);
#2271=ORIENTED_EDGE('',*,*,#3486,.T.);
#2272=ORIENTED_EDGE('',*,*,#2968,.F.);
#2273=ORIENTED_EDGE('',*,*,#3487,.F.);
#2274=ORIENTED_EDGE('',*,*,#3487,.T.);
#2275=ORIENTED_EDGE('',*,*,#2967,.T.);
#2276=ORIENTED_EDGE('',*,*,#3488,.F.);
#2277=ORIENTED_EDGE('',*,*,#3175,.F.);
#2278=ORIENTED_EDGE('',*,*,#3488,.T.);
#2279=ORIENTED_EDGE('',*,*,#2974,.T.);
#2280=ORIENTED_EDGE('',*,*,#3489,.F.);
#2281=ORIENTED_EDGE('',*,*,#3176,.F.);
#2282=ORIENTED_EDGE('',*,*,#3489,.T.);
#2283=ORIENTED_EDGE('',*,*,#2973,.T.);
#2284=ORIENTED_EDGE('',*,*,#3490,.F.);
#2285=ORIENTED_EDGE('',*,*,#3177,.F.);
#2286=ORIENTED_EDGE('',*,*,#3490,.T.);
#2287=ORIENTED_EDGE('',*,*,#2972,.T.);
#2288=ORIENTED_EDGE('',*,*,#3491,.F.);
#2289=ORIENTED_EDGE('',*,*,#3178,.F.);
#2290=ORIENTED_EDGE('',*,*,#3491,.T.);
#2291=ORIENTED_EDGE('',*,*,#2971,.T.);
#2292=ORIENTED_EDGE('',*,*,#3492,.F.);
#2293=ORIENTED_EDGE('',*,*,#3179,.F.);
#2294=ORIENTED_EDGE('',*,*,#3180,.T.);
#2295=ORIENTED_EDGE('',*,*,#3492,.T.);
#2296=ORIENTED_EDGE('',*,*,#2970,.F.);
#2297=ORIENTED_EDGE('',*,*,#3493,.F.);
#2298=ORIENTED_EDGE('',*,*,#3493,.T.);
#2299=ORIENTED_EDGE('',*,*,#2969,.T.);
#2300=ORIENTED_EDGE('',*,*,#3486,.F.);
#2301=ORIENTED_EDGE('',*,*,#3181,.F.);
#2302=ORIENTED_EDGE('',*,*,#3294,.T.);
#2303=ORIENTED_EDGE('',*,*,#3494,.T.);
#2304=ORIENTED_EDGE('',*,*,#2976,.F.);
#2305=ORIENTED_EDGE('',*,*,#3495,.F.);
#2306=ORIENTED_EDGE('',*,*,#3495,.T.);
#2307=ORIENTED_EDGE('',*,*,#2975,.T.);
#2308=ORIENTED_EDGE('',*,*,#3496,.F.);
#2309=ORIENTED_EDGE('',*,*,#3295,.F.);
#2310=ORIENTED_EDGE('',*,*,#3496,.T.);
#2311=ORIENTED_EDGE('',*,*,#2982,.T.);
#2312=ORIENTED_EDGE('',*,*,#3497,.F.);
#2313=ORIENTED_EDGE('',*,*,#3296,.F.);
#2314=ORIENTED_EDGE('',*,*,#3497,.T.);
#2315=ORIENTED_EDGE('',*,*,#2981,.T.);
#2316=ORIENTED_EDGE('',*,*,#3498,.F.);
#2317=ORIENTED_EDGE('',*,*,#3297,.F.);
#2318=ORIENTED_EDGE('',*,*,#3498,.T.);
#2319=ORIENTED_EDGE('',*,*,#2980,.T.);
#2320=ORIENTED_EDGE('',*,*,#3499,.F.);
#2321=ORIENTED_EDGE('',*,*,#3298,.F.);
#2322=ORIENTED_EDGE('',*,*,#3499,.T.);
#2323=ORIENTED_EDGE('',*,*,#2979,.T.);
#2324=ORIENTED_EDGE('',*,*,#3500,.F.);
#2325=ORIENTED_EDGE('',*,*,#3299,.F.);
#2326=ORIENTED_EDGE('',*,*,#3300,.T.);
#2327=ORIENTED_EDGE('',*,*,#3500,.T.);
#2328=ORIENTED_EDGE('',*,*,#2978,.F.);
#2329=ORIENTED_EDGE('',*,*,#3501,.F.);
#2330=ORIENTED_EDGE('',*,*,#3501,.T.);
#2331=ORIENTED_EDGE('',*,*,#2977,.T.);
#2332=ORIENTED_EDGE('',*,*,#3494,.F.);
#2333=ORIENTED_EDGE('',*,*,#3301,.F.);
#2334=ORIENTED_EDGE('',*,*,#3166,.T.);
#2335=ORIENTED_EDGE('',*,*,#3502,.T.);
#2336=ORIENTED_EDGE('',*,*,#2984,.F.);
#2337=ORIENTED_EDGE('',*,*,#3503,.F.);
#2338=ORIENTED_EDGE('',*,*,#3503,.T.);
#2339=ORIENTED_EDGE('',*,*,#2983,.T.);
#2340=ORIENTED_EDGE('',*,*,#3504,.F.);
#2341=ORIENTED_EDGE('',*,*,#3167,.F.);
#2342=ORIENTED_EDGE('',*,*,#3504,.T.);
#2343=ORIENTED_EDGE('',*,*,#2990,.T.);
#2344=ORIENTED_EDGE('',*,*,#3505,.F.);
#2345=ORIENTED_EDGE('',*,*,#3168,.F.);
#2346=ORIENTED_EDGE('',*,*,#3505,.T.);
#2347=ORIENTED_EDGE('',*,*,#2989,.T.);
#2348=ORIENTED_EDGE('',*,*,#3506,.F.);
#2349=ORIENTED_EDGE('',*,*,#3169,.F.);
#2350=ORIENTED_EDGE('',*,*,#3506,.T.);
#2351=ORIENTED_EDGE('',*,*,#2988,.T.);
#2352=ORIENTED_EDGE('',*,*,#3507,.F.);
#2353=ORIENTED_EDGE('',*,*,#3170,.F.);
#2354=ORIENTED_EDGE('',*,*,#3507,.T.);
#2355=ORIENTED_EDGE('',*,*,#2987,.T.);
#2356=ORIENTED_EDGE('',*,*,#3508,.F.);
#2357=ORIENTED_EDGE('',*,*,#3171,.F.);
#2358=ORIENTED_EDGE('',*,*,#3172,.T.);
#2359=ORIENTED_EDGE('',*,*,#3508,.T.);
#2360=ORIENTED_EDGE('',*,*,#2986,.F.);
#2361=ORIENTED_EDGE('',*,*,#3509,.F.);
#2362=ORIENTED_EDGE('',*,*,#3509,.T.);
#2363=ORIENTED_EDGE('',*,*,#2985,.T.);
#2364=ORIENTED_EDGE('',*,*,#3502,.F.);
#2365=ORIENTED_EDGE('',*,*,#3173,.F.);
#2366=ORIENTED_EDGE('',*,*,#3302,.T.);
#2367=ORIENTED_EDGE('',*,*,#3510,.T.);
#2368=ORIENTED_EDGE('',*,*,#2992,.F.);
#2369=ORIENTED_EDGE('',*,*,#3511,.F.);
#2370=ORIENTED_EDGE('',*,*,#3511,.T.);
#2371=ORIENTED_EDGE('',*,*,#2991,.T.);
#2372=ORIENTED_EDGE('',*,*,#3512,.F.);
#2373=ORIENTED_EDGE('',*,*,#3303,.F.);
#2374=ORIENTED_EDGE('',*,*,#3512,.T.);
#2375=ORIENTED_EDGE('',*,*,#2998,.T.);
#2376=ORIENTED_EDGE('',*,*,#3513,.F.);
#2377=ORIENTED_EDGE('',*,*,#3304,.F.);
#2378=ORIENTED_EDGE('',*,*,#3513,.T.);
#2379=ORIENTED_EDGE('',*,*,#2997,.T.);
#2380=ORIENTED_EDGE('',*,*,#3514,.F.);
#2381=ORIENTED_EDGE('',*,*,#3305,.F.);
#2382=ORIENTED_EDGE('',*,*,#3514,.T.);
#2383=ORIENTED_EDGE('',*,*,#2996,.T.);
#2384=ORIENTED_EDGE('',*,*,#3515,.F.);
#2385=ORIENTED_EDGE('',*,*,#3306,.F.);
#2386=ORIENTED_EDGE('',*,*,#3515,.T.);
#2387=ORIENTED_EDGE('',*,*,#2995,.T.);
#2388=ORIENTED_EDGE('',*,*,#3516,.F.);
#2389=ORIENTED_EDGE('',*,*,#3307,.F.);
#2390=ORIENTED_EDGE('',*,*,#3308,.T.);
#2391=ORIENTED_EDGE('',*,*,#3516,.T.);
#2392=ORIENTED_EDGE('',*,*,#2994,.F.);
#2393=ORIENTED_EDGE('',*,*,#3517,.F.);
#2394=ORIENTED_EDGE('',*,*,#3517,.T.);
#2395=ORIENTED_EDGE('',*,*,#2993,.T.);
#2396=ORIENTED_EDGE('',*,*,#3510,.F.);
#2397=ORIENTED_EDGE('',*,*,#3309,.F.);
#2398=ORIENTED_EDGE('',*,*,#3158,.T.);
#2399=ORIENTED_EDGE('',*,*,#3518,.T.);
#2400=ORIENTED_EDGE('',*,*,#3000,.F.);
#2401=ORIENTED_EDGE('',*,*,#3519,.F.);
#2402=ORIENTED_EDGE('',*,*,#3519,.T.);
#2403=ORIENTED_EDGE('',*,*,#2999,.T.);
#2404=ORIENTED_EDGE('',*,*,#3520,.F.);
#2405=ORIENTED_EDGE('',*,*,#3159,.F.);
#2406=ORIENTED_EDGE('',*,*,#3520,.T.);
#2407=ORIENTED_EDGE('',*,*,#3006,.T.);
#2408=ORIENTED_EDGE('',*,*,#3521,.F.);
#2409=ORIENTED_EDGE('',*,*,#3160,.F.);
#2410=ORIENTED_EDGE('',*,*,#3521,.T.);
#2411=ORIENTED_EDGE('',*,*,#3005,.T.);
#2412=ORIENTED_EDGE('',*,*,#3522,.F.);
#2413=ORIENTED_EDGE('',*,*,#3161,.F.);
#2414=ORIENTED_EDGE('',*,*,#3522,.T.);
#2415=ORIENTED_EDGE('',*,*,#3004,.T.);
#2416=ORIENTED_EDGE('',*,*,#3523,.F.);
#2417=ORIENTED_EDGE('',*,*,#3162,.F.);
#2418=ORIENTED_EDGE('',*,*,#3523,.T.);
#2419=ORIENTED_EDGE('',*,*,#3003,.T.);
#2420=ORIENTED_EDGE('',*,*,#3524,.F.);
#2421=ORIENTED_EDGE('',*,*,#3163,.F.);
#2422=ORIENTED_EDGE('',*,*,#3164,.T.);
#2423=ORIENTED_EDGE('',*,*,#3524,.T.);
#2424=ORIENTED_EDGE('',*,*,#3002,.F.);
#2425=ORIENTED_EDGE('',*,*,#3525,.F.);
#2426=ORIENTED_EDGE('',*,*,#3525,.T.);
#2427=ORIENTED_EDGE('',*,*,#3001,.T.);
#2428=ORIENTED_EDGE('',*,*,#3518,.F.);
#2429=ORIENTED_EDGE('',*,*,#3165,.F.);
#2430=ORIENTED_EDGE('',*,*,#3310,.T.);
#2431=ORIENTED_EDGE('',*,*,#3526,.T.);
#2432=ORIENTED_EDGE('',*,*,#3008,.F.);
#2433=ORIENTED_EDGE('',*,*,#3527,.F.);
#2434=ORIENTED_EDGE('',*,*,#3527,.T.);
#2435=ORIENTED_EDGE('',*,*,#3007,.T.);
#2436=ORIENTED_EDGE('',*,*,#3528,.F.);
#2437=ORIENTED_EDGE('',*,*,#3311,.F.);
#2438=ORIENTED_EDGE('',*,*,#3528,.T.);
#2439=ORIENTED_EDGE('',*,*,#3014,.T.);
#2440=ORIENTED_EDGE('',*,*,#3529,.F.);
#2441=ORIENTED_EDGE('',*,*,#3312,.F.);
#2442=ORIENTED_EDGE('',*,*,#3529,.T.);
#2443=ORIENTED_EDGE('',*,*,#3013,.T.);
#2444=ORIENTED_EDGE('',*,*,#3530,.F.);
#2445=ORIENTED_EDGE('',*,*,#3313,.F.);
#2446=ORIENTED_EDGE('',*,*,#3530,.T.);
#2447=ORIENTED_EDGE('',*,*,#3012,.T.);
#2448=ORIENTED_EDGE('',*,*,#3531,.F.);
#2449=ORIENTED_EDGE('',*,*,#3314,.F.);
#2450=ORIENTED_EDGE('',*,*,#3531,.T.);
#2451=ORIENTED_EDGE('',*,*,#3011,.T.);
#2452=ORIENTED_EDGE('',*,*,#3532,.F.);
#2453=ORIENTED_EDGE('',*,*,#3315,.F.);
#2454=ORIENTED_EDGE('',*,*,#3316,.T.);
#2455=ORIENTED_EDGE('',*,*,#3532,.T.);
#2456=ORIENTED_EDGE('',*,*,#3010,.F.);
#2457=ORIENTED_EDGE('',*,*,#3533,.F.);
#2458=ORIENTED_EDGE('',*,*,#3533,.T.);
#2459=ORIENTED_EDGE('',*,*,#3009,.T.);
#2460=ORIENTED_EDGE('',*,*,#3526,.F.);
#2461=ORIENTED_EDGE('',*,*,#3317,.F.);
#2462=ORIENTED_EDGE('',*,*,#3150,.T.);
#2463=ORIENTED_EDGE('',*,*,#3534,.T.);
#2464=ORIENTED_EDGE('',*,*,#3016,.F.);
#2465=ORIENTED_EDGE('',*,*,#3535,.F.);
#2466=ORIENTED_EDGE('',*,*,#3535,.T.);
#2467=ORIENTED_EDGE('',*,*,#3015,.T.);
#2468=ORIENTED_EDGE('',*,*,#3536,.F.);
#2469=ORIENTED_EDGE('',*,*,#3151,.F.);
#2470=ORIENTED_EDGE('',*,*,#3536,.T.);
#2471=ORIENTED_EDGE('',*,*,#3022,.T.);
#2472=ORIENTED_EDGE('',*,*,#3537,.F.);
#2473=ORIENTED_EDGE('',*,*,#3152,.F.);
#2474=ORIENTED_EDGE('',*,*,#3537,.T.);
#2475=ORIENTED_EDGE('',*,*,#3021,.T.);
#2476=ORIENTED_EDGE('',*,*,#3538,.F.);
#2477=ORIENTED_EDGE('',*,*,#3153,.F.);
#2478=ORIENTED_EDGE('',*,*,#3538,.T.);
#2479=ORIENTED_EDGE('',*,*,#3020,.T.);
#2480=ORIENTED_EDGE('',*,*,#3539,.F.);
#2481=ORIENTED_EDGE('',*,*,#3154,.F.);
#2482=ORIENTED_EDGE('',*,*,#3539,.T.);
#2483=ORIENTED_EDGE('',*,*,#3019,.T.);
#2484=ORIENTED_EDGE('',*,*,#3540,.F.);
#2485=ORIENTED_EDGE('',*,*,#3155,.F.);
#2486=ORIENTED_EDGE('',*,*,#3156,.T.);
#2487=ORIENTED_EDGE('',*,*,#3540,.T.);
#2488=ORIENTED_EDGE('',*,*,#3018,.F.);
#2489=ORIENTED_EDGE('',*,*,#3541,.F.);
#2490=ORIENTED_EDGE('',*,*,#3541,.T.);
#2491=ORIENTED_EDGE('',*,*,#3017,.T.);
#2492=ORIENTED_EDGE('',*,*,#3534,.F.);
#2493=ORIENTED_EDGE('',*,*,#3157,.F.);
#2494=ORIENTED_EDGE('',*,*,#3318,.T.);
#2495=ORIENTED_EDGE('',*,*,#3542,.T.);
#2496=ORIENTED_EDGE('',*,*,#3024,.F.);
#2497=ORIENTED_EDGE('',*,*,#3543,.F.);
#2498=ORIENTED_EDGE('',*,*,#3543,.T.);
#2499=ORIENTED_EDGE('',*,*,#3023,.T.);
#2500=ORIENTED_EDGE('',*,*,#3544,.F.);
#2501=ORIENTED_EDGE('',*,*,#3319,.F.);
#2502=ORIENTED_EDGE('',*,*,#3544,.T.);
#2503=ORIENTED_EDGE('',*,*,#3030,.T.);
#2504=ORIENTED_EDGE('',*,*,#3545,.F.);
#2505=ORIENTED_EDGE('',*,*,#3320,.F.);
#2506=ORIENTED_EDGE('',*,*,#3545,.T.);
#2507=ORIENTED_EDGE('',*,*,#3029,.T.);
#2508=ORIENTED_EDGE('',*,*,#3546,.F.);
#2509=ORIENTED_EDGE('',*,*,#3321,.F.);
#2510=ORIENTED_EDGE('',*,*,#3546,.T.);
#2511=ORIENTED_EDGE('',*,*,#3028,.T.);
#2512=ORIENTED_EDGE('',*,*,#3547,.F.);
#2513=ORIENTED_EDGE('',*,*,#3322,.F.);
#2514=ORIENTED_EDGE('',*,*,#3547,.T.);
#2515=ORIENTED_EDGE('',*,*,#3027,.T.);
#2516=ORIENTED_EDGE('',*,*,#3548,.F.);
#2517=ORIENTED_EDGE('',*,*,#3323,.F.);
#2518=ORIENTED_EDGE('',*,*,#3324,.T.);
#2519=ORIENTED_EDGE('',*,*,#3548,.T.);
#2520=ORIENTED_EDGE('',*,*,#3026,.F.);
#2521=ORIENTED_EDGE('',*,*,#3549,.F.);
#2522=ORIENTED_EDGE('',*,*,#3549,.T.);
#2523=ORIENTED_EDGE('',*,*,#3025,.T.);
#2524=ORIENTED_EDGE('',*,*,#3542,.F.);
#2525=ORIENTED_EDGE('',*,*,#3325,.F.);
#2526=ORIENTED_EDGE('',*,*,#3142,.T.);
#2527=ORIENTED_EDGE('',*,*,#3550,.T.);
#2528=ORIENTED_EDGE('',*,*,#3032,.F.);
#2529=ORIENTED_EDGE('',*,*,#3551,.F.);
#2530=ORIENTED_EDGE('',*,*,#3551,.T.);
#2531=ORIENTED_EDGE('',*,*,#3031,.T.);
#2532=ORIENTED_EDGE('',*,*,#3552,.F.);
#2533=ORIENTED_EDGE('',*,*,#3143,.F.);
#2534=ORIENTED_EDGE('',*,*,#3552,.T.);
#2535=ORIENTED_EDGE('',*,*,#3038,.T.);
#2536=ORIENTED_EDGE('',*,*,#3553,.F.);
#2537=ORIENTED_EDGE('',*,*,#3144,.F.);
#2538=ORIENTED_EDGE('',*,*,#3553,.T.);
#2539=ORIENTED_EDGE('',*,*,#3037,.T.);
#2540=ORIENTED_EDGE('',*,*,#3554,.F.);
#2541=ORIENTED_EDGE('',*,*,#3145,.F.);
#2542=ORIENTED_EDGE('',*,*,#3554,.T.);
#2543=ORIENTED_EDGE('',*,*,#3036,.T.);
#2544=ORIENTED_EDGE('',*,*,#3555,.F.);
#2545=ORIENTED_EDGE('',*,*,#3146,.F.);
#2546=ORIENTED_EDGE('',*,*,#3555,.T.);
#2547=ORIENTED_EDGE('',*,*,#3035,.T.);
#2548=ORIENTED_EDGE('',*,*,#3556,.F.);
#2549=ORIENTED_EDGE('',*,*,#3147,.F.);
#2550=ORIENTED_EDGE('',*,*,#3148,.T.);
#2551=ORIENTED_EDGE('',*,*,#3556,.T.);
#2552=ORIENTED_EDGE('',*,*,#3034,.F.);
#2553=ORIENTED_EDGE('',*,*,#3557,.F.);
#2554=ORIENTED_EDGE('',*,*,#3557,.T.);
#2555=ORIENTED_EDGE('',*,*,#3033,.T.);
#2556=ORIENTED_EDGE('',*,*,#3550,.F.);
#2557=ORIENTED_EDGE('',*,*,#3149,.F.);
#2558=ORIENTED_EDGE('',*,*,#3326,.T.);
#2559=ORIENTED_EDGE('',*,*,#3558,.T.);
#2560=ORIENTED_EDGE('',*,*,#3040,.F.);
#2561=ORIENTED_EDGE('',*,*,#3559,.F.);
#2562=ORIENTED_EDGE('',*,*,#3559,.T.);
#2563=ORIENTED_EDGE('',*,*,#3039,.T.);
#2564=ORIENTED_EDGE('',*,*,#3560,.F.);
#2565=ORIENTED_EDGE('',*,*,#3327,.F.);
#2566=ORIENTED_EDGE('',*,*,#3560,.T.);
#2567=ORIENTED_EDGE('',*,*,#3046,.T.);
#2568=ORIENTED_EDGE('',*,*,#3561,.F.);
#2569=ORIENTED_EDGE('',*,*,#3328,.F.);
#2570=ORIENTED_EDGE('',*,*,#3561,.T.);
#2571=ORIENTED_EDGE('',*,*,#3045,.T.);
#2572=ORIENTED_EDGE('',*,*,#3562,.F.);
#2573=ORIENTED_EDGE('',*,*,#3329,.F.);
#2574=ORIENTED_EDGE('',*,*,#3562,.T.);
#2575=ORIENTED_EDGE('',*,*,#3044,.T.);
#2576=ORIENTED_EDGE('',*,*,#3563,.F.);
#2577=ORIENTED_EDGE('',*,*,#3330,.F.);
#2578=ORIENTED_EDGE('',*,*,#3563,.T.);
#2579=ORIENTED_EDGE('',*,*,#3043,.T.);
#2580=ORIENTED_EDGE('',*,*,#3564,.F.);
#2581=ORIENTED_EDGE('',*,*,#3331,.F.);
#2582=ORIENTED_EDGE('',*,*,#3332,.T.);
#2583=ORIENTED_EDGE('',*,*,#3564,.T.);
#2584=ORIENTED_EDGE('',*,*,#3042,.F.);
#2585=ORIENTED_EDGE('',*,*,#3565,.F.);
#2586=ORIENTED_EDGE('',*,*,#3565,.T.);
#2587=ORIENTED_EDGE('',*,*,#3041,.T.);
#2588=ORIENTED_EDGE('',*,*,#3558,.F.);
#2589=ORIENTED_EDGE('',*,*,#3333,.F.);
#2590=ORIENTED_EDGE('',*,*,#3134,.T.);
#2591=ORIENTED_EDGE('',*,*,#3566,.T.);
#2592=ORIENTED_EDGE('',*,*,#3048,.F.);
#2593=ORIENTED_EDGE('',*,*,#3567,.F.);
#2594=ORIENTED_EDGE('',*,*,#3567,.T.);
#2595=ORIENTED_EDGE('',*,*,#3047,.T.);
#2596=ORIENTED_EDGE('',*,*,#3568,.F.);
#2597=ORIENTED_EDGE('',*,*,#3135,.F.);
#2598=ORIENTED_EDGE('',*,*,#3568,.T.);
#2599=ORIENTED_EDGE('',*,*,#3054,.T.);
#2600=ORIENTED_EDGE('',*,*,#3569,.F.);
#2601=ORIENTED_EDGE('',*,*,#3136,.F.);
#2602=ORIENTED_EDGE('',*,*,#3569,.T.);
#2603=ORIENTED_EDGE('',*,*,#3053,.T.);
#2604=ORIENTED_EDGE('',*,*,#3570,.F.);
#2605=ORIENTED_EDGE('',*,*,#3137,.F.);
#2606=ORIENTED_EDGE('',*,*,#3570,.T.);
#2607=ORIENTED_EDGE('',*,*,#3052,.T.);
#2608=ORIENTED_EDGE('',*,*,#3571,.F.);
#2609=ORIENTED_EDGE('',*,*,#3138,.F.);
#2610=ORIENTED_EDGE('',*,*,#3571,.T.);
#2611=ORIENTED_EDGE('',*,*,#3051,.T.);
#2612=ORIENTED_EDGE('',*,*,#3572,.F.);
#2613=ORIENTED_EDGE('',*,*,#3139,.F.);
#2614=ORIENTED_EDGE('',*,*,#3140,.T.);
#2615=ORIENTED_EDGE('',*,*,#3572,.T.);
#2616=ORIENTED_EDGE('',*,*,#3050,.F.);
#2617=ORIENTED_EDGE('',*,*,#3573,.F.);
#2618=ORIENTED_EDGE('',*,*,#3573,.T.);
#2619=ORIENTED_EDGE('',*,*,#3049,.T.);
#2620=ORIENTED_EDGE('',*,*,#3566,.F.);
#2621=ORIENTED_EDGE('',*,*,#3141,.F.);
#2622=ORIENTED_EDGE('',*,*,#3334,.T.);
#2623=ORIENTED_EDGE('',*,*,#3574,.T.);
#2624=ORIENTED_EDGE('',*,*,#3056,.F.);
#2625=ORIENTED_EDGE('',*,*,#3575,.F.);
#2626=ORIENTED_EDGE('',*,*,#3575,.T.);
#2627=ORIENTED_EDGE('',*,*,#3055,.T.);
#2628=ORIENTED_EDGE('',*,*,#3576,.F.);
#2629=ORIENTED_EDGE('',*,*,#3335,.F.);
#2630=ORIENTED_EDGE('',*,*,#3576,.T.);
#2631=ORIENTED_EDGE('',*,*,#3062,.T.);
#2632=ORIENTED_EDGE('',*,*,#3577,.F.);
#2633=ORIENTED_EDGE('',*,*,#3336,.F.);
#2634=ORIENTED_EDGE('',*,*,#3577,.T.);
#2635=ORIENTED_EDGE('',*,*,#3061,.T.);
#2636=ORIENTED_EDGE('',*,*,#3578,.F.);
#2637=ORIENTED_EDGE('',*,*,#3337,.F.);
#2638=ORIENTED_EDGE('',*,*,#3578,.T.);
#2639=ORIENTED_EDGE('',*,*,#3060,.T.);
#2640=ORIENTED_EDGE('',*,*,#3579,.F.);
#2641=ORIENTED_EDGE('',*,*,#3338,.F.);
#2642=ORIENTED_EDGE('',*,*,#3579,.T.);
#2643=ORIENTED_EDGE('',*,*,#3059,.T.);
#2644=ORIENTED_EDGE('',*,*,#3580,.F.);
#2645=ORIENTED_EDGE('',*,*,#3339,.F.);
#2646=ORIENTED_EDGE('',*,*,#3340,.T.);
#2647=ORIENTED_EDGE('',*,*,#3580,.T.);
#2648=ORIENTED_EDGE('',*,*,#3058,.F.);
#2649=ORIENTED_EDGE('',*,*,#3581,.F.);
#2650=ORIENTED_EDGE('',*,*,#3581,.T.);
#2651=ORIENTED_EDGE('',*,*,#3057,.T.);
#2652=ORIENTED_EDGE('',*,*,#3574,.F.);
#2653=ORIENTED_EDGE('',*,*,#3341,.F.);
#2654=ORIENTED_EDGE('',*,*,#3126,.T.);
#2655=ORIENTED_EDGE('',*,*,#3582,.T.);
#2656=ORIENTED_EDGE('',*,*,#3064,.F.);
#2657=ORIENTED_EDGE('',*,*,#3583,.F.);
#2658=ORIENTED_EDGE('',*,*,#3583,.T.);
#2659=ORIENTED_EDGE('',*,*,#3063,.T.);
#2660=ORIENTED_EDGE('',*,*,#3584,.F.);
#2661=ORIENTED_EDGE('',*,*,#3127,.F.);
#2662=ORIENTED_EDGE('',*,*,#3584,.T.);
#2663=ORIENTED_EDGE('',*,*,#3070,.T.);
#2664=ORIENTED_EDGE('',*,*,#3585,.F.);
#2665=ORIENTED_EDGE('',*,*,#3128,.F.);
#2666=ORIENTED_EDGE('',*,*,#3585,.T.);
#2667=ORIENTED_EDGE('',*,*,#3069,.T.);
#2668=ORIENTED_EDGE('',*,*,#3586,.F.);
#2669=ORIENTED_EDGE('',*,*,#3129,.F.);
#2670=ORIENTED_EDGE('',*,*,#3586,.T.);
#2671=ORIENTED_EDGE('',*,*,#3068,.T.);
#2672=ORIENTED_EDGE('',*,*,#3587,.F.);
#2673=ORIENTED_EDGE('',*,*,#3130,.F.);
#2674=ORIENTED_EDGE('',*,*,#3587,.T.);
#2675=ORIENTED_EDGE('',*,*,#3067,.T.);
#2676=ORIENTED_EDGE('',*,*,#3588,.F.);
#2677=ORIENTED_EDGE('',*,*,#3131,.F.);
#2678=ORIENTED_EDGE('',*,*,#3132,.T.);
#2679=ORIENTED_EDGE('',*,*,#3588,.T.);
#2680=ORIENTED_EDGE('',*,*,#3066,.F.);
#2681=ORIENTED_EDGE('',*,*,#3589,.F.);
#2682=ORIENTED_EDGE('',*,*,#3589,.T.);
#2683=ORIENTED_EDGE('',*,*,#3065,.T.);
#2684=ORIENTED_EDGE('',*,*,#3582,.F.);
#2685=ORIENTED_EDGE('',*,*,#3133,.F.);
#2686=ORIENTED_EDGE('',*,*,#3342,.T.);
#2687=ORIENTED_EDGE('',*,*,#3590,.T.);
#2688=ORIENTED_EDGE('',*,*,#3072,.F.);
#2689=ORIENTED_EDGE('',*,*,#3591,.F.);
#2690=ORIENTED_EDGE('',*,*,#3591,.T.);
#2691=ORIENTED_EDGE('',*,*,#3071,.T.);
#2692=ORIENTED_EDGE('',*,*,#3592,.F.);
#2693=ORIENTED_EDGE('',*,*,#3343,.F.);
#2694=ORIENTED_EDGE('',*,*,#3592,.T.);
#2695=ORIENTED_EDGE('',*,*,#3078,.T.);
#2696=ORIENTED_EDGE('',*,*,#3593,.F.);
#2697=ORIENTED_EDGE('',*,*,#3344,.F.);
#2698=ORIENTED_EDGE('',*,*,#3593,.T.);
#2699=ORIENTED_EDGE('',*,*,#3077,.T.);
#2700=ORIENTED_EDGE('',*,*,#3594,.F.);
#2701=ORIENTED_EDGE('',*,*,#3345,.F.);
#2702=ORIENTED_EDGE('',*,*,#3594,.T.);
#2703=ORIENTED_EDGE('',*,*,#3076,.T.);
#2704=ORIENTED_EDGE('',*,*,#3595,.F.);
#2705=ORIENTED_EDGE('',*,*,#3346,.F.);
#2706=ORIENTED_EDGE('',*,*,#3595,.T.);
#2707=ORIENTED_EDGE('',*,*,#3075,.T.);
#2708=ORIENTED_EDGE('',*,*,#3596,.F.);
#2709=ORIENTED_EDGE('',*,*,#3347,.F.);
#2710=ORIENTED_EDGE('',*,*,#3348,.T.);
#2711=ORIENTED_EDGE('',*,*,#3596,.T.);
#2712=ORIENTED_EDGE('',*,*,#3074,.F.);
#2713=ORIENTED_EDGE('',*,*,#3597,.F.);
#2714=ORIENTED_EDGE('',*,*,#3597,.T.);
#2715=ORIENTED_EDGE('',*,*,#3073,.T.);
#2716=ORIENTED_EDGE('',*,*,#3590,.F.);
#2717=ORIENTED_EDGE('',*,*,#3349,.F.);
#2718=ORIENTED_EDGE('',*,*,#3118,.T.);
#2719=ORIENTED_EDGE('',*,*,#3598,.T.);
#2720=ORIENTED_EDGE('',*,*,#3080,.F.);
#2721=ORIENTED_EDGE('',*,*,#3599,.F.);
#2722=ORIENTED_EDGE('',*,*,#3599,.T.);
#2723=ORIENTED_EDGE('',*,*,#3079,.T.);
#2724=ORIENTED_EDGE('',*,*,#3600,.F.);
#2725=ORIENTED_EDGE('',*,*,#3119,.F.);
#2726=ORIENTED_EDGE('',*,*,#3600,.T.);
#2727=ORIENTED_EDGE('',*,*,#3086,.T.);
#2728=ORIENTED_EDGE('',*,*,#3601,.F.);
#2729=ORIENTED_EDGE('',*,*,#3120,.F.);
#2730=ORIENTED_EDGE('',*,*,#3601,.T.);
#2731=ORIENTED_EDGE('',*,*,#3085,.T.);
#2732=ORIENTED_EDGE('',*,*,#3602,.F.);
#2733=ORIENTED_EDGE('',*,*,#3121,.F.);
#2734=ORIENTED_EDGE('',*,*,#3602,.T.);
#2735=ORIENTED_EDGE('',*,*,#3084,.T.);
#2736=ORIENTED_EDGE('',*,*,#3603,.F.);
#2737=ORIENTED_EDGE('',*,*,#3122,.F.);
#2738=ORIENTED_EDGE('',*,*,#3603,.T.);
#2739=ORIENTED_EDGE('',*,*,#3083,.T.);
#2740=ORIENTED_EDGE('',*,*,#3604,.F.);
#2741=ORIENTED_EDGE('',*,*,#3123,.F.);
#2742=ORIENTED_EDGE('',*,*,#3124,.T.);
#2743=ORIENTED_EDGE('',*,*,#3604,.T.);
#2744=ORIENTED_EDGE('',*,*,#3082,.F.);
#2745=ORIENTED_EDGE('',*,*,#3605,.F.);
#2746=ORIENTED_EDGE('',*,*,#3605,.T.);
#2747=ORIENTED_EDGE('',*,*,#3081,.T.);
#2748=ORIENTED_EDGE('',*,*,#3598,.F.);
#2749=ORIENTED_EDGE('',*,*,#3125,.F.);
#2750=ORIENTED_EDGE('',*,*,#3350,.T.);
#2751=ORIENTED_EDGE('',*,*,#3606,.T.);
#2752=ORIENTED_EDGE('',*,*,#3088,.F.);
#2753=ORIENTED_EDGE('',*,*,#3607,.F.);
#2754=ORIENTED_EDGE('',*,*,#3607,.T.);
#2755=ORIENTED_EDGE('',*,*,#3087,.T.);
#2756=ORIENTED_EDGE('',*,*,#3608,.F.);
#2757=ORIENTED_EDGE('',*,*,#3351,.F.);
#2758=ORIENTED_EDGE('',*,*,#3608,.T.);
#2759=ORIENTED_EDGE('',*,*,#3094,.T.);
#2760=ORIENTED_EDGE('',*,*,#3609,.F.);
#2761=ORIENTED_EDGE('',*,*,#3352,.F.);
#2762=ORIENTED_EDGE('',*,*,#3609,.T.);
#2763=ORIENTED_EDGE('',*,*,#3093,.T.);
#2764=ORIENTED_EDGE('',*,*,#3610,.F.);
#2765=ORIENTED_EDGE('',*,*,#3353,.F.);
#2766=ORIENTED_EDGE('',*,*,#3610,.T.);
#2767=ORIENTED_EDGE('',*,*,#3092,.T.);
#2768=ORIENTED_EDGE('',*,*,#3611,.F.);
#2769=ORIENTED_EDGE('',*,*,#3354,.F.);
#2770=ORIENTED_EDGE('',*,*,#3611,.T.);
#2771=ORIENTED_EDGE('',*,*,#3091,.T.);
#2772=ORIENTED_EDGE('',*,*,#3612,.F.);
#2773=ORIENTED_EDGE('',*,*,#3355,.F.);
#2774=ORIENTED_EDGE('',*,*,#3356,.T.);
#2775=ORIENTED_EDGE('',*,*,#3612,.T.);
#2776=ORIENTED_EDGE('',*,*,#3090,.F.);
#2777=ORIENTED_EDGE('',*,*,#3613,.F.);
#2778=ORIENTED_EDGE('',*,*,#3613,.T.);
#2779=ORIENTED_EDGE('',*,*,#3089,.T.);
#2780=ORIENTED_EDGE('',*,*,#3606,.F.);
#2781=ORIENTED_EDGE('',*,*,#3357,.F.);
#2782=ORIENTED_EDGE('',*,*,#3100,.F.);
#2783=ORIENTED_EDGE('',*,*,#3614,.T.);
#2784=ORIENTED_EDGE('',*,*,#2851,.T.);
#2785=ORIENTED_EDGE('',*,*,#3615,.T.);
#2786=ORIENTED_EDGE('',*,*,#2832,.F.);
#2787=ORIENTED_EDGE('',*,*,#3616,.T.);
#2788=ORIENTED_EDGE('',*,*,#3096,.T.);
#2789=ORIENTED_EDGE('',*,*,#3617,.T.);
#2790=ORIENTED_EDGE('',*,*,#3098,.T.);
#2791=ORIENTED_EDGE('',*,*,#3618,.T.);
#2792=ORIENTED_EDGE('',*,*,#2853,.F.);
#2793=ORIENTED_EDGE('',*,*,#3619,.T.);
#2794=ORIENTED_EDGE('',*,*,#2854,.F.);
#2795=ORIENTED_EDGE('',*,*,#3618,.F.);
#2796=ORIENTED_EDGE('',*,*,#3097,.F.);
#2797=ORIENTED_EDGE('',*,*,#3616,.F.);
#2798=ORIENTED_EDGE('',*,*,#2852,.F.);
#2799=ORIENTED_EDGE('',*,*,#3614,.F.);
#2800=ORIENTED_EDGE('',*,*,#3099,.F.);
#2801=ORIENTED_EDGE('',*,*,#3619,.F.);
#2802=ORIENTED_EDGE('',*,*,#2833,.F.);
#2803=ORIENTED_EDGE('',*,*,#3617,.F.);
#2804=ORIENTED_EDGE('',*,*,#3095,.F.);
#2805=ORIENTED_EDGE('',*,*,#2829,.F.);
#2806=ORIENTED_EDGE('',*,*,#2850,.F.);
#2807=ORIENTED_EDGE('',*,*,#3364,.F.);
#2808=ORIENTED_EDGE('',*,*,#3101,.F.);
#2809=ORIENTED_EDGE('',*,*,#3615,.F.);
#2810=ORIENTED_EDGE('',*,*,#2827,.T.);
#2811=ORIENTED_EDGE('',*,*,#2825,.T.);
#2812=ORIENTED_EDGE('',*,*,#2823,.T.);
#2813=ORIENTED_EDGE('',*,*,#2821,.T.);
#2814=ORIENTED_EDGE('',*,*,#2819,.T.);
#2815=ORIENTED_EDGE('',*,*,#2817,.T.);
#2816=EDGE_CURVE('',#3620,#3620,#4160,.T.);
#2817=EDGE_CURVE('',#3621,#3621,#4161,.F.);
#2818=EDGE_CURVE('',#3622,#3622,#4162,.T.);
#2819=EDGE_CURVE('',#3623,#3623,#4163,.F.);
#2820=EDGE_CURVE('',#3624,#3624,#4164,.T.);
#2821=EDGE_CURVE('',#3625,#3625,#4165,.F.);
#2822=EDGE_CURVE('',#3626,#3626,#4166,.T.);
#2823=EDGE_CURVE('',#3627,#3627,#4167,.F.);
#2824=EDGE_CURVE('',#3628,#3628,#4168,.T.);
#2825=EDGE_CURVE('',#3629,#3629,#4169,.F.);
#2826=EDGE_CURVE('',#3630,#3630,#4170,.T.);
#2827=EDGE_CURVE('',#3631,#3631,#4171,.F.);
#2828=EDGE_CURVE('',#3632,#3633,#12,.T.);
#2829=EDGE_CURVE('',#3633,#3634,#13,.T.);
#2830=EDGE_CURVE('',#3635,#3634,#14,.T.);
#2831=EDGE_CURVE('',#3635,#3632,#15,.F.);
#2832=EDGE_CURVE('',#3636,#3637,#16,.T.);
#2833=EDGE_CURVE('',#3637,#3633,#4172,.T.);
#2834=EDGE_CURVE('',#3632,#3638,#4173,.T.);
#2835=EDGE_CURVE('',#3638,#3639,#17,.T.);
#2836=EDGE_CURVE('',#3639,#3640,#4174,.T.);
#2837=EDGE_CURVE('',#3640,#3641,#18,.T.);
#2838=EDGE_CURVE('',#3641,#3642,#4175,.F.);
#2839=EDGE_CURVE('',#3642,#3643,#19,.T.);
#2840=EDGE_CURVE('',#3643,#3644,#4176,.T.);
#2841=EDGE_CURVE('',#3644,#3645,#20,.T.);
#2842=EDGE_CURVE('',#3645,#3646,#4177,.T.);
#2843=EDGE_CURVE('',#3647,#3646,#21,.T.);
#2844=EDGE_CURVE('',#3647,#3648,#4178,.F.);
#2845=EDGE_CURVE('',#3648,#3649,#22,.T.);
#2846=EDGE_CURVE('',#3649,#3650,#4179,.T.);
#2847=EDGE_CURVE('',#3651,#3650,#23,.T.);
#2848=EDGE_CURVE('',#3651,#3652,#4180,.T.);
#2849=EDGE_CURVE('',#3653,#3652,#24,.T.);
#2850=EDGE_CURVE('',#3653,#3654,#4181,.T.);
#2851=EDGE_CURVE('',#3655,#3654,#25,.T.);
#2852=EDGE_CURVE('',#3655,#3656,#4182,.F.);
#2853=EDGE_CURVE('',#3656,#3657,#26,.T.);
#2854=EDGE_CURVE('',#3657,#3636,#4183,.F.);
#2855=EDGE_CURVE('',#3658,#3659,#4184,.T.);
#2856=EDGE_CURVE('',#3658,#3660,#27,.T.);
#2857=EDGE_CURVE('',#3661,#3660,#4185,.T.);
#2858=EDGE_CURVE('',#3661,#3662,#28,.T.);
#2859=EDGE_CURVE('',#3663,#3662,#4186,.T.);
#2860=EDGE_CURVE('',#3664,#3663,#29,.T.);
#2861=EDGE_CURVE('',#3665,#3664,#4187,.T.);
#2862=EDGE_CURVE('',#3659,#3665,#30,.T.);
#2863=EDGE_CURVE('',#3666,#3667,#4188,.T.);
#2864=EDGE_CURVE('',#3666,#3668,#31,.T.);
#2865=EDGE_CURVE('',#3669,#3668,#4189,.T.);
#2866=EDGE_CURVE('',#3669,#3670,#32,.T.);
#2867=EDGE_CURVE('',#3671,#3670,#4190,.T.);
#2868=EDGE_CURVE('',#3672,#3671,#33,.T.);
#2869=EDGE_CURVE('',#3673,#3672,#4191,.T.);
#2870=EDGE_CURVE('',#3667,#3673,#34,.T.);
#2871=EDGE_CURVE('',#3674,#3675,#4192,.T.);
#2872=EDGE_CURVE('',#3674,#3676,#35,.T.);
#2873=EDGE_CURVE('',#3677,#3676,#4193,.T.);
#2874=EDGE_CURVE('',#3677,#3678,#36,.T.);
#2875=EDGE_CURVE('',#3679,#3678,#4194,.T.);
#2876=EDGE_CURVE('',#3680,#3679,#37,.T.);
#2877=EDGE_CURVE('',#3681,#3680,#4195,.T.);
#2878=EDGE_CURVE('',#3675,#3681,#38,.T.);
#2879=EDGE_CURVE('',#3682,#3683,#4196,.T.);
#2880=EDGE_CURVE('',#3682,#3684,#39,.T.);
#2881=EDGE_CURVE('',#3685,#3684,#4197,.T.);
#2882=EDGE_CURVE('',#3685,#3686,#40,.T.);
#2883=EDGE_CURVE('',#3687,#3686,#4198,.T.);
#2884=EDGE_CURVE('',#3688,#3687,#41,.T.);
#2885=EDGE_CURVE('',#3689,#3688,#4199,.T.);
#2886=EDGE_CURVE('',#3683,#3689,#42,.T.);
#2887=EDGE_CURVE('',#3690,#3691,#4200,.T.);
#2888=EDGE_CURVE('',#3690,#3692,#43,.T.);
#2889=EDGE_CURVE('',#3693,#3692,#4201,.T.);
#2890=EDGE_CURVE('',#3693,#3694,#44,.T.);
#2891=EDGE_CURVE('',#3695,#3694,#4202,.T.);
#2892=EDGE_CURVE('',#3696,#3695,#45,.T.);
#2893=EDGE_CURVE('',#3697,#3696,#4203,.T.);
#2894=EDGE_CURVE('',#3691,#3697,#46,.T.);
#2895=EDGE_CURVE('',#3698,#3699,#4204,.T.);
#2896=EDGE_CURVE('',#3698,#3700,#47,.T.);
#2897=EDGE_CURVE('',#3701,#3700,#4205,.T.);
#2898=EDGE_CURVE('',#3701,#3702,#48,.T.);
#2899=EDGE_CURVE('',#3703,#3702,#4206,.T.);
#2900=EDGE_CURVE('',#3704,#3703,#49,.T.);
#2901=EDGE_CURVE('',#3705,#3704,#4207,.T.);
#2902=EDGE_CURVE('',#3699,#3705,#50,.T.);
#2903=EDGE_CURVE('',#3706,#3707,#4208,.T.);
#2904=EDGE_CURVE('',#3706,#3708,#51,.T.);
#2905=EDGE_CURVE('',#3709,#3708,#4209,.T.);
#2906=EDGE_CURVE('',#3709,#3710,#52,.T.);
#2907=EDGE_CURVE('',#3711,#3710,#4210,.T.);
#2908=EDGE_CURVE('',#3712,#3711,#53,.T.);
#2909=EDGE_CURVE('',#3713,#3712,#4211,.T.);
#2910=EDGE_CURVE('',#3707,#3713,#54,.T.);
#2911=EDGE_CURVE('',#3714,#3715,#4212,.T.);
#2912=EDGE_CURVE('',#3714,#3716,#55,.T.);
#2913=EDGE_CURVE('',#3717,#3716,#4213,.T.);
#2914=EDGE_CURVE('',#3717,#3718,#56,.T.);
#2915=EDGE_CURVE('',#3719,#3718,#4214,.T.);
#2916=EDGE_CURVE('',#3720,#3719,#57,.T.);
#2917=EDGE_CURVE('',#3721,#3720,#4215,.T.);
#2918=EDGE_CURVE('',#3715,#3721,#58,.T.);
#2919=EDGE_CURVE('',#3722,#3723,#4216,.T.);
#2920=EDGE_CURVE('',#3722,#3724,#59,.T.);
#2921=EDGE_CURVE('',#3725,#3724,#4217,.T.);
#2922=EDGE_CURVE('',#3725,#3726,#60,.T.);
#2923=EDGE_CURVE('',#3727,#3726,#4218,.T.);
#2924=EDGE_CURVE('',#3728,#3727,#61,.T.);
#2925=EDGE_CURVE('',#3729,#3728,#4219,.T.);
#2926=EDGE_CURVE('',#3723,#3729,#62,.T.);
#2927=EDGE_CURVE('',#3730,#3731,#4220,.T.);
#2928=EDGE_CURVE('',#3730,#3732,#63,.T.);
#2929=EDGE_CURVE('',#3733,#3732,#4221,.T.);
#2930=EDGE_CURVE('',#3733,#3734,#64,.T.);
#2931=EDGE_CURVE('',#3735,#3734,#4222,.T.);
#2932=EDGE_CURVE('',#3736,#3735,#65,.T.);
#2933=EDGE_CURVE('',#3737,#3736,#4223,.T.);
#2934=EDGE_CURVE('',#3731,#3737,#66,.T.);
#2935=EDGE_CURVE('',#3738,#3739,#4224,.T.);
#2936=EDGE_CURVE('',#3738,#3740,#67,.T.);
#2937=EDGE_CURVE('',#3741,#3740,#4225,.T.);
#2938=EDGE_CURVE('',#3741,#3742,#68,.T.);
#2939=EDGE_CURVE('',#3743,#3742,#4226,.T.);
#2940=EDGE_CURVE('',#3744,#3743,#69,.T.);
#2941=EDGE_CURVE('',#3745,#3744,#4227,.T.);
#2942=EDGE_CURVE('',#3739,#3745,#70,.T.);
#2943=EDGE_CURVE('',#3746,#3747,#4228,.T.);
#2944=EDGE_CURVE('',#3746,#3748,#71,.T.);
#2945=EDGE_CURVE('',#3749,#3748,#4229,.T.);
#2946=EDGE_CURVE('',#3749,#3750,#72,.T.);
#2947=EDGE_CURVE('',#3751,#3750,#4230,.T.);
#2948=EDGE_CURVE('',#3752,#3751,#73,.T.);
#2949=EDGE_CURVE('',#3753,#3752,#4231,.T.);
#2950=EDGE_CURVE('',#3747,#3753,#74,.T.);
#2951=EDGE_CURVE('',#3754,#3755,#4232,.T.);
#2952=EDGE_CURVE('',#3754,#3756,#75,.T.);
#2953=EDGE_CURVE('',#3757,#3756,#4233,.T.);
#2954=EDGE_CURVE('',#3757,#3758,#76,.T.);
#2955=EDGE_CURVE('',#3759,#3758,#4234,.T.);
#2956=EDGE_CURVE('',#3760,#3759,#77,.T.);
#2957=EDGE_CURVE('',#3761,#3760,#4235,.T.);
#2958=EDGE_CURVE('',#3755,#3761,#78,.T.);
#2959=EDGE_CURVE('',#3762,#3763,#4236,.T.);
#2960=EDGE_CURVE('',#3762,#3764,#79,.T.);
#2961=EDGE_CURVE('',#3765,#3764,#4237,.T.);
#2962=EDGE_CURVE('',#3765,#3766,#80,.T.);
#2963=EDGE_CURVE('',#3767,#3766,#4238,.T.);
#2964=EDGE_CURVE('',#3768,#3767,#81,.T.);
#2965=EDGE_CURVE('',#3769,#3768,#4239,.T.);
#2966=EDGE_CURVE('',#3763,#3769,#82,.T.);
#2967=EDGE_CURVE('',#3770,#3771,#4240,.T.);
#2968=EDGE_CURVE('',#3770,#3772,#83,.T.);
#2969=EDGE_CURVE('',#3773,#3772,#4241,.T.);
#2970=EDGE_CURVE('',#3773,#3774,#84,.T.);
#2971=EDGE_CURVE('',#3775,#3774,#4242,.T.);
#2972=EDGE_CURVE('',#3776,#3775,#85,.T.);
#2973=EDGE_CURVE('',#3777,#3776,#4243,.T.);
#2974=EDGE_CURVE('',#3771,#3777,#86,.T.);
#2975=EDGE_CURVE('',#3778,#3779,#4244,.T.);
#2976=EDGE_CURVE('',#3778,#3780,#87,.T.);
#2977=EDGE_CURVE('',#3781,#3780,#4245,.T.);
#2978=EDGE_CURVE('',#3781,#3782,#88,.T.);
#2979=EDGE_CURVE('',#3783,#3782,#4246,.T.);
#2980=EDGE_CURVE('',#3784,#3783,#89,.T.);
#2981=EDGE_CURVE('',#3785,#3784,#4247,.T.);
#2982=EDGE_CURVE('',#3779,#3785,#90,.T.);
#2983=EDGE_CURVE('',#3786,#3787,#4248,.T.);
#2984=EDGE_CURVE('',#3786,#3788,#91,.T.);
#2985=EDGE_CURVE('',#3789,#3788,#4249,.T.);
#2986=EDGE_CURVE('',#3789,#3790,#92,.T.);
#2987=EDGE_CURVE('',#3791,#3790,#4250,.T.);
#2988=EDGE_CURVE('',#3792,#3791,#93,.T.);
#2989=EDGE_CURVE('',#3793,#3792,#4251,.T.);
#2990=EDGE_CURVE('',#3787,#3793,#94,.T.);
#2991=EDGE_CURVE('',#3794,#3795,#4252,.T.);
#2992=EDGE_CURVE('',#3794,#3796,#95,.T.);
#2993=EDGE_CURVE('',#3797,#3796,#4253,.T.);
#2994=EDGE_CURVE('',#3797,#3798,#96,.T.);
#2995=EDGE_CURVE('',#3799,#3798,#4254,.T.);
#2996=EDGE_CURVE('',#3800,#3799,#97,.T.);
#2997=EDGE_CURVE('',#3801,#3800,#4255,.T.);
#2998=EDGE_CURVE('',#3795,#3801,#98,.T.);
#2999=EDGE_CURVE('',#3802,#3803,#4256,.T.);
#3000=EDGE_CURVE('',#3802,#3804,#99,.T.);
#3001=EDGE_CURVE('',#3805,#3804,#4257,.T.);
#3002=EDGE_CURVE('',#3805,#3806,#100,.T.);
#3003=EDGE_CURVE('',#3807,#3806,#4258,.T.);
#3004=EDGE_CURVE('',#3808,#3807,#101,.T.);
#3005=EDGE_CURVE('',#3809,#3808,#4259,.T.);
#3006=EDGE_CURVE('',#3803,#3809,#102,.T.);
#3007=EDGE_CURVE('',#3810,#3811,#4260,.T.);
#3008=EDGE_CURVE('',#3810,#3812,#103,.T.);
#3009=EDGE_CURVE('',#3813,#3812,#4261,.T.);
#3010=EDGE_CURVE('',#3813,#3814,#104,.T.);
#3011=EDGE_CURVE('',#3815,#3814,#4262,.T.);
#3012=EDGE_CURVE('',#3816,#3815,#105,.T.);
#3013=EDGE_CURVE('',#3817,#3816,#4263,.T.);
#3014=EDGE_CURVE('',#3811,#3817,#106,.T.);
#3015=EDGE_CURVE('',#3818,#3819,#4264,.T.);
#3016=EDGE_CURVE('',#3818,#3820,#107,.T.);
#3017=EDGE_CURVE('',#3821,#3820,#4265,.T.);
#3018=EDGE_CURVE('',#3821,#3822,#108,.T.);
#3019=EDGE_CURVE('',#3823,#3822,#4266,.T.);
#3020=EDGE_CURVE('',#3824,#3823,#109,.T.);
#3021=EDGE_CURVE('',#3825,#3824,#4267,.T.);
#3022=EDGE_CURVE('',#3819,#3825,#110,.T.);
#3023=EDGE_CURVE('',#3826,#3827,#4268,.T.);
#3024=EDGE_CURVE('',#3826,#3828,#111,.T.);
#3025=EDGE_CURVE('',#3829,#3828,#4269,.T.);
#3026=EDGE_CURVE('',#3829,#3830,#112,.T.);
#3027=EDGE_CURVE('',#3831,#3830,#4270,.T.);
#3028=EDGE_CURVE('',#3832,#3831,#113,.T.);
#3029=EDGE_CURVE('',#3833,#3832,#4271,.T.);
#3030=EDGE_CURVE('',#3827,#3833,#114,.T.);
#3031=EDGE_CURVE('',#3834,#3835,#4272,.T.);
#3032=EDGE_CURVE('',#3834,#3836,#115,.T.);
#3033=EDGE_CURVE('',#3837,#3836,#4273,.T.);
#3034=EDGE_CURVE('',#3837,#3838,#116,.T.);
#3035=EDGE_CURVE('',#3839,#3838,#4274,.T.);
#3036=EDGE_CURVE('',#3840,#3839,#117,.T.);
#3037=EDGE_CURVE('',#3841,#3840,#4275,.T.);
#3038=EDGE_CURVE('',#3835,#3841,#118,.T.);
#3039=EDGE_CURVE('',#3842,#3843,#4276,.T.);
#3040=EDGE_CURVE('',#3842,#3844,#119,.T.);
#3041=EDGE_CURVE('',#3845,#3844,#4277,.T.);
#3042=EDGE_CURVE('',#3845,#3846,#120,.T.);
#3043=EDGE_CURVE('',#3847,#3846,#4278,.T.);
#3044=EDGE_CURVE('',#3848,#3847,#121,.T.);
#3045=EDGE_CURVE('',#3849,#3848,#4279,.T.);
#3046=EDGE_CURVE('',#3843,#3849,#122,.T.);
#3047=EDGE_CURVE('',#3850,#3851,#4280,.T.);
#3048=EDGE_CURVE('',#3850,#3852,#123,.T.);
#3049=EDGE_CURVE('',#3853,#3852,#4281,.T.);
#3050=EDGE_CURVE('',#3853,#3854,#124,.T.);
#3051=EDGE_CURVE('',#3855,#3854,#4282,.T.);
#3052=EDGE_CURVE('',#3856,#3855,#125,.T.);
#3053=EDGE_CURVE('',#3857,#3856,#4283,.T.);
#3054=EDGE_CURVE('',#3851,#3857,#126,.T.);
#3055=EDGE_CURVE('',#3858,#3859,#4284,.T.);
#3056=EDGE_CURVE('',#3858,#3860,#127,.T.);
#3057=EDGE_CURVE('',#3861,#3860,#4285,.T.);
#3058=EDGE_CURVE('',#3861,#3862,#128,.T.);
#3059=EDGE_CURVE('',#3863,#3862,#4286,.T.);
#3060=EDGE_CURVE('',#3864,#3863,#129,.T.);
#3061=EDGE_CURVE('',#3865,#3864,#4287,.T.);
#3062=EDGE_CURVE('',#3859,#3865,#130,.T.);
#3063=EDGE_CURVE('',#3866,#3867,#4288,.T.);
#3064=EDGE_CURVE('',#3866,#3868,#131,.T.);
#3065=EDGE_CURVE('',#3869,#3868,#4289,.T.);
#3066=EDGE_CURVE('',#3869,#3870,#132,.T.);
#3067=EDGE_CURVE('',#3871,#3870,#4290,.T.);
#3068=EDGE_CURVE('',#3872,#3871,#133,.T.);
#3069=EDGE_CURVE('',#3873,#3872,#4291,.T.);
#3070=EDGE_CURVE('',#3867,#3873,#134,.T.);
#3071=EDGE_CURVE('',#3874,#3875,#4292,.T.);
#3072=EDGE_CURVE('',#3874,#3876,#135,.T.);
#3073=EDGE_CURVE('',#3877,#3876,#4293,.T.);
#3074=EDGE_CURVE('',#3877,#3878,#136,.T.);
#3075=EDGE_CURVE('',#3879,#3878,#4294,.T.);
#3076=EDGE_CURVE('',#3880,#3879,#137,.T.);
#3077=EDGE_CURVE('',#3881,#3880,#4295,.T.);
#3078=EDGE_CURVE('',#3875,#3881,#138,.T.);
#3079=EDGE_CURVE('',#3882,#3883,#4296,.T.);
#3080=EDGE_CURVE('',#3882,#3884,#139,.T.);
#3081=EDGE_CURVE('',#3885,#3884,#4297,.T.);
#3082=EDGE_CURVE('',#3885,#3886,#140,.T.);
#3083=EDGE_CURVE('',#3887,#3886,#4298,.T.);
#3084=EDGE_CURVE('',#3888,#3887,#141,.T.);
#3085=EDGE_CURVE('',#3889,#3888,#4299,.T.);
#3086=EDGE_CURVE('',#3883,#3889,#142,.T.);
#3087=EDGE_CURVE('',#3890,#3891,#4300,.T.);
#3088=EDGE_CURVE('',#3890,#3892,#143,.T.);
#3089=EDGE_CURVE('',#3893,#3892,#4301,.T.);
#3090=EDGE_CURVE('',#3893,#3894,#144,.T.);
#3091=EDGE_CURVE('',#3895,#3894,#4302,.T.);
#3092=EDGE_CURVE('',#3896,#3895,#145,.T.);
#3093=EDGE_CURVE('',#3897,#3896,#4303,.T.);
#3094=EDGE_CURVE('',#3891,#3897,#146,.T.);
#3095=EDGE_CURVE('',#3634,#3898,#4304,.F.);
#3096=EDGE_CURVE('',#3899,#3898,#147,.T.);
#3097=EDGE_CURVE('',#3899,#3900,#4305,.T.);
#3098=EDGE_CURVE('',#3901,#3900,#148,.T.);
#3099=EDGE_CURVE('',#3901,#3902,#4306,.T.);
#3100=EDGE_CURVE('',#3902,#3903,#149,.T.);
#3101=EDGE_CURVE('',#3903,#3904,#4307,.F.);
#3102=EDGE_CURVE('',#3904,#3905,#150,.T.);
#3103=EDGE_CURVE('',#3905,#3906,#4308,.F.);
#3104=EDGE_CURVE('',#3906,#3907,#151,.T.);
#3105=EDGE_CURVE('',#3907,#3908,#4309,.F.);
#3106=EDGE_CURVE('',#3909,#3908,#152,.T.);
#3107=EDGE_CURVE('',#3909,#3910,#4310,.T.);
#3108=EDGE_CURVE('',#3910,#3911,#153,.T.);
#3109=EDGE_CURVE('',#3911,#3912,#4311,.F.);
#3110=EDGE_CURVE('',#3913,#3912,#154,.T.);
#3111=EDGE_CURVE('',#3913,#3914,#4312,.F.);
#3112=EDGE_CURVE('',#3915,#3914,#155,.T.);
#3113=EDGE_CURVE('',#3915,#3916,#4313,.T.);
#3114=EDGE_CURVE('',#3917,#3916,#156,.T.);
#3115=EDGE_CURVE('',#3917,#3918,#4314,.F.);
#3116=EDGE_CURVE('',#3919,#3918,#157,.T.);
#3117=EDGE_CURVE('',#3919,#3635,#4315,.F.);
#3118=EDGE_CURVE('',#3920,#3921,#158,.T.);
#3119=EDGE_CURVE('',#3920,#3922,#4316,.T.);
#3120=EDGE_CURVE('',#3922,#3923,#159,.T.);
#3121=EDGE_CURVE('',#3923,#3924,#4317,.T.);
#3122=EDGE_CURVE('',#3924,#3925,#160,.T.);
#3123=EDGE_CURVE('',#3925,#3926,#4318,.T.);
#3124=EDGE_CURVE('',#3927,#3926,#161,.T.);
#3125=EDGE_CURVE('',#3927,#3921,#4319,.T.);
#3126=EDGE_CURVE('',#3928,#3929,#162,.T.);
#3127=EDGE_CURVE('',#3928,#3930,#4320,.T.);
#3128=EDGE_CURVE('',#3930,#3931,#163,.T.);
#3129=EDGE_CURVE('',#3931,#3932,#4321,.T.);
#3130=EDGE_CURVE('',#3932,#3933,#164,.T.);
#3131=EDGE_CURVE('',#3933,#3934,#4322,.T.);
#3132=EDGE_CURVE('',#3935,#3934,#165,.T.);
#3133=EDGE_CURVE('',#3935,#3929,#4323,.T.);
#3134=EDGE_CURVE('',#3936,#3937,#166,.T.);
#3135=EDGE_CURVE('',#3936,#3938,#4324,.T.);
#3136=EDGE_CURVE('',#3938,#3939,#167,.T.);
#3137=EDGE_CURVE('',#3939,#3940,#4325,.T.);
#3138=EDGE_CURVE('',#3940,#3941,#168,.T.);
#3139=EDGE_CURVE('',#3941,#3942,#4326,.T.);
#3140=EDGE_CURVE('',#3943,#3942,#169,.T.);
#3141=EDGE_CURVE('',#3943,#3937,#4327,.T.);
#3142=EDGE_CURVE('',#3944,#3945,#170,.T.);
#3143=EDGE_CURVE('',#3944,#3946,#4328,.T.);
#3144=EDGE_CURVE('',#3946,#3947,#171,.T.);
#3145=EDGE_CURVE('',#3947,#3948,#4329,.T.);
#3146=EDGE_CURVE('',#3948,#3949,#172,.T.);
#3147=EDGE_CURVE('',#3949,#3950,#4330,.T.);
#3148=EDGE_CURVE('',#3951,#3950,#173,.T.);
#3149=EDGE_CURVE('',#3951,#3945,#4331,.T.);
#3150=EDGE_CURVE('',#3952,#3953,#174,.T.);
#3151=EDGE_CURVE('',#3952,#3954,#4332,.T.);
#3152=EDGE_CURVE('',#3954,#3955,#175,.T.);
#3153=EDGE_CURVE('',#3955,#3956,#4333,.T.);
#3154=EDGE_CURVE('',#3956,#3957,#176,.T.);
#3155=EDGE_CURVE('',#3957,#3958,#4334,.T.);
#3156=EDGE_CURVE('',#3959,#3958,#177,.T.);
#3157=EDGE_CURVE('',#3959,#3953,#4335,.T.);
#3158=EDGE_CURVE('',#3960,#3961,#178,.T.);
#3159=EDGE_CURVE('',#3960,#3962,#4336,.T.);
#3160=EDGE_CURVE('',#3962,#3963,#179,.T.);
#3161=EDGE_CURVE('',#3963,#3964,#4337,.T.);
#3162=EDGE_CURVE('',#3964,#3965,#180,.T.);
#3163=EDGE_CURVE('',#3965,#3966,#4338,.T.);
#3164=EDGE_CURVE('',#3967,#3966,#181,.T.);
#3165=EDGE_CURVE('',#3967,#3961,#4339,.T.);
#3166=EDGE_CURVE('',#3968,#3969,#182,.T.);
#3167=EDGE_CURVE('',#3968,#3970,#4340,.T.);
#3168=EDGE_CURVE('',#3970,#3971,#183,.T.);
#3169=EDGE_CURVE('',#3971,#3972,#4341,.T.);
#3170=EDGE_CURVE('',#3972,#3973,#184,.T.);
#3171=EDGE_CURVE('',#3973,#3974,#4342,.T.);
#3172=EDGE_CURVE('',#3975,#3974,#185,.T.);
#3173=EDGE_CURVE('',#3975,#3969,#4343,.T.);
#3174=EDGE_CURVE('',#3976,#3977,#186,.T.);
#3175=EDGE_CURVE('',#3976,#3978,#4344,.T.);
#3176=EDGE_CURVE('',#3978,#3979,#187,.T.);
#3177=EDGE_CURVE('',#3979,#3980,#4345,.T.);
#3178=EDGE_CURVE('',#3980,#3981,#188,.T.);
#3179=EDGE_CURVE('',#3981,#3982,#4346,.T.);
#3180=EDGE_CURVE('',#3983,#3982,#189,.T.);
#3181=EDGE_CURVE('',#3983,#3977,#4347,.T.);
#3182=EDGE_CURVE('',#3984,#3985,#190,.T.);
#3183=EDGE_CURVE('',#3984,#3986,#4348,.T.);
#3184=EDGE_CURVE('',#3986,#3987,#191,.T.);
#3185=EDGE_CURVE('',#3987,#3988,#4349,.T.);
#3186=EDGE_CURVE('',#3988,#3989,#192,.T.);
#3187=EDGE_CURVE('',#3989,#3990,#4350,.T.);
#3188=EDGE_CURVE('',#3991,#3990,#193,.T.);
#3189=EDGE_CURVE('',#3991,#3985,#4351,.T.);
#3190=EDGE_CURVE('',#3992,#3993,#194,.T.);
#3191=EDGE_CURVE('',#3992,#3994,#4352,.T.);
#3192=EDGE_CURVE('',#3994,#3995,#195,.T.);
#3193=EDGE_CURVE('',#3995,#3996,#4353,.T.);
#3194=EDGE_CURVE('',#3996,#3997,#196,.T.);
#3195=EDGE_CURVE('',#3997,#3998,#4354,.T.);
#3196=EDGE_CURVE('',#3999,#3998,#197,.T.);
#3197=EDGE_CURVE('',#3999,#3993,#4355,.T.);
#3198=EDGE_CURVE('',#4000,#4001,#198,.T.);
#3199=EDGE_CURVE('',#4000,#4002,#4356,.T.);
#3200=EDGE_CURVE('',#4002,#4003,#199,.T.);
#3201=EDGE_CURVE('',#4003,#4004,#4357,.T.);
#3202=EDGE_CURVE('',#4004,#4005,#200,.T.);
#3203=EDGE_CURVE('',#4005,#4006,#4358,.T.);
#3204=EDGE_CURVE('',#4007,#4006,#201,.T.);
#3205=EDGE_CURVE('',#4007,#4001,#4359,.T.);
#3206=EDGE_CURVE('',#4008,#4009,#202,.T.);
#3207=EDGE_CURVE('',#4008,#4010,#4360,.T.);
#3208=EDGE_CURVE('',#4010,#4011,#203,.T.);
#3209=EDGE_CURVE('',#4011,#4012,#4361,.T.);
#3210=EDGE_CURVE('',#4012,#4013,#204,.T.);
#3211=EDGE_CURVE('',#4013,#4014,#4362,.T.);
#3212=EDGE_CURVE('',#4015,#4014,#205,.T.);
#3213=EDGE_CURVE('',#4015,#4009,#4363,.T.);
#3214=EDGE_CURVE('',#4016,#4017,#206,.T.);
#3215=EDGE_CURVE('',#4016,#4018,#4364,.T.);
#3216=EDGE_CURVE('',#4018,#4019,#207,.T.);
#3217=EDGE_CURVE('',#4019,#4020,#4365,.T.);
#3218=EDGE_CURVE('',#4020,#4021,#208,.T.);
#3219=EDGE_CURVE('',#4021,#4022,#4366,.T.);
#3220=EDGE_CURVE('',#4023,#4022,#209,.T.);
#3221=EDGE_CURVE('',#4023,#4017,#4367,.T.);
#3222=EDGE_CURVE('',#4024,#4025,#210,.T.);
#3223=EDGE_CURVE('',#4024,#4026,#4368,.T.);
#3224=EDGE_CURVE('',#4026,#4027,#211,.T.);
#3225=EDGE_CURVE('',#4027,#4028,#4369,.T.);
#3226=EDGE_CURVE('',#4028,#4029,#212,.T.);
#3227=EDGE_CURVE('',#4029,#4030,#4370,.T.);
#3228=EDGE_CURVE('',#4031,#4030,#213,.T.);
#3229=EDGE_CURVE('',#4031,#4025,#4371,.T.);
#3230=EDGE_CURVE('',#4032,#4033,#214,.T.);
#3231=EDGE_CURVE('',#4032,#4034,#4372,.T.);
#3232=EDGE_CURVE('',#4034,#4035,#215,.T.);
#3233=EDGE_CURVE('',#4035,#4036,#4373,.T.);
#3234=EDGE_CURVE('',#4036,#4037,#216,.T.);
#3235=EDGE_CURVE('',#4037,#4038,#4374,.T.);
#3236=EDGE_CURVE('',#4039,#4038,#217,.T.);
#3237=EDGE_CURVE('',#4039,#4033,#4375,.T.);
#3238=EDGE_CURVE('',#4040,#4041,#218,.T.);
#3239=EDGE_CURVE('',#4040,#4042,#4376,.T.);
#3240=EDGE_CURVE('',#4042,#4043,#219,.T.);
#3241=EDGE_CURVE('',#4043,#4044,#4377,.T.);
#3242=EDGE_CURVE('',#4044,#4045,#220,.T.);
#3243=EDGE_CURVE('',#4045,#4046,#4378,.T.);
#3244=EDGE_CURVE('',#4047,#4046,#221,.T.);
#3245=EDGE_CURVE('',#4047,#4041,#4379,.T.);
#3246=EDGE_CURVE('',#4048,#4049,#222,.T.);
#3247=EDGE_CURVE('',#4048,#4050,#4380,.T.);
#3248=EDGE_CURVE('',#4050,#4051,#223,.T.);
#3249=EDGE_CURVE('',#4051,#4052,#4381,.T.);
#3250=EDGE_CURVE('',#4052,#4053,#224,.T.);
#3251=EDGE_CURVE('',#4053,#4054,#4382,.T.);
#3252=EDGE_CURVE('',#4055,#4054,#225,.T.);
#3253=EDGE_CURVE('',#4055,#4049,#4383,.T.);
#3254=EDGE_CURVE('',#4056,#4057,#226,.T.);
#3255=EDGE_CURVE('',#4056,#4058,#4384,.T.);
#3256=EDGE_CURVE('',#4058,#4059,#227,.T.);
#3257=EDGE_CURVE('',#4059,#4060,#4385,.T.);
#3258=EDGE_CURVE('',#4060,#4061,#228,.T.);
#3259=EDGE_CURVE('',#4061,#4062,#4386,.T.);
#3260=EDGE_CURVE('',#4063,#4062,#229,.T.);
#3261=EDGE_CURVE('',#4063,#4057,#4387,.T.);
#3262=EDGE_CURVE('',#4064,#4065,#230,.T.);
#3263=EDGE_CURVE('',#4064,#4066,#4388,.T.);
#3264=EDGE_CURVE('',#4066,#4067,#231,.T.);
#3265=EDGE_CURVE('',#4067,#4068,#4389,.T.);
#3266=EDGE_CURVE('',#4068,#4069,#232,.T.);
#3267=EDGE_CURVE('',#4069,#4070,#4390,.T.);
#3268=EDGE_CURVE('',#4071,#4070,#233,.T.);
#3269=EDGE_CURVE('',#4071,#4065,#4391,.T.);
#3270=EDGE_CURVE('',#4072,#4073,#234,.T.);
#3271=EDGE_CURVE('',#4072,#4074,#4392,.T.);
#3272=EDGE_CURVE('',#4074,#4075,#235,.T.);
#3273=EDGE_CURVE('',#4075,#4076,#4393,.T.);
#3274=EDGE_CURVE('',#4076,#4077,#236,.T.);
#3275=EDGE_CURVE('',#4077,#4078,#4394,.T.);
#3276=EDGE_CURVE('',#4079,#4078,#237,.T.);
#3277=EDGE_CURVE('',#4079,#4073,#4395,.T.);
#3278=EDGE_CURVE('',#4080,#4081,#238,.T.);
#3279=EDGE_CURVE('',#4080,#4082,#4396,.T.);
#3280=EDGE_CURVE('',#4082,#4083,#239,.T.);
#3281=EDGE_CURVE('',#4083,#4084,#4397,.T.);
#3282=EDGE_CURVE('',#4084,#4085,#240,.T.);
#3283=EDGE_CURVE('',#4085,#4086,#4398,.T.);
#3284=EDGE_CURVE('',#4087,#4086,#241,.T.);
#3285=EDGE_CURVE('',#4087,#4081,#4399,.T.);
#3286=EDGE_CURVE('',#4088,#4089,#242,.T.);
#3287=EDGE_CURVE('',#4088,#4090,#4400,.T.);
#3288=EDGE_CURVE('',#4090,#4091,#243,.T.);
#3289=EDGE_CURVE('',#4091,#4092,#4401,.T.);
#3290=EDGE_CURVE('',#4092,#4093,#244,.T.);
#3291=EDGE_CURVE('',#4093,#4094,#4402,.T.);
#3292=EDGE_CURVE('',#4095,#4094,#245,.T.);
#3293=EDGE_CURVE('',#4095,#4089,#4403,.T.);
#3294=EDGE_CURVE('',#4096,#4097,#246,.T.);
#3295=EDGE_CURVE('',#4096,#4098,#4404,.T.);
#3296=EDGE_CURVE('',#4098,#4099,#247,.T.);
#3297=EDGE_CURVE('',#4099,#4100,#4405,.T.);
#3298=EDGE_CURVE('',#4100,#4101,#248,.T.);
#3299=EDGE_CURVE('',#4101,#4102,#4406,.T.);
#3300=EDGE_CURVE('',#4103,#4102,#249,.T.);
#3301=EDGE_CURVE('',#4103,#4097,#4407,.T.);
#3302=EDGE_CURVE('',#4104,#4105,#250,.T.);
#3303=EDGE_CURVE('',#4104,#4106,#4408,.T.);
#3304=EDGE_CURVE('',#4106,#4107,#251,.T.);
#3305=EDGE_CURVE('',#4107,#4108,#4409,.T.);
#3306=EDGE_CURVE('',#4108,#4109,#252,.T.);
#3307=EDGE_CURVE('',#4109,#4110,#4410,.T.);
#3308=EDGE_CURVE('',#4111,#4110,#253,.T.);
#3309=EDGE_CURVE('',#4111,#4105,#4411,.T.);
#3310=EDGE_CURVE('',#4112,#4113,#254,.T.);
#3311=EDGE_CURVE('',#4112,#4114,#4412,.T.);
#3312=EDGE_CURVE('',#4114,#4115,#255,.T.);
#3313=EDGE_CURVE('',#4115,#4116,#4413,.T.);
#3314=EDGE_CURVE('',#4116,#4117,#256,.T.);
#3315=EDGE_CURVE('',#4117,#4118,#4414,.T.);
#3316=EDGE_CURVE('',#4119,#4118,#257,.T.);
#3317=EDGE_CURVE('',#4119,#4113,#4415,.T.);
#3318=EDGE_CURVE('',#4120,#4121,#258,.T.);
#3319=EDGE_CURVE('',#4120,#4122,#4416,.T.);
#3320=EDGE_CURVE('',#4122,#4123,#259,.T.);
#3321=EDGE_CURVE('',#4123,#4124,#4417,.T.);
#3322=EDGE_CURVE('',#4124,#4125,#260,.T.);
#3323=EDGE_CURVE('',#4125,#4126,#4418,.T.);
#3324=EDGE_CURVE('',#4127,#4126,#261,.T.);
#3325=EDGE_CURVE('',#4127,#4121,#4419,.T.);
#3326=EDGE_CURVE('',#4128,#4129,#262,.T.);
#3327=EDGE_CURVE('',#4128,#4130,#4420,.T.);
#3328=EDGE_CURVE('',#4130,#4131,#263,.T.);
#3329=EDGE_CURVE('',#4131,#4132,#4421,.T.);
#3330=EDGE_CURVE('',#4132,#4133,#264,.T.);
#3331=EDGE_CURVE('',#4133,#4134,#4422,.T.);
#3332=EDGE_CURVE('',#4135,#4134,#265,.T.);
#3333=EDGE_CURVE('',#4135,#4129,#4423,.T.);
#3334=EDGE_CURVE('',#4136,#4137,#266,.T.);
#3335=EDGE_CURVE('',#4136,#4138,#4424,.T.);
#3336=EDGE_CURVE('',#4138,#4139,#267,.T.);
#3337=EDGE_CURVE('',#4139,#4140,#4425,.T.);
#3338=EDGE_CURVE('',#4140,#4141,#268,.T.);
#3339=EDGE_CURVE('',#4141,#4142,#4426,.T.);
#3340=EDGE_CURVE('',#4143,#4142,#269,.T.);
#3341=EDGE_CURVE('',#4143,#4137,#4427,.T.);
#3342=EDGE_CURVE('',#4144,#4145,#270,.T.);
#3343=EDGE_CURVE('',#4144,#4146,#4428,.T.);
#3344=EDGE_CURVE('',#4146,#4147,#271,.T.);
#3345=EDGE_CURVE('',#4147,#4148,#4429,.T.);
#3346=EDGE_CURVE('',#4148,#4149,#272,.T.);
#3347=EDGE_CURVE('',#4149,#4150,#4430,.T.);
#3348=EDGE_CURVE('',#4151,#4150,#273,.T.);
#3349=EDGE_CURVE('',#4151,#4145,#4431,.T.);
#3350=EDGE_CURVE('',#4152,#4153,#274,.T.);
#3351=EDGE_CURVE('',#4152,#4154,#4432,.T.);
#3352=EDGE_CURVE('',#4154,#4155,#275,.T.);
#3353=EDGE_CURVE('',#4155,#4156,#4433,.T.);
#3354=EDGE_CURVE('',#4156,#4157,#276,.T.);
#3355=EDGE_CURVE('',#4157,#4158,#4434,.T.);
#3356=EDGE_CURVE('',#4159,#4158,#277,.T.);
#3357=EDGE_CURVE('',#4159,#4153,#4435,.T.);
#3358=EDGE_CURVE('',#3910,#3647,#278,.F.);
#3359=EDGE_CURVE('',#3646,#3911,#279,.T.);
#3360=EDGE_CURVE('',#3908,#3649,#280,.F.);
#3361=EDGE_CURVE('',#3648,#3909,#281,.T.);
#3362=EDGE_CURVE('',#3906,#3651,#282,.F.);
#3363=EDGE_CURVE('',#3650,#3907,#283,.T.);
#3364=EDGE_CURVE('',#3904,#3653,#284,.F.);
#3365=EDGE_CURVE('',#3652,#3905,#285,.T.);
#3366=EDGE_CURVE('',#3918,#3639,#286,.F.);
#3367=EDGE_CURVE('',#3638,#3919,#287,.T.);
#3368=EDGE_CURVE('',#3916,#3641,#288,.F.);
#3369=EDGE_CURVE('',#3640,#3917,#289,.T.);
#3370=EDGE_CURVE('',#3914,#3643,#290,.F.);
#3371=EDGE_CURVE('',#3642,#3915,#291,.T.);
#3372=EDGE_CURVE('',#3912,#3645,#292,.F.);
#3373=EDGE_CURVE('',#3644,#3913,#293,.T.);
#3374=EDGE_CURVE('',#4033,#3660,#294,.T.);
#3375=EDGE_CURVE('',#4032,#3658,#295,.T.);
#3376=EDGE_CURVE('',#4034,#3659,#296,.T.);
#3377=EDGE_CURVE('',#4035,#3665,#297,.T.);
#3378=EDGE_CURVE('',#4036,#3664,#298,.T.);
#3379=EDGE_CURVE('',#4037,#3663,#299,.T.);
#3380=EDGE_CURVE('',#4038,#3662,#300,.T.);
#3381=EDGE_CURVE('',#4039,#3661,#301,.T.);
#3382=EDGE_CURVE('',#4041,#3668,#302,.T.);
#3383=EDGE_CURVE('',#4040,#3666,#303,.T.);
#3384=EDGE_CURVE('',#4042,#3667,#304,.T.);
#3385=EDGE_CURVE('',#4043,#3673,#305,.T.);
#3386=EDGE_CURVE('',#4044,#3672,#306,.T.);
#3387=EDGE_CURVE('',#4045,#3671,#307,.T.);
#3388=EDGE_CURVE('',#4046,#3670,#308,.T.);
#3389=EDGE_CURVE('',#4047,#3669,#309,.T.);
#3390=EDGE_CURVE('',#4025,#3676,#310,.T.);
#3391=EDGE_CURVE('',#4024,#3674,#311,.T.);
#3392=EDGE_CURVE('',#4026,#3675,#312,.T.);
#3393=EDGE_CURVE('',#4027,#3681,#313,.T.);
#3394=EDGE_CURVE('',#4028,#3680,#314,.T.);
#3395=EDGE_CURVE('',#4029,#3679,#315,.T.);
#3396=EDGE_CURVE('',#4030,#3678,#316,.T.);
#3397=EDGE_CURVE('',#4031,#3677,#317,.T.);
#3398=EDGE_CURVE('',#4049,#3684,#318,.T.);
#3399=EDGE_CURVE('',#4048,#3682,#319,.T.);
#3400=EDGE_CURVE('',#4050,#3683,#320,.T.);
#3401=EDGE_CURVE('',#4051,#3689,#321,.T.);
#3402=EDGE_CURVE('',#4052,#3688,#322,.T.);
#3403=EDGE_CURVE('',#4053,#3687,#323,.T.);
#3404=EDGE_CURVE('',#4054,#3686,#324,.T.);
#3405=EDGE_CURVE('',#4055,#3685,#325,.T.);
#3406=EDGE_CURVE('',#4017,#3692,#326,.T.);
#3407=EDGE_CURVE('',#4016,#3690,#327,.T.);
#3408=EDGE_CURVE('',#4018,#3691,#328,.T.);
#3409=EDGE_CURVE('',#4019,#3697,#329,.T.);
#3410=EDGE_CURVE('',#4020,#3696,#330,.T.);
#3411=EDGE_CURVE('',#4021,#3695,#331,.T.);
#3412=EDGE_CURVE('',#4022,#3694,#332,.T.);
#3413=EDGE_CURVE('',#4023,#3693,#333,.T.);
#3414=EDGE_CURVE('',#4057,#3700,#334,.T.);
#3415=EDGE_CURVE('',#4056,#3698,#335,.T.);
#3416=EDGE_CURVE('',#4058,#3699,#336,.T.);
#3417=EDGE_CURVE('',#4059,#3705,#337,.T.);
#3418=EDGE_CURVE('',#4060,#3704,#338,.T.);
#3419=EDGE_CURVE('',#4061,#3703,#339,.T.);
#3420=EDGE_CURVE('',#4062,#3702,#340,.T.);
#3421=EDGE_CURVE('',#4063,#3701,#341,.T.);
#3422=EDGE_CURVE('',#4009,#3708,#342,.T.);
#3423=EDGE_CURVE('',#4008,#3706,#343,.T.);
#3424=EDGE_CURVE('',#4010,#3707,#344,.T.);
#3425=EDGE_CURVE('',#4011,#3713,#345,.T.);
#3426=EDGE_CURVE('',#4012,#3712,#346,.T.);
#3427=EDGE_CURVE('',#4013,#3711,#347,.T.);
#3428=EDGE_CURVE('',#4014,#3710,#348,.T.);
#3429=EDGE_CURVE('',#4015,#3709,#349,.T.);
#3430=EDGE_CURVE('',#4065,#3716,#350,.T.);
#3431=EDGE_CURVE('',#4064,#3714,#351,.T.);
#3432=EDGE_CURVE('',#4066,#3715,#352,.T.);
#3433=EDGE_CURVE('',#4067,#3721,#353,.T.);
#3434=EDGE_CURVE('',#4068,#3720,#354,.T.);
#3435=EDGE_CURVE('',#4069,#3719,#355,.T.);
#3436=EDGE_CURVE('',#4070,#3718,#356,.T.);
#3437=EDGE_CURVE('',#4071,#3717,#357,.T.);
#3438=EDGE_CURVE('',#4001,#3724,#358,.T.);
#3439=EDGE_CURVE('',#4000,#3722,#359,.T.);
#3440=EDGE_CURVE('',#4002,#3723,#360,.T.);
#3441=EDGE_CURVE('',#4003,#3729,#361,.T.);
#3442=EDGE_CURVE('',#4004,#3728,#362,.T.);
#3443=EDGE_CURVE('',#4005,#3727,#363,.T.);
#3444=EDGE_CURVE('',#4006,#3726,#364,.T.);
#3445=EDGE_CURVE('',#4007,#3725,#365,.T.);
#3446=EDGE_CURVE('',#4073,#3732,#366,.T.);
#3447=EDGE_CURVE('',#4072,#3730,#367,.T.);
#3448=EDGE_CURVE('',#4074,#3731,#368,.T.);
#3449=EDGE_CURVE('',#4075,#3737,#369,.T.);
#3450=EDGE_CURVE('',#4076,#3736,#370,.T.);
#3451=EDGE_CURVE('',#4077,#3735,#371,.T.);
#3452=EDGE_CURVE('',#4078,#3734,#372,.T.);
#3453=EDGE_CURVE('',#4079,#3733,#373,.T.);
#3454=EDGE_CURVE('',#3993,#3740,#374,.T.);
#3455=EDGE_CURVE('',#3992,#3738,#375,.T.);
#3456=EDGE_CURVE('',#3994,#3739,#376,.T.);
#3457=EDGE_CURVE('',#3995,#3745,#377,.T.);
#3458=EDGE_CURVE('',#3996,#3744,#378,.T.);
#3459=EDGE_CURVE('',#3997,#3743,#379,.T.);
#3460=EDGE_CURVE('',#3998,#3742,#380,.T.);
#3461=EDGE_CURVE('',#3999,#3741,#381,.T.);
#3462=EDGE_CURVE('',#4081,#3748,#382,.T.);
#3463=EDGE_CURVE('',#4080,#3746,#383,.T.);
#3464=EDGE_CURVE('',#4082,#3747,#384,.T.);
#3465=EDGE_CURVE('',#4083,#3753,#385,.T.);
#3466=EDGE_CURVE('',#4084,#3752,#386,.T.);
#3467=EDGE_CURVE('',#4085,#3751,#387,.T.);
#3468=EDGE_CURVE('',#4086,#3750,#388,.T.);
#3469=EDGE_CURVE('',#4087,#3749,#389,.T.);
#3470=EDGE_CURVE('',#3985,#3756,#390,.T.);
#3471=EDGE_CURVE('',#3984,#3754,#391,.T.);
#3472=EDGE_CURVE('',#3986,#3755,#392,.T.);
#3473=EDGE_CURVE('',#3987,#3761,#393,.T.);
#3474=EDGE_CURVE('',#3988,#3760,#394,.T.);
#3475=EDGE_CURVE('',#3989,#3759,#395,.T.);
#3476=EDGE_CURVE('',#3990,#3758,#396,.T.);
#3477=EDGE_CURVE('',#3991,#3757,#397,.T.);
#3478=EDGE_CURVE('',#4089,#3764,#398,.T.);
#3479=EDGE_CURVE('',#4088,#3762,#399,.T.);
#3480=EDGE_CURVE('',#4090,#3763,#400,.T.);
#3481=EDGE_CURVE('',#4091,#3769,#401,.T.);
#3482=EDGE_CURVE('',#4092,#3768,#402,.T.);
#3483=EDGE_CURVE('',#4093,#3767,#403,.T.);
#3484=EDGE_CURVE('',#4094,#3766,#404,.T.);
#3485=EDGE_CURVE('',#4095,#3765,#405,.T.);
#3486=EDGE_CURVE('',#3977,#3772,#406,.T.);
#3487=EDGE_CURVE('',#3976,#3770,#407,.T.);
#3488=EDGE_CURVE('',#3978,#3771,#408,.T.);
#3489=EDGE_CURVE('',#3979,#3777,#409,.T.);
#3490=EDGE_CURVE('',#3980,#3776,#410,.T.);
#3491=EDGE_CURVE('',#3981,#3775,#411,.T.);
#3492=EDGE_CURVE('',#3982,#3774,#412,.T.);
#3493=EDGE_CURVE('',#3983,#3773,#413,.T.);
#3494=EDGE_CURVE('',#4097,#3780,#414,.T.);
#3495=EDGE_CURVE('',#4096,#3778,#415,.T.);
#3496=EDGE_CURVE('',#4098,#3779,#416,.T.);
#3497=EDGE_CURVE('',#4099,#3785,#417,.T.);
#3498=EDGE_CURVE('',#4100,#3784,#418,.T.);
#3499=EDGE_CURVE('',#4101,#3783,#419,.T.);
#3500=EDGE_CURVE('',#4102,#3782,#420,.T.);
#3501=EDGE_CURVE('',#4103,#3781,#421,.T.);
#3502=EDGE_CURVE('',#3969,#3788,#422,.T.);
#3503=EDGE_CURVE('',#3968,#3786,#423,.T.);
#3504=EDGE_CURVE('',#3970,#3787,#424,.T.);
#3505=EDGE_CURVE('',#3971,#3793,#425,.T.);
#3506=EDGE_CURVE('',#3972,#3792,#426,.T.);
#3507=EDGE_CURVE('',#3973,#3791,#427,.T.);
#3508=EDGE_CURVE('',#3974,#3790,#428,.T.);
#3509=EDGE_CURVE('',#3975,#3789,#429,.T.);
#3510=EDGE_CURVE('',#4105,#3796,#430,.T.);
#3511=EDGE_CURVE('',#4104,#3794,#431,.T.);
#3512=EDGE_CURVE('',#4106,#3795,#432,.T.);
#3513=EDGE_CURVE('',#4107,#3801,#433,.T.);
#3514=EDGE_CURVE('',#4108,#3800,#434,.T.);
#3515=EDGE_CURVE('',#4109,#3799,#435,.T.);
#3516=EDGE_CURVE('',#4110,#3798,#436,.T.);
#3517=EDGE_CURVE('',#4111,#3797,#437,.T.);
#3518=EDGE_CURVE('',#3961,#3804,#438,.T.);
#3519=EDGE_CURVE('',#3960,#3802,#439,.T.);
#3520=EDGE_CURVE('',#3962,#3803,#440,.T.);
#3521=EDGE_CURVE('',#3963,#3809,#441,.T.);
#3522=EDGE_CURVE('',#3964,#3808,#442,.T.);
#3523=EDGE_CURVE('',#3965,#3807,#443,.T.);
#3524=EDGE_CURVE('',#3966,#3806,#444,.T.);
#3525=EDGE_CURVE('',#3967,#3805,#445,.T.);
#3526=EDGE_CURVE('',#4113,#3812,#446,.T.);
#3527=EDGE_CURVE('',#4112,#3810,#447,.T.);
#3528=EDGE_CURVE('',#4114,#3811,#448,.T.);
#3529=EDGE_CURVE('',#4115,#3817,#449,.T.);
#3530=EDGE_CURVE('',#4116,#3816,#450,.T.);
#3531=EDGE_CURVE('',#4117,#3815,#451,.T.);
#3532=EDGE_CURVE('',#4118,#3814,#452,.T.);
#3533=EDGE_CURVE('',#4119,#3813,#453,.T.);
#3534=EDGE_CURVE('',#3953,#3820,#454,.T.);
#3535=EDGE_CURVE('',#3952,#3818,#455,.T.);
#3536=EDGE_CURVE('',#3954,#3819,#456,.T.);
#3537=EDGE_CURVE('',#3955,#3825,#457,.T.);
#3538=EDGE_CURVE('',#3956,#3824,#458,.T.);
#3539=EDGE_CURVE('',#3957,#3823,#459,.T.);
#3540=EDGE_CURVE('',#3958,#3822,#460,.T.);
#3541=EDGE_CURVE('',#3959,#3821,#461,.T.);
#3542=EDGE_CURVE('',#4121,#3828,#462,.T.);
#3543=EDGE_CURVE('',#4120,#3826,#463,.T.);
#3544=EDGE_CURVE('',#4122,#3827,#464,.T.);
#3545=EDGE_CURVE('',#4123,#3833,#465,.T.);
#3546=EDGE_CURVE('',#4124,#3832,#466,.T.);
#3547=EDGE_CURVE('',#4125,#3831,#467,.T.);
#3548=EDGE_CURVE('',#4126,#3830,#468,.T.);
#3549=EDGE_CURVE('',#4127,#3829,#469,.T.);
#3550=EDGE_CURVE('',#3945,#3836,#470,.T.);
#3551=EDGE_CURVE('',#3944,#3834,#471,.T.);
#3552=EDGE_CURVE('',#3946,#3835,#472,.T.);
#3553=EDGE_CURVE('',#3947,#3841,#473,.T.);
#3554=EDGE_CURVE('',#3948,#3840,#474,.T.);
#3555=EDGE_CURVE('',#3949,#3839,#475,.T.);
#3556=EDGE_CURVE('',#3950,#3838,#476,.T.);
#3557=EDGE_CURVE('',#3951,#3837,#477,.T.);
#3558=EDGE_CURVE('',#4129,#3844,#478,.T.);
#3559=EDGE_CURVE('',#4128,#3842,#479,.T.);
#3560=EDGE_CURVE('',#4130,#3843,#480,.T.);
#3561=EDGE_CURVE('',#4131,#3849,#481,.T.);
#3562=EDGE_CURVE('',#4132,#3848,#482,.T.);
#3563=EDGE_CURVE('',#4133,#3847,#483,.T.);
#3564=EDGE_CURVE('',#4134,#3846,#484,.T.);
#3565=EDGE_CURVE('',#4135,#3845,#485,.T.);
#3566=EDGE_CURVE('',#3937,#3852,#486,.T.);
#3567=EDGE_CURVE('',#3936,#3850,#487,.T.);
#3568=EDGE_CURVE('',#3938,#3851,#488,.T.);
#3569=EDGE_CURVE('',#3939,#3857,#489,.T.);
#3570=EDGE_CURVE('',#3940,#3856,#490,.T.);
#3571=EDGE_CURVE('',#3941,#3855,#491,.T.);
#3572=EDGE_CURVE('',#3942,#3854,#492,.T.);
#3573=EDGE_CURVE('',#3943,#3853,#493,.T.);
#3574=EDGE_CURVE('',#4137,#3860,#494,.T.);
#3575=EDGE_CURVE('',#4136,#3858,#495,.T.);
#3576=EDGE_CURVE('',#4138,#3859,#496,.T.);
#3577=EDGE_CURVE('',#4139,#3865,#497,.T.);
#3578=EDGE_CURVE('',#4140,#3864,#498,.T.);
#3579=EDGE_CURVE('',#4141,#3863,#499,.T.);
#3580=EDGE_CURVE('',#4142,#3862,#500,.T.);
#3581=EDGE_CURVE('',#4143,#3861,#501,.T.);
#3582=EDGE_CURVE('',#3929,#3868,#502,.T.);
#3583=EDGE_CURVE('',#3928,#3866,#503,.T.);
#3584=EDGE_CURVE('',#3930,#3867,#504,.T.);
#3585=EDGE_CURVE('',#3931,#3873,#505,.T.);
#3586=EDGE_CURVE('',#3932,#3872,#506,.T.);
#3587=EDGE_CURVE('',#3933,#3871,#507,.T.);
#3588=EDGE_CURVE('',#3934,#3870,#508,.T.);
#3589=EDGE_CURVE('',#3935,#3869,#509,.T.);
#3590=EDGE_CURVE('',#4145,#3876,#510,.T.);
#3591=EDGE_CURVE('',#4144,#3874,#511,.T.);
#3592=EDGE_CURVE('',#4146,#3875,#512,.T.);
#3593=EDGE_CURVE('',#4147,#3881,#513,.T.);
#3594=EDGE_CURVE('',#4148,#3880,#514,.T.);
#3595=EDGE_CURVE('',#4149,#3879,#515,.T.);
#3596=EDGE_CURVE('',#4150,#3878,#516,.T.);
#3597=EDGE_CURVE('',#4151,#3877,#517,.T.);
#3598=EDGE_CURVE('',#3921,#3884,#518,.T.);
#3599=EDGE_CURVE('',#3920,#3882,#519,.T.);
#3600=EDGE_CURVE('',#3922,#3883,#520,.T.);
#3601=EDGE_CURVE('',#3923,#3889,#521,.T.);
#3602=EDGE_CURVE('',#3924,#3888,#522,.T.);
#3603=EDGE_CURVE('',#3925,#3887,#523,.T.);
#3604=EDGE_CURVE('',#3926,#3886,#524,.T.);
#3605=EDGE_CURVE('',#3927,#3885,#525,.T.);
#3606=EDGE_CURVE('',#4153,#3892,#526,.T.);
#3607=EDGE_CURVE('',#4152,#3890,#527,.T.);
#3608=EDGE_CURVE('',#4154,#3891,#528,.T.);
#3609=EDGE_CURVE('',#4155,#3897,#529,.T.);
#3610=EDGE_CURVE('',#4156,#3896,#530,.T.);
#3611=EDGE_CURVE('',#4157,#3895,#531,.T.);
#3612=EDGE_CURVE('',#4158,#3894,#532,.T.);
#3613=EDGE_CURVE('',#4159,#3893,#533,.T.);
#3614=EDGE_CURVE('',#3902,#3655,#534,.F.);
#3615=EDGE_CURVE('',#3654,#3903,#535,.T.);
#3616=EDGE_CURVE('',#3636,#3899,#536,.T.);
#3617=EDGE_CURVE('',#3898,#3637,#537,.F.);
#3618=EDGE_CURVE('',#3900,#3657,#538,.F.);
#3619=EDGE_CURVE('',#3656,#3901,#539,.T.);
#3620=VERTEX_POINT('',#7760);
#3621=VERTEX_POINT('',#7762);
#3622=VERTEX_POINT('',#7765);
#3623=VERTEX_POINT('',#7767);
#3624=VERTEX_POINT('',#7770);
#3625=VERTEX_POINT('',#7772);
#3626=VERTEX_POINT('',#7775);
#3627=VERTEX_POINT('',#7777);
#3628=VERTEX_POINT('',#7780);
#3629=VERTEX_POINT('',#7782);
#3630=VERTEX_POINT('',#7785);
#3631=VERTEX_POINT('',#7787);
#3632=VERTEX_POINT('',#7790);
#3633=VERTEX_POINT('',#7791);
#3634=VERTEX_POINT('',#7793);
#3635=VERTEX_POINT('',#7795);
#3636=VERTEX_POINT('',#7799);
#3637=VERTEX_POINT('',#7800);
#3638=VERTEX_POINT('',#7803);
#3639=VERTEX_POINT('',#7805);
#3640=VERTEX_POINT('',#7807);
#3641=VERTEX_POINT('',#7809);
#3642=VERTEX_POINT('',#7811);
#3643=VERTEX_POINT('',#7813);
#3644=VERTEX_POINT('',#7815);
#3645=VERTEX_POINT('',#7817);
#3646=VERTEX_POINT('',#7819);
#3647=VERTEX_POINT('',#7821);
#3648=VERTEX_POINT('',#7823);
#3649=VERTEX_POINT('',#7825);
#3650=VERTEX_POINT('',#7827);
#3651=VERTEX_POINT('',#7829);
#3652=VERTEX_POINT('',#7831);
#3653=VERTEX_POINT('',#7833);
#3654=VERTEX_POINT('',#7835);
#3655=VERTEX_POINT('',#7837);
#3656=VERTEX_POINT('',#7839);
#3657=VERTEX_POINT('',#7841);
#3658=VERTEX_POINT('',#7844);
#3659=VERTEX_POINT('',#7845);
#3660=VERTEX_POINT('',#7847);
#3661=VERTEX_POINT('',#7849);
#3662=VERTEX_POINT('',#7851);
#3663=VERTEX_POINT('',#7853);
#3664=VERTEX_POINT('',#7855);
#3665=VERTEX_POINT('',#7857);
#3666=VERTEX_POINT('',#7860);
#3667=VERTEX_POINT('',#7861);
#3668=VERTEX_POINT('',#7863);
#3669=VERTEX_POINT('',#7865);
#3670=VERTEX_POINT('',#7867);
#3671=VERTEX_POINT('',#7869);
#3672=VERTEX_POINT('',#7871);
#3673=VERTEX_POINT('',#7873);
#3674=VERTEX_POINT('',#7876);
#3675=VERTEX_POINT('',#7877);
#3676=VERTEX_POINT('',#7879);
#3677=VERTEX_POINT('',#7881);
#3678=VERTEX_POINT('',#7883);
#3679=VERTEX_POINT('',#7885);
#3680=VERTEX_POINT('',#7887);
#3681=VERTEX_POINT('',#7889);
#3682=VERTEX_POINT('',#7892);
#3683=VERTEX_POINT('',#7893);
#3684=VERTEX_POINT('',#7895);
#3685=VERTEX_POINT('',#7897);
#3686=VERTEX_POINT('',#7899);
#3687=VERTEX_POINT('',#7901);
#3688=VERTEX_POINT('',#7903);
#3689=VERTEX_POINT('',#7905);
#3690=VERTEX_POINT('',#7908);
#3691=VERTEX_POINT('',#7909);
#3692=VERTEX_POINT('',#7911);
#3693=VERTEX_POINT('',#7913);
#3694=VERTEX_POINT('',#7915);
#3695=VERTEX_POINT('',#7917);
#3696=VERTEX_POINT('',#7919);
#3697=VERTEX_POINT('',#7921);
#3698=VERTEX_POINT('',#7924);
#3699=VERTEX_POINT('',#7925);
#3700=VERTEX_POINT('',#7927);
#3701=VERTEX_POINT('',#7929);
#3702=VERTEX_POINT('',#7931);
#3703=VERTEX_POINT('',#7933);
#3704=VERTEX_POINT('',#7935);
#3705=VERTEX_POINT('',#7937);
#3706=VERTEX_POINT('',#7940);
#3707=VERTEX_POINT('',#7941);
#3708=VERTEX_POINT('',#7943);
#3709=VERTEX_POINT('',#7945);
#3710=VERTEX_POINT('',#7947);
#3711=VERTEX_POINT('',#7949);
#3712=VERTEX_POINT('',#7951);
#3713=VERTEX_POINT('',#7953);
#3714=VERTEX_POINT('',#7956);
#3715=VERTEX_POINT('',#7957);
#3716=VERTEX_POINT('',#7959);
#3717=VERTEX_POINT('',#7961);
#3718=VERTEX_POINT('',#7963);
#3719=VERTEX_POINT('',#7965);
#3720=VERTEX_POINT('',#7967);
#3721=VERTEX_POINT('',#7969);
#3722=VERTEX_POINT('',#7972);
#3723=VERTEX_POINT('',#7973);
#3724=VERTEX_POINT('',#7975);
#3725=VERTEX_POINT('',#7977);
#3726=VERTEX_POINT('',#7979);
#3727=VERTEX_POINT('',#7981);
#3728=VERTEX_POINT('',#7983);
#3729=VERTEX_POINT('',#7985);
#3730=VERTEX_POINT('',#7988);
#3731=VERTEX_POINT('',#7989);
#3732=VERTEX_POINT('',#7991);
#3733=VERTEX_POINT('',#7993);
#3734=VERTEX_POINT('',#7995);
#3735=VERTEX_POINT('',#7997);
#3736=VERTEX_POINT('',#7999);
#3737=VERTEX_POINT('',#8001);
#3738=VERTEX_POINT('',#8004);
#3739=VERTEX_POINT('',#8005);
#3740=VERTEX_POINT('',#8007);
#3741=VERTEX_POINT('',#8009);
#3742=VERTEX_POINT('',#8011);
#3743=VERTEX_POINT('',#8013);
#3744=VERTEX_POINT('',#8015);
#3745=VERTEX_POINT('',#8017);
#3746=VERTEX_POINT('',#8020);
#3747=VERTEX_POINT('',#8021);
#3748=VERTEX_POINT('',#8023);
#3749=VERTEX_POINT('',#8025);
#3750=VERTEX_POINT('',#8027);
#3751=VERTEX_POINT('',#8029);
#3752=VERTEX_POINT('',#8031);
#3753=VERTEX_POINT('',#8033);
#3754=VERTEX_POINT('',#8036);
#3755=VERTEX_POINT('',#8037);
#3756=VERTEX_POINT('',#8039);
#3757=VERTEX_POINT('',#8041);
#3758=VERTEX_POINT('',#8043);
#3759=VERTEX_POINT('',#8045);
#3760=VERTEX_POINT('',#8047);
#3761=VERTEX_POINT('',#8049);
#3762=VERTEX_POINT('',#8052);
#3763=VERTEX_POINT('',#8053);
#3764=VERTEX_POINT('',#8055);
#3765=VERTEX_POINT('',#8057);
#3766=VERTEX_POINT('',#8059);
#3767=VERTEX_POINT('',#8061);
#3768=VERTEX_POINT('',#8063);
#3769=VERTEX_POINT('',#8065);
#3770=VERTEX_POINT('',#8068);
#3771=VERTEX_POINT('',#8069);
#3772=VERTEX_POINT('',#8071);
#3773=VERTEX_POINT('',#8073);
#3774=VERTEX_POINT('',#8075);
#3775=VERTEX_POINT('',#8077);
#3776=VERTEX_POINT('',#8079);
#3777=VERTEX_POINT('',#8081);
#3778=VERTEX_POINT('',#8084);
#3779=VERTEX_POINT('',#8085);
#3780=VERTEX_POINT('',#8087);
#3781=VERTEX_POINT('',#8089);
#3782=VERTEX_POINT('',#8091);
#3783=VERTEX_POINT('',#8093);
#3784=VERTEX_POINT('',#8095);
#3785=VERTEX_POINT('',#8097);
#3786=VERTEX_POINT('',#8100);
#3787=VERTEX_POINT('',#8101);
#3788=VERTEX_POINT('',#8103);
#3789=VERTEX_POINT('',#8105);
#3790=VERTEX_POINT('',#8107);
#3791=VERTEX_POINT('',#8109);
#3792=VERTEX_POINT('',#8111);
#3793=VERTEX_POINT('',#8113);
#3794=VERTEX_POINT('',#8116);
#3795=VERTEX_POINT('',#8117);
#3796=VERTEX_POINT('',#8119);
#3797=VERTEX_POINT('',#8121);
#3798=VERTEX_POINT('',#8123);
#3799=VERTEX_POINT('',#8125);
#3800=VERTEX_POINT('',#8127);
#3801=VERTEX_POINT('',#8129);
#3802=VERTEX_POINT('',#8132);
#3803=VERTEX_POINT('',#8133);
#3804=VERTEX_POINT('',#8135);
#3805=VERTEX_POINT('',#8137);
#3806=VERTEX_POINT('',#8139);
#3807=VERTEX_POINT('',#8141);
#3808=VERTEX_POINT('',#8143);
#3809=VERTEX_POINT('',#8145);
#3810=VERTEX_POINT('',#8148);
#3811=VERTEX_POINT('',#8149);
#3812=VERTEX_POINT('',#8151);
#3813=VERTEX_POINT('',#8153);
#3814=VERTEX_POINT('',#8155);
#3815=VERTEX_POINT('',#8157);
#3816=VERTEX_POINT('',#8159);
#3817=VERTEX_POINT('',#8161);
#3818=VERTEX_POINT('',#8164);
#3819=VERTEX_POINT('',#8165);
#3820=VERTEX_POINT('',#8167);
#3821=VERTEX_POINT('',#8169);
#3822=VERTEX_POINT('',#8171);
#3823=VERTEX_POINT('',#8173);
#3824=VERTEX_POINT('',#8175);
#3825=VERTEX_POINT('',#8177);
#3826=VERTEX_POINT('',#8180);
#3827=VERTEX_POINT('',#8181);
#3828=VERTEX_POINT('',#8183);
#3829=VERTEX_POINT('',#8185);
#3830=VERTEX_POINT('',#8187);
#3831=VERTEX_POINT('',#8189);
#3832=VERTEX_POINT('',#8191);
#3833=VERTEX_POINT('',#8193);
#3834=VERTEX_POINT('',#8196);
#3835=VERTEX_POINT('',#8197);
#3836=VERTEX_POINT('',#8199);
#3837=VERTEX_POINT('',#8201);
#3838=VERTEX_POINT('',#8203);
#3839=VERTEX_POINT('',#8205);
#3840=VERTEX_POINT('',#8207);
#3841=VERTEX_POINT('',#8209);
#3842=VERTEX_POINT('',#8212);
#3843=VERTEX_POINT('',#8213);
#3844=VERTEX_POINT('',#8215);
#3845=VERTEX_POINT('',#8217);
#3846=VERTEX_POINT('',#8219);
#3847=VERTEX_POINT('',#8221);
#3848=VERTEX_POINT('',#8223);
#3849=VERTEX_POINT('',#8225);
#3850=VERTEX_POINT('',#8228);
#3851=VERTEX_POINT('',#8229);
#3852=VERTEX_POINT('',#8231);
#3853=VERTEX_POINT('',#8233);
#3854=VERTEX_POINT('',#8235);
#3855=VERTEX_POINT('',#8237);
#3856=VERTEX_POINT('',#8239);
#3857=VERTEX_POINT('',#8241);
#3858=VERTEX_POINT('',#8244);
#3859=VERTEX_POINT('',#8245);
#3860=VERTEX_POINT('',#8247);
#3861=VERTEX_POINT('',#8249);
#3862=VERTEX_POINT('',#8251);
#3863=VERTEX_POINT('',#8253);
#3864=VERTEX_POINT('',#8255);
#3865=VERTEX_POINT('',#8257);
#3866=VERTEX_POINT('',#8260);
#3867=VERTEX_POINT('',#8261);
#3868=VERTEX_POINT('',#8263);
#3869=VERTEX_POINT('',#8265);
#3870=VERTEX_POINT('',#8267);
#3871=VERTEX_POINT('',#8269);
#3872=VERTEX_POINT('',#8271);
#3873=VERTEX_POINT('',#8273);
#3874=VERTEX_POINT('',#8276);
#3875=VERTEX_POINT('',#8277);
#3876=VERTEX_POINT('',#8279);
#3877=VERTEX_POINT('',#8281);
#3878=VERTEX_POINT('',#8283);
#3879=VERTEX_POINT('',#8285);
#3880=VERTEX_POINT('',#8287);
#3881=VERTEX_POINT('',#8289);
#3882=VERTEX_POINT('',#8292);
#3883=VERTEX_POINT('',#8293);
#3884=VERTEX_POINT('',#8295);
#3885=VERTEX_POINT('',#8297);
#3886=VERTEX_POINT('',#8299);
#3887=VERTEX_POINT('',#8301);
#3888=VERTEX_POINT('',#8303);
#3889=VERTEX_POINT('',#8305);
#3890=VERTEX_POINT('',#8308);
#3891=VERTEX_POINT('',#8309);
#3892=VERTEX_POINT('',#8311);
#3893=VERTEX_POINT('',#8313);
#3894=VERTEX_POINT('',#8315);
#3895=VERTEX_POINT('',#8317);
#3896=VERTEX_POINT('',#8319);
#3897=VERTEX_POINT('',#8321);
#3898=VERTEX_POINT('',#8325);
#3899=VERTEX_POINT('',#8327);
#3900=VERTEX_POINT('',#8329);
#3901=VERTEX_POINT('',#8331);
#3902=VERTEX_POINT('',#8333);
#3903=VERTEX_POINT('',#8335);
#3904=VERTEX_POINT('',#8337);
#3905=VERTEX_POINT('',#8339);
#3906=VERTEX_POINT('',#8341);
#3907=VERTEX_POINT('',#8343);
#3908=VERTEX_POINT('',#8345);
#3909=VERTEX_POINT('',#8347);
#3910=VERTEX_POINT('',#8349);
#3911=VERTEX_POINT('',#8351);
#3912=VERTEX_POINT('',#8353);
#3913=VERTEX_POINT('',#8355);
#3914=VERTEX_POINT('',#8357);
#3915=VERTEX_POINT('',#8359);
#3916=VERTEX_POINT('',#8361);
#3917=VERTEX_POINT('',#8363);
#3918=VERTEX_POINT('',#8365);
#3919=VERTEX_POINT('',#8367);
#3920=VERTEX_POINT('',#8370);
#3921=VERTEX_POINT('',#8371);
#3922=VERTEX_POINT('',#8373);
#3923=VERTEX_POINT('',#8375);
#3924=VERTEX_POINT('',#8377);
#3925=VERTEX_POINT('',#8379);
#3926=VERTEX_POINT('',#8381);
#3927=VERTEX_POINT('',#8383);
#3928=VERTEX_POINT('',#8386);
#3929=VERTEX_POINT('',#8387);
#3930=VERTEX_POINT('',#8389);
#3931=VERTEX_POINT('',#8391);
#3932=VERTEX_POINT('',#8393);
#3933=VERTEX_POINT('',#8395);
#3934=VERTEX_POINT('',#8397);
#3935=VERTEX_POINT('',#8399);
#3936=VERTEX_POINT('',#8402);
#3937=VERTEX_POINT('',#8403);
#3938=VERTEX_POINT('',#8405);
#3939=VERTEX_POINT('',#8407);
#3940=VERTEX_POINT('',#8409);
#3941=VERTEX_POINT('',#8411);
#3942=VERTEX_POINT('',#8413);
#3943=VERTEX_POINT('',#8415);
#3944=VERTEX_POINT('',#8418);
#3945=VERTEX_POINT('',#8419);
#3946=VERTEX_POINT('',#8421);
#3947=VERTEX_POINT('',#8423);
#3948=VERTEX_POINT('',#8425);
#3949=VERTEX_POINT('',#8427);
#3950=VERTEX_POINT('',#8429);
#3951=VERTEX_POINT('',#8431);
#3952=VERTEX_POINT('',#8434);
#3953=VERTEX_POINT('',#8435);
#3954=VERTEX_POINT('',#8437);
#3955=VERTEX_POINT('',#8439);
#3956=VERTEX_POINT('',#8441);
#3957=VERTEX_POINT('',#8443);
#3958=VERTEX_POINT('',#8445);
#3959=VERTEX_POINT('',#8447);
#3960=VERTEX_POINT('',#8450);
#3961=VERTEX_POINT('',#8451);
#3962=VERTEX_POINT('',#8453);
#3963=VERTEX_POINT('',#8455);
#3964=VERTEX_POINT('',#8457);
#3965=VERTEX_POINT('',#8459);
#3966=VERTEX_POINT('',#8461);
#3967=VERTEX_POINT('',#8463);
#3968=VERTEX_POINT('',#8466);
#3969=VERTEX_POINT('',#8467);
#3970=VERTEX_POINT('',#8469);
#3971=VERTEX_POINT('',#8471);
#3972=VERTEX_POINT('',#8473);
#3973=VERTEX_POINT('',#8475);
#3974=VERTEX_POINT('',#8477);
#3975=VERTEX_POINT('',#8479);
#3976=VERTEX_POINT('',#8482);
#3977=VERTEX_POINT('',#8483);
#3978=VERTEX_POINT('',#8485);
#3979=VERTEX_POINT('',#8487);
#3980=VERTEX_POINT('',#8489);
#3981=VERTEX_POINT('',#8491);
#3982=VERTEX_POINT('',#8493);
#3983=VERTEX_POINT('',#8495);
#3984=VERTEX_POINT('',#8498);
#3985=VERTEX_POINT('',#8499);
#3986=VERTEX_POINT('',#8501);
#3987=VERTEX_POINT('',#8503);
#3988=VERTEX_POINT('',#8505);
#3989=VERTEX_POINT('',#8507);
#3990=VERTEX_POINT('',#8509);
#3991=VERTEX_POINT('',#8511);
#3992=VERTEX_POINT('',#8514);
#3993=VERTEX_POINT('',#8515);
#3994=VERTEX_POINT('',#8517);
#3995=VERTEX_POINT('',#8519);
#3996=VERTEX_POINT('',#8521);
#3997=VERTEX_POINT('',#8523);
#3998=VERTEX_POINT('',#8525);
#3999=VERTEX_POINT('',#8527);
#4000=VERTEX_POINT('',#8530);
#4001=VERTEX_POINT('',#8531);
#4002=VERTEX_POINT('',#8533);
#4003=VERTEX_POINT('',#8535);
#4004=VERTEX_POINT('',#8537);
#4005=VERTEX_POINT('',#8539);
#4006=VERTEX_POINT('',#8541);
#4007=VERTEX_POINT('',#8543);
#4008=VERTEX_POINT('',#8546);
#4009=VERTEX_POINT('',#8547);
#4010=VERTEX_POINT('',#8549);
#4011=VERTEX_POINT('',#8551);
#4012=VERTEX_POINT('',#8553);
#4013=VERTEX_POINT('',#8555);
#4014=VERTEX_POINT('',#8557);
#4015=VERTEX_POINT('',#8559);
#4016=VERTEX_POINT('',#8562);
#4017=VERTEX_POINT('',#8563);
#4018=VERTEX_POINT('',#8565);
#4019=VERTEX_POINT('',#8567);
#4020=VERTEX_POINT('',#8569);
#4021=VERTEX_POINT('',#8571);
#4022=VERTEX_POINT('',#8573);
#4023=VERTEX_POINT('',#8575);
#4024=VERTEX_POINT('',#8578);
#4025=VERTEX_POINT('',#8579);
#4026=VERTEX_POINT('',#8581);
#4027=VERTEX_POINT('',#8583);
#4028=VERTEX_POINT('',#8585);
#4029=VERTEX_POINT('',#8587);
#4030=VERTEX_POINT('',#8589);
#4031=VERTEX_POINT('',#8591);
#4032=VERTEX_POINT('',#8594);
#4033=VERTEX_POINT('',#8595);
#4034=VERTEX_POINT('',#8597);
#4035=VERTEX_POINT('',#8599);
#4036=VERTEX_POINT('',#8601);
#4037=VERTEX_POINT('',#8603);
#4038=VERTEX_POINT('',#8605);
#4039=VERTEX_POINT('',#8607);
#4040=VERTEX_POINT('',#8610);
#4041=VERTEX_POINT('',#8611);
#4042=VERTEX_POINT('',#8613);
#4043=VERTEX_POINT('',#8615);
#4044=VERTEX_POINT('',#8617);
#4045=VERTEX_POINT('',#8619);
#4046=VERTEX_POINT('',#8621);
#4047=VERTEX_POINT('',#8623);
#4048=VERTEX_POINT('',#8626);
#4049=VERTEX_POINT('',#8627);
#4050=VERTEX_POINT('',#8629);
#4051=VERTEX_POINT('',#8631);
#4052=VERTEX_POINT('',#8633);
#4053=VERTEX_POINT('',#8635);
#4054=VERTEX_POINT('',#8637);
#4055=VERTEX_POINT('',#8639);
#4056=VERTEX_POINT('',#8642);
#4057=VERTEX_POINT('',#8643);
#4058=VERTEX_POINT('',#8645);
#4059=VERTEX_POINT('',#8647);
#4060=VERTEX_POINT('',#8649);
#4061=VERTEX_POINT('',#8651);
#4062=VERTEX_POINT('',#8653);
#4063=VERTEX_POINT('',#8655);
#4064=VERTEX_POINT('',#8658);
#4065=VERTEX_POINT('',#8659);
#4066=VERTEX_POINT('',#8661);
#4067=VERTEX_POINT('',#8663);
#4068=VERTEX_POINT('',#8665);
#4069=VERTEX_POINT('',#8667);
#4070=VERTEX_POINT('',#8669);
#4071=VERTEX_POINT('',#8671);
#4072=VERTEX_POINT('',#8674);
#4073=VERTEX_POINT('',#8675);
#4074=VERTEX_POINT('',#8677);
#4075=VERTEX_POINT('',#8679);
#4076=VERTEX_POINT('',#8681);
#4077=VERTEX_POINT('',#8683);
#4078=VERTEX_POINT('',#8685);
#4079=VERTEX_POINT('',#8687);
#4080=VERTEX_POINT('',#8690);
#4081=VERTEX_POINT('',#8691);
#4082=VERTEX_POINT('',#8693);
#4083=VERTEX_POINT('',#8695);
#4084=VERTEX_POINT('',#8697);
#4085=VERTEX_POINT('',#8699);
#4086=VERTEX_POINT('',#8701);
#4087=VERTEX_POINT('',#8703);
#4088=VERTEX_POINT('',#8706);
#4089=VERTEX_POINT('',#8707);
#4090=VERTEX_POINT('',#8709);
#4091=VERTEX_POINT('',#8711);
#4092=VERTEX_POINT('',#8713);
#4093=VERTEX_POINT('',#8715);
#4094=VERTEX_POINT('',#8717);
#4095=VERTEX_POINT('',#8719);
#4096=VERTEX_POINT('',#8722);
#4097=VERTEX_POINT('',#8723);
#4098=VERTEX_POINT('',#8725);
#4099=VERTEX_POINT('',#8727);
#4100=VERTEX_POINT('',#8729);
#4101=VERTEX_POINT('',#8731);
#4102=VERTEX_POINT('',#8733);
#4103=VERTEX_POINT('',#8735);
#4104=VERTEX_POINT('',#8738);
#4105=VERTEX_POINT('',#8739);
#4106=VERTEX_POINT('',#8741);
#4107=VERTEX_POINT('',#8743);
#4108=VERTEX_POINT('',#8745);
#4109=VERTEX_POINT('',#8747);
#4110=VERTEX_POINT('',#8749);
#4111=VERTEX_POINT('',#8751);
#4112=VERTEX_POINT('',#8754);
#4113=VERTEX_POINT('',#8755);
#4114=VERTEX_POINT('',#8757);
#4115=VERTEX_POINT('',#8759);
#4116=VERTEX_POINT('',#8761);
#4117=VERTEX_POINT('',#8763);
#4118=VERTEX_POINT('',#8765);
#4119=VERTEX_POINT('',#8767);
#4120=VERTEX_POINT('',#8770);
#4121=VERTEX_POINT('',#8771);
#4122=VERTEX_POINT('',#8773);
#4123=VERTEX_POINT('',#8775);
#4124=VERTEX_POINT('',#8777);
#4125=VERTEX_POINT('',#8779);
#4126=VERTEX_POINT('',#8781);
#4127=VERTEX_POINT('',#8783);
#4128=VERTEX_POINT('',#8786);
#4129=VERTEX_POINT('',#8787);
#4130=VERTEX_POINT('',#8789);
#4131=VERTEX_POINT('',#8791);
#4132=VERTEX_POINT('',#8793);
#4133=VERTEX_POINT('',#8795);
#4134=VERTEX_POINT('',#8797);
#4135=VERTEX_POINT('',#8799);
#4136=VERTEX_POINT('',#8802);
#4137=VERTEX_POINT('',#8803);
#4138=VERTEX_POINT('',#8805);
#4139=VERTEX_POINT('',#8807);
#4140=VERTEX_POINT('',#8809);
#4141=VERTEX_POINT('',#8811);
#4142=VERTEX_POINT('',#8813);
#4143=VERTEX_POINT('',#8815);
#4144=VERTEX_POINT('',#8818);
#4145=VERTEX_POINT('',#8819);
#4146=VERTEX_POINT('',#8821);
#4147=VERTEX_POINT('',#8823);
#4148=VERTEX_POINT('',#8825);
#4149=VERTEX_POINT('',#8827);
#4150=VERTEX_POINT('',#8829);
#4151=VERTEX_POINT('',#8831);
#4152=VERTEX_POINT('',#8834);
#4153=VERTEX_POINT('',#8835);
#4154=VERTEX_POINT('',#8837);
#4155=VERTEX_POINT('',#8839);
#4156=VERTEX_POINT('',#8841);
#4157=VERTEX_POINT('',#8843);
#4158=VERTEX_POINT('',#8845);
#4159=VERTEX_POINT('',#8847);
#4160=CIRCLE('',#5566,0.00095);
#4161=CIRCLE('',#5567,0.00095);
#4162=CIRCLE('',#5569,0.00095);
#4163=CIRCLE('',#5570,0.00095);
#4164=CIRCLE('',#5572,0.00095);
#4165=CIRCLE('',#5573,0.00095);
#4166=CIRCLE('',#5575,0.00095);
#4167=CIRCLE('',#5576,0.00095);
#4168=CIRCLE('',#5578,0.00095);
#4169=CIRCLE('',#5579,0.00095);
#4170=CIRCLE('',#5581,0.00095);
#4171=CIRCLE('',#5582,0.00095);
#4172=CIRCLE('',#5585,0.002);
#4173=CIRCLE('',#5586,0.002);
#4174=CIRCLE('',#5587,0.002);
#4175=CIRCLE('',#5588,0.002);
#4176=CIRCLE('',#5589,0.002);
#4177=CIRCLE('',#5590,0.002);
#4178=CIRCLE('',#5591,0.002);
#4179=CIRCLE('',#5592,0.002);
#4180=CIRCLE('',#5593,0.002);
#4181=CIRCLE('',#5594,0.002);
#4182=CIRCLE('',#5595,0.002);
#4183=CIRCLE('',#5596,0.002);
#4184=CIRCLE('',#5597,0.0005);
#4185=CIRCLE('',#5598,0.0005);
#4186=CIRCLE('',#5599,0.0005);
#4187=CIRCLE('',#5600,0.0005);
#4188=CIRCLE('',#5601,0.0005);
#4189=CIRCLE('',#5602,0.0005);
#4190=CIRCLE('',#5603,0.0005);
#4191=CIRCLE('',#5604,0.0005);
#4192=CIRCLE('',#5605,0.000499999999999976);
#4193=CIRCLE('',#5606,0.0005);
#4194=CIRCLE('',#5607,0.0005);
#4195=CIRCLE('',#5608,0.000499999999999977);
#4196=CIRCLE('',#5609,0.000499999999999976);
#4197=CIRCLE('',#5610,0.0005);
#4198=CIRCLE('',#5611,0.0005);
#4199=CIRCLE('',#5612,0.000499999999999976);
#4200=CIRCLE('',#5613,0.0005);
#4201=CIRCLE('',#5614,0.0005);
#4202=CIRCLE('',#5615,0.0005);
#4203=CIRCLE('',#5616,0.0005);
#4204=CIRCLE('',#5617,0.0005);
#4205=CIRCLE('',#5618,0.0005);
#4206=CIRCLE('',#5619,0.0005);
#4207=CIRCLE('',#5620,0.0005);
#4208=CIRCLE('',#5621,0.0005);
#4209=CIRCLE('',#5622,0.000500000000000025);
#4210=CIRCLE('',#5623,0.000500000000000025);
#4211=CIRCLE('',#5624,0.0005);
#4212=CIRCLE('',#5625,0.0005);
#4213=CIRCLE('',#5626,0.000500000000000025);
#4214=CIRCLE('',#5627,0.000500000000000024);
#4215=CIRCLE('',#5628,0.0005);
#4216=CIRCLE('',#5629,0.0005);
#4217=CIRCLE('',#5630,0.0005);
#4218=CIRCLE('',#5631,0.0005);
#4219=CIRCLE('',#5632,0.0005);
#4220=CIRCLE('',#5633,0.0005);
#4221=CIRCLE('',#5634,0.000500000000000013);
#4222=CIRCLE('',#5635,0.000500000000000013);
#4223=CIRCLE('',#5636,0.0005);
#4224=CIRCLE('',#5637,0.000499999999999994);
#4225=CIRCLE('',#5638,0.000500000000000007);
#4226=CIRCLE('',#5639,0.000500000000000006);
#4227=CIRCLE('',#5640,0.0005);
#4228=CIRCLE('',#5641,0.0005);
#4229=CIRCLE('',#5642,0.000500000000000007);
#4230=CIRCLE('',#5643,0.000500000000000006);
#4231=CIRCLE('',#5644,0.0005);
#4232=CIRCLE('',#5645,0.0005);
#4233=CIRCLE('',#5646,0.0005);
#4234=CIRCLE('',#5647,0.0005);
#4235=CIRCLE('',#5648,0.0005);
#4236=CIRCLE('',#5649,0.0005);
#4237=CIRCLE('',#5650,0.0005);
#4238=CIRCLE('',#5651,0.0005);
#4239=CIRCLE('',#5652,0.0005);
#4240=CIRCLE('',#5653,0.0005);
#4241=CIRCLE('',#5654,0.0005);
#4242=CIRCLE('',#5655,0.0005);
#4243=CIRCLE('',#5656,0.0005);
#4244=CIRCLE('',#5657,0.0005);
#4245=CIRCLE('',#5658,0.000500000000000006);
#4246=CIRCLE('',#5659,0.000500000000000006);
#4247=CIRCLE('',#5660,0.000499999999999994);
#4248=CIRCLE('',#5661,0.0005);
#4249=CIRCLE('',#5662,0.0005);
#4250=CIRCLE('',#5663,0.0005);
#4251=CIRCLE('',#5664,0.0005);
#4252=CIRCLE('',#5665,0.0005);
#4253=CIRCLE('',#5666,0.0005);
#4254=CIRCLE('',#5667,0.0005);
#4255=CIRCLE('',#5668,0.0005);
#4256=CIRCLE('',#5669,0.000499999999999994);
#4257=CIRCLE('',#5670,0.000500000000000007);
#4258=CIRCLE('',#5671,0.0005);
#4259=CIRCLE('',#5672,0.000499999999999992);
#4260=CIRCLE('',#5673,0.0005);
#4261=CIRCLE('',#5674,0.0005);
#4262=CIRCLE('',#5675,0.0005);
#4263=CIRCLE('',#5676,0.000499999999999994);
#4264=CIRCLE('',#5677,0.0005);
#4265=CIRCLE('',#5678,0.0005);
#4266=CIRCLE('',#5679,0.0005);
#4267=CIRCLE('',#5680,0.0005);
#4268=CIRCLE('',#5681,0.0005);
#4269=CIRCLE('',#5682,0.0005);
#4270=CIRCLE('',#5683,0.0005);
#4271=CIRCLE('',#5684,0.0005);
#4272=CIRCLE('',#5685,0.0005);
#4273=CIRCLE('',#5686,0.0005);
#4274=CIRCLE('',#5687,0.0005);
#4275=CIRCLE('',#5688,0.0005);
#4276=CIRCLE('',#5689,0.0005);
#4277=CIRCLE('',#5690,0.000500000000000025);
#4278=CIRCLE('',#5691,0.000500000000000025);
#4279=CIRCLE('',#5692,0.0005);
#4280=CIRCLE('',#5693,0.0005);
#4281=CIRCLE('',#5694,0.000500000000000025);
#4282=CIRCLE('',#5695,0.000500000000000024);
#4283=CIRCLE('',#5696,0.0005);
#4284=CIRCLE('',#5697,0.0005);
#4285=CIRCLE('',#5698,0.0005);
#4286=CIRCLE('',#5699,0.0005);
#4287=CIRCLE('',#5700,0.0005);
#4288=CIRCLE('',#5701,0.0005);
#4289=CIRCLE('',#5702,0.0005);
#4290=CIRCLE('',#5703,0.0005);
#4291=CIRCLE('',#5704,0.0005);
#4292=CIRCLE('',#5705,0.0005);
#4293=CIRCLE('',#5706,0.0005);
#4294=CIRCLE('',#5707,0.0005);
#4295=CIRCLE('',#5708,0.0005);
#4296=CIRCLE('',#5709,0.0005);
#4297=CIRCLE('',#5710,0.0005);
#4298=CIRCLE('',#5711,0.0005);
#4299=CIRCLE('',#5712,0.0005);
#4300=CIRCLE('',#5713,0.0005);
#4301=CIRCLE('',#5714,0.0005);
#4302=CIRCLE('',#5715,0.0005);
#4303=CIRCLE('',#5716,0.0005);
#4304=CIRCLE('',#5718,0.002);
#4305=CIRCLE('',#5719,0.002);
#4306=CIRCLE('',#5720,0.002);
#4307=CIRCLE('',#5721,0.002);
#4308=CIRCLE('',#5722,0.002);
#4309=CIRCLE('',#5723,0.002);
#4310=CIRCLE('',#5724,0.002);
#4311=CIRCLE('',#5725,0.002);
#4312=CIRCLE('',#5726,0.002);
#4313=CIRCLE('',#5727,0.002);
#4314=CIRCLE('',#5728,0.002);
#4315=CIRCLE('',#5729,0.002);
#4316=CIRCLE('',#5730,0.0005);
#4317=CIRCLE('',#5731,0.0005);
#4318=CIRCLE('',#5732,0.0005);
#4319=CIRCLE('',#5733,0.0005);
#4320=CIRCLE('',#5734,0.0005);
#4321=CIRCLE('',#5735,0.0005);
#4322=CIRCLE('',#5736,0.0005);
#4323=CIRCLE('',#5737,0.0005);
#4324=CIRCLE('',#5738,0.0005);
#4325=CIRCLE('',#5739,0.0005);
#4326=CIRCLE('',#5740,0.000500000000000024);
#4327=CIRCLE('',#5741,0.000500000000000025);
#4328=CIRCLE('',#5742,0.0005);
#4329=CIRCLE('',#5743,0.0005);
#4330=CIRCLE('',#5744,0.0005);
#4331=CIRCLE('',#5745,0.0005);
#4332=CIRCLE('',#5746,0.0005);
#4333=CIRCLE('',#5747,0.0005);
#4334=CIRCLE('',#5748,0.0005);
#4335=CIRCLE('',#5749,0.0005);
#4336=CIRCLE('',#5750,0.000499999999999994);
#4337=CIRCLE('',#5751,0.000499999999999992);
#4338=CIRCLE('',#5752,0.0005);
#4339=CIRCLE('',#5753,0.000500000000000007);
#4340=CIRCLE('',#5754,0.0005);
#4341=CIRCLE('',#5755,0.0005);
#4342=CIRCLE('',#5756,0.0005);
#4343=CIRCLE('',#5757,0.0005);
#4344=CIRCLE('',#5758,0.0005);
#4345=CIRCLE('',#5759,0.0005);
#4346=CIRCLE('',#5760,0.0005);
#4347=CIRCLE('',#5761,0.0005);
#4348=CIRCLE('',#5762,0.0005);
#4349=CIRCLE('',#5763,0.0005);
#4350=CIRCLE('',#5764,0.0005);
#4351=CIRCLE('',#5765,0.0005);
#4352=CIRCLE('',#5766,0.000499999999999994);
#4353=CIRCLE('',#5767,0.0005);
#4354=CIRCLE('',#5768,0.000500000000000006);
#4355=CIRCLE('',#5769,0.000500000000000007);
#4356=CIRCLE('',#5770,0.0005);
#4357=CIRCLE('',#5771,0.0005);
#4358=CIRCLE('',#5772,0.0005);
#4359=CIRCLE('',#5773,0.0005);
#4360=CIRCLE('',#5774,0.0005);
#4361=CIRCLE('',#5775,0.0005);
#4362=CIRCLE('',#5776,0.000500000000000025);
#4363=CIRCLE('',#5777,0.000500000000000025);
#4364=CIRCLE('',#5778,0.0005);
#4365=CIRCLE('',#5779,0.0005);
#4366=CIRCLE('',#5780,0.0005);
#4367=CIRCLE('',#5781,0.0005);
#4368=CIRCLE('',#5782,0.000499999999999976);
#4369=CIRCLE('',#5783,0.000499999999999977);
#4370=CIRCLE('',#5784,0.0005);
#4371=CIRCLE('',#5785,0.0005);
#4372=CIRCLE('',#5786,0.0005);
#4373=CIRCLE('',#5787,0.0005);
#4374=CIRCLE('',#5788,0.0005);
#4375=CIRCLE('',#5789,0.0005);
#4376=CIRCLE('',#5790,0.0005);
#4377=CIRCLE('',#5791,0.0005);
#4378=CIRCLE('',#5792,0.0005);
#4379=CIRCLE('',#5793,0.0005);
#4380=CIRCLE('',#5794,0.000499999999999976);
#4381=CIRCLE('',#5795,0.000499999999999976);
#4382=CIRCLE('',#5796,0.0005);
#4383=CIRCLE('',#5797,0.0005);
#4384=CIRCLE('',#5798,0.0005);
#4385=CIRCLE('',#5799,0.0005);
#4386=CIRCLE('',#5800,0.0005);
#4387=CIRCLE('',#5801,0.0005);
#4388=CIRCLE('',#5802,0.0005);
#4389=CIRCLE('',#5803,0.0005);
#4390=CIRCLE('',#5804,0.000500000000000024);
#4391=CIRCLE('',#5805,0.000500000000000025);
#4392=CIRCLE('',#5806,0.0005);
#4393=CIRCLE('',#5807,0.0005);
#4394=CIRCLE('',#5808,0.000500000000000013);
#4395=CIRCLE('',#5809,0.000500000000000013);
#4396=CIRCLE('',#5810,0.0005);
#4397=CIRCLE('',#5811,0.0005);
#4398=CIRCLE('',#5812,0.000500000000000006);
#4399=CIRCLE('',#5813,0.000500000000000007);
#4400=CIRCLE('',#5814,0.0005);
#4401=CIRCLE('',#5815,0.0005);
#4402=CIRCLE('',#5816,0.0005);
#4403=CIRCLE('',#5817,0.0005);
#4404=CIRCLE('',#5818,0.0005);
#4405=CIRCLE('',#5819,0.000499999999999994);
#4406=CIRCLE('',#5820,0.000500000000000006);
#4407=CIRCLE('',#5821,0.000500000000000006);
#4408=CIRCLE('',#5822,0.0005);
#4409=CIRCLE('',#5823,0.0005);
#4410=CIRCLE('',#5824,0.0005);
#4411=CIRCLE('',#5825,0.0005);
#4412=CIRCLE('',#5826,0.0005);
#4413=CIRCLE('',#5827,0.000499999999999994);
#4414=CIRCLE('',#5828,0.0005);
#4415=CIRCLE('',#5829,0.0005);
#4416=CIRCLE('',#5830,0.0005);
#4417=CIRCLE('',#5831,0.0005);
#4418=CIRCLE('',#5832,0.0005);
#4419=CIRCLE('',#5833,0.0005);
#4420=CIRCLE('',#5834,0.0005);
#4421=CIRCLE('',#5835,0.0005);
#4422=CIRCLE('',#5836,0.000500000000000025);
#4423=CIRCLE('',#5837,0.000500000000000025);
#4424=CIRCLE('',#5838,0.0005);
#4425=CIRCLE('',#5839,0.0005);
#4426=CIRCLE('',#5840,0.0005);
#4427=CIRCLE('',#5841,0.0005);
#4428=CIRCLE('',#5842,0.0005);
#4429=CIRCLE('',#5843,0.0005);
#4430=CIRCLE('',#5844,0.0005);
#4431=CIRCLE('',#5845,0.0005);
#4432=CIRCLE('',#5846,0.0005);
#4433=CIRCLE('',#5847,0.0005);
#4434=CIRCLE('',#5848,0.0005);
#4435=CIRCLE('',#5849,0.0005);
#4436=EDGE_LOOP('',(#1208));
#4437=EDGE_LOOP('',(#1209));
#4438=EDGE_LOOP('',(#1210));
#4439=EDGE_LOOP('',(#1211));
#4440=EDGE_LOOP('',(#1212));
#4441=EDGE_LOOP('',(#1213));
#4442=EDGE_LOOP('',(#1214));
#4443=EDGE_LOOP('',(#1215));
#4444=EDGE_LOOP('',(#1216));
#4445=EDGE_LOOP('',(#1217));
#4446=EDGE_LOOP('',(#1218));
#4447=EDGE_LOOP('',(#1219));
#4448=EDGE_LOOP('',(#1220,#1221,#1222,#1223));
#4449=EDGE_LOOP('',(#1224,#1225,#1226,#1227,#1228,#1229,#1230,#1231,#1232,
#1233,#1234,#1235,#1236,#1237,#1238,#1239,#1240,#1241,#1242,#1243,#1244,
#1245,#1246,#1247));
#4450=EDGE_LOOP('',(#1248,#1249,#1250,#1251,#1252,#1253,#1254,#1255));
#4451=EDGE_LOOP('',(#1256,#1257,#1258,#1259,#1260,#1261,#1262,#1263));
#4452=EDGE_LOOP('',(#1264,#1265,#1266,#1267,#1268,#1269,#1270,#1271));
#4453=EDGE_LOOP('',(#1272,#1273,#1274,#1275,#1276,#1277,#1278,#1279));
#4454=EDGE_LOOP('',(#1280,#1281,#1282,#1283,#1284,#1285,#1286,#1287));
#4455=EDGE_LOOP('',(#1288,#1289,#1290,#1291,#1292,#1293,#1294,#1295));
#4456=EDGE_LOOP('',(#1296,#1297,#1298,#1299,#1300,#1301,#1302,#1303));
#4457=EDGE_LOOP('',(#1304,#1305,#1306,#1307,#1308,#1309,#1310,#1311));
#4458=EDGE_LOOP('',(#1312,#1313,#1314,#1315,#1316,#1317,#1318,#1319));
#4459=EDGE_LOOP('',(#1320,#1321,#1322,#1323,#1324,#1325,#1326,#1327));
#4460=EDGE_LOOP('',(#1328,#1329,#1330,#1331,#1332,#1333,#1334,#1335));
#4461=EDGE_LOOP('',(#1336,#1337,#1338,#1339,#1340,#1341,#1342,#1343));
#4462=EDGE_LOOP('',(#1344,#1345,#1346,#1347,#1348,#1349,#1350,#1351));
#4463=EDGE_LOOP('',(#1352,#1353,#1354,#1355,#1356,#1357,#1358,#1359));
#4464=EDGE_LOOP('',(#1360,#1361,#1362,#1363,#1364,#1365,#1366,#1367));
#4465=EDGE_LOOP('',(#1368,#1369,#1370,#1371,#1372,#1373,#1374,#1375));
#4466=EDGE_LOOP('',(#1376,#1377,#1378,#1379,#1380,#1381,#1382,#1383));
#4467=EDGE_LOOP('',(#1384,#1385,#1386,#1387,#1388,#1389,#1390,#1391));
#4468=EDGE_LOOP('',(#1392,#1393,#1394,#1395,#1396,#1397,#1398,#1399));
#4469=EDGE_LOOP('',(#1400,#1401,#1402,#1403,#1404,#1405,#1406,#1407));
#4470=EDGE_LOOP('',(#1408,#1409,#1410,#1411,#1412,#1413,#1414,#1415));
#4471=EDGE_LOOP('',(#1416,#1417,#1418,#1419,#1420,#1421,#1422,#1423));
#4472=EDGE_LOOP('',(#1424,#1425,#1426,#1427,#1428,#1429,#1430,#1431));
#4473=EDGE_LOOP('',(#1432,#1433,#1434,#1435,#1436,#1437,#1438,#1439));
#4474=EDGE_LOOP('',(#1440,#1441,#1442,#1443,#1444,#1445,#1446,#1447));
#4475=EDGE_LOOP('',(#1448,#1449,#1450,#1451,#1452,#1453,#1454,#1455));
#4476=EDGE_LOOP('',(#1456,#1457,#1458,#1459,#1460,#1461,#1462,#1463));
#4477=EDGE_LOOP('',(#1464,#1465,#1466,#1467,#1468,#1469,#1470,#1471));
#4478=EDGE_LOOP('',(#1472,#1473,#1474,#1475,#1476,#1477,#1478,#1479));
#4479=EDGE_LOOP('',(#1480,#1481,#1482,#1483,#1484,#1485,#1486,#1487));
#4480=EDGE_LOOP('',(#1488,#1489,#1490,#1491,#1492,#1493,#1494,#1495,#1496,
#1497,#1498,#1499,#1500,#1501,#1502,#1503,#1504,#1505,#1506,#1507,#1508,
#1509,#1510,#1511));
#4481=EDGE_LOOP('',(#1512,#1513,#1514,#1515,#1516,#1517,#1518,#1519));
#4482=EDGE_LOOP('',(#1520,#1521,#1522,#1523,#1524,#1525,#1526,#1527));
#4483=EDGE_LOOP('',(#1528,#1529,#1530,#1531,#1532,#1533,#1534,#1535));
#4484=EDGE_LOOP('',(#1536,#1537,#1538,#1539,#1540,#1541,#1542,#1543));
#4485=EDGE_LOOP('',(#1544,#1545,#1546,#1547,#1548,#1549,#1550,#1551));
#4486=EDGE_LOOP('',(#1552,#1553,#1554,#1555,#1556,#1557,#1558,#1559));
#4487=EDGE_LOOP('',(#1560,#1561,#1562,#1563,#1564,#1565,#1566,#1567));
#4488=EDGE_LOOP('',(#1568,#1569,#1570,#1571,#1572,#1573,#1574,#1575));
#4489=EDGE_LOOP('',(#1576,#1577,#1578,#1579,#1580,#1581,#1582,#1583));
#4490=EDGE_LOOP('',(#1584,#1585,#1586,#1587,#1588,#1589,#1590,#1591));
#4491=EDGE_LOOP('',(#1592,#1593,#1594,#1595,#1596,#1597,#1598,#1599));
#4492=EDGE_LOOP('',(#1600,#1601,#1602,#1603,#1604,#1605,#1606,#1607));
#4493=EDGE_LOOP('',(#1608,#1609,#1610,#1611,#1612,#1613,#1614,#1615));
#4494=EDGE_LOOP('',(#1616,#1617,#1618,#1619,#1620,#1621,#1622,#1623));
#4495=EDGE_LOOP('',(#1624,#1625,#1626,#1627,#1628,#1629,#1630,#1631));
#4496=EDGE_LOOP('',(#1632));
#4497=EDGE_LOOP('',(#1633));
#4498=EDGE_LOOP('',(#1634));
#4499=EDGE_LOOP('',(#1635));
#4500=EDGE_LOOP('',(#1636));
#4501=EDGE_LOOP('',(#1637));
#4502=EDGE_LOOP('',(#1638,#1639,#1640,#1641,#1642,#1643,#1644,#1645));
#4503=EDGE_LOOP('',(#1646,#1647,#1648,#1649,#1650,#1651,#1652,#1653));
#4504=EDGE_LOOP('',(#1654,#1655,#1656,#1657,#1658,#1659,#1660,#1661));
#4505=EDGE_LOOP('',(#1662,#1663,#1664,#1665,#1666,#1667,#1668,#1669));
#4506=EDGE_LOOP('',(#1670,#1671,#1672,#1673,#1674,#1675,#1676,#1677));
#4507=EDGE_LOOP('',(#1678,#1679,#1680,#1681,#1682,#1683,#1684,#1685));
#4508=EDGE_LOOP('',(#1686,#1687,#1688,#1689,#1690,#1691,#1692,#1693));
#4509=EDGE_LOOP('',(#1694,#1695,#1696,#1697,#1698,#1699,#1700,#1701));
#4510=EDGE_LOOP('',(#1702,#1703,#1704,#1705,#1706,#1707,#1708,#1709));
#4511=EDGE_LOOP('',(#1710,#1711,#1712,#1713,#1714,#1715,#1716,#1717));
#4512=EDGE_LOOP('',(#1718,#1719,#1720,#1721,#1722,#1723,#1724,#1725));
#4513=EDGE_LOOP('',(#1726,#1727,#1728,#1729,#1730,#1731,#1732,#1733));
#4514=EDGE_LOOP('',(#1734,#1735,#1736,#1737,#1738,#1739,#1740,#1741));
#4515=EDGE_LOOP('',(#1742,#1743,#1744,#1745,#1746,#1747,#1748,#1749));
#4516=EDGE_LOOP('',(#1750,#1751,#1752,#1753,#1754,#1755,#1756,#1757));
#4517=EDGE_LOOP('',(#1758,#1759,#1760,#1761));
#4518=EDGE_LOOP('',(#1762,#1763,#1764,#1765));
#4519=EDGE_LOOP('',(#1766,#1767,#1768,#1769));
#4520=EDGE_LOOP('',(#1770,#1771,#1772,#1773));
#4521=EDGE_LOOP('',(#1774,#1775,#1776,#1777));
#4522=EDGE_LOOP('',(#1778,#1779,#1780,#1781));
#4523=EDGE_LOOP('',(#1782,#1783,#1784,#1785));
#4524=EDGE_LOOP('',(#1786,#1787,#1788,#1789));
#4525=EDGE_LOOP('',(#1790,#1791,#1792,#1793));
#4526=EDGE_LOOP('',(#1794,#1795,#1796,#1797));
#4527=EDGE_LOOP('',(#1798,#1799,#1800,#1801));
#4528=EDGE_LOOP('',(#1802,#1803,#1804,#1805));
#4529=EDGE_LOOP('',(#1806,#1807,#1808,#1809));
#4530=EDGE_LOOP('',(#1810,#1811,#1812,#1813));
#4531=EDGE_LOOP('',(#1814,#1815,#1816,#1817));
#4532=EDGE_LOOP('',(#1818,#1819,#1820,#1821));
#4533=EDGE_LOOP('',(#1822,#1823,#1824,#1825));
#4534=EDGE_LOOP('',(#1826,#1827,#1828,#1829));
#4535=EDGE_LOOP('',(#1830,#1831,#1832,#1833));
#4536=EDGE_LOOP('',(#1834,#1835,#1836,#1837));
#4537=EDGE_LOOP('',(#1838,#1839,#1840,#1841));
#4538=EDGE_LOOP('',(#1842,#1843,#1844,#1845));
#4539=EDGE_LOOP('',(#1846,#1847,#1848,#1849));
#4540=EDGE_LOOP('',(#1850,#1851,#1852,#1853));
#4541=EDGE_LOOP('',(#1854,#1855,#1856,#1857));
#4542=EDGE_LOOP('',(#1858,#1859,#1860,#1861));
#4543=EDGE_LOOP('',(#1862,#1863,#1864,#1865));
#4544=EDGE_LOOP('',(#1866,#1867,#1868,#1869));
#4545=EDGE_LOOP('',(#1870,#1871,#1872,#1873));
#4546=EDGE_LOOP('',(#1874,#1875,#1876,#1877));
#4547=EDGE_LOOP('',(#1878,#1879,#1880,#1881));
#4548=EDGE_LOOP('',(#1882,#1883,#1884,#1885));
#4549=EDGE_LOOP('',(#1886,#1887,#1888,#1889));
#4550=EDGE_LOOP('',(#1890,#1891,#1892,#1893));
#4551=EDGE_LOOP('',(#1894,#1895,#1896,#1897));
#4552=EDGE_LOOP('',(#1898,#1899,#1900,#1901));
#4553=EDGE_LOOP('',(#1902,#1903,#1904,#1905));
#4554=EDGE_LOOP('',(#1906,#1907,#1908,#1909));
#4555=EDGE_LOOP('',(#1910,#1911,#1912,#1913));
#4556=EDGE_LOOP('',(#1914,#1915,#1916,#1917));
#4557=EDGE_LOOP('',(#1918,#1919,#1920,#1921));
#4558=EDGE_LOOP('',(#1922,#1923,#1924,#1925));
#4559=EDGE_LOOP('',(#1926,#1927,#1928,#1929));
#4560=EDGE_LOOP('',(#1930,#1931,#1932,#1933));
#4561=EDGE_LOOP('',(#1934,#1935,#1936,#1937));
#4562=EDGE_LOOP('',(#1938,#1939,#1940,#1941));
#4563=EDGE_LOOP('',(#1942,#1943,#1944,#1945));
#4564=EDGE_LOOP('',(#1946,#1947,#1948,#1949));
#4565=EDGE_LOOP('',(#1950,#1951,#1952,#1953));
#4566=EDGE_LOOP('',(#1954,#1955,#1956,#1957));
#4567=EDGE_LOOP('',(#1958,#1959,#1960,#1961));
#4568=EDGE_LOOP('',(#1962,#1963,#1964,#1965));
#4569=EDGE_LOOP('',(#1966,#1967,#1968,#1969));
#4570=EDGE_LOOP('',(#1970,#1971,#1972,#1973));
#4571=EDGE_LOOP('',(#1974,#1975,#1976,#1977));
#4572=EDGE_LOOP('',(#1978,#1979,#1980,#1981));
#4573=EDGE_LOOP('',(#1982,#1983,#1984,#1985));
#4574=EDGE_LOOP('',(#1986,#1987,#1988,#1989));
#4575=EDGE_LOOP('',(#1990,#1991,#1992,#1993));
#4576=EDGE_LOOP('',(#1994,#1995,#1996,#1997));
#4577=EDGE_LOOP('',(#1998,#1999,#2000,#2001));
#4578=EDGE_LOOP('',(#2002,#2003,#2004,#2005));
#4579=EDGE_LOOP('',(#2006,#2007,#2008,#2009));
#4580=EDGE_LOOP('',(#2010,#2011,#2012,#2013));
#4581=EDGE_LOOP('',(#2014,#2015,#2016,#2017));
#4582=EDGE_LOOP('',(#2018,#2019,#2020,#2021));
#4583=EDGE_LOOP('',(#2022,#2023,#2024,#2025));
#4584=EDGE_LOOP('',(#2026,#2027,#2028,#2029));
#4585=EDGE_LOOP('',(#2030,#2031,#2032,#2033));
#4586=EDGE_LOOP('',(#2034,#2035,#2036,#2037));
#4587=EDGE_LOOP('',(#2038,#2039,#2040,#2041));
#4588=EDGE_LOOP('',(#2042,#2043,#2044,#2045));
#4589=EDGE_LOOP('',(#2046,#2047,#2048,#2049));
#4590=EDGE_LOOP('',(#2050,#2051,#2052,#2053));
#4591=EDGE_LOOP('',(#2054,#2055,#2056,#2057));
#4592=EDGE_LOOP('',(#2058,#2059,#2060,#2061));
#4593=EDGE_LOOP('',(#2062,#2063,#2064,#2065));
#4594=EDGE_LOOP('',(#2066,#2067,#2068,#2069));
#4595=EDGE_LOOP('',(#2070,#2071,#2072,#2073));
#4596=EDGE_LOOP('',(#2074,#2075,#2076,#2077));
#4597=EDGE_LOOP('',(#2078,#2079,#2080,#2081));
#4598=EDGE_LOOP('',(#2082,#2083,#2084,#2085));
#4599=EDGE_LOOP('',(#2086,#2087,#2088,#2089));
#4600=EDGE_LOOP('',(#2090,#2091,#2092,#2093));
#4601=EDGE_LOOP('',(#2094,#2095,#2096,#2097));
#4602=EDGE_LOOP('',(#2098,#2099,#2100,#2101));
#4603=EDGE_LOOP('',(#2102,#2103,#2104,#2105));
#4604=EDGE_LOOP('',(#2106,#2107,#2108,#2109));
#4605=EDGE_LOOP('',(#2110,#2111,#2112,#2113));
#4606=EDGE_LOOP('',(#2114,#2115,#2116,#2117));
#4607=EDGE_LOOP('',(#2118,#2119,#2120,#2121));
#4608=EDGE_LOOP('',(#2122,#2123,#2124,#2125));
#4609=EDGE_LOOP('',(#2126,#2127,#2128,#2129));
#4610=EDGE_LOOP('',(#2130,#2131,#2132,#2133));
#4611=EDGE_LOOP('',(#2134,#2135,#2136,#2137));
#4612=EDGE_LOOP('',(#2138,#2139,#2140,#2141));
#4613=EDGE_LOOP('',(#2142,#2143,#2144,#2145));
#4614=EDGE_LOOP('',(#2146,#2147,#2148,#2149));
#4615=EDGE_LOOP('',(#2150,#2151,#2152,#2153));
#4616=EDGE_LOOP('',(#2154,#2155,#2156,#2157));
#4617=EDGE_LOOP('',(#2158,#2159,#2160,#2161));
#4618=EDGE_LOOP('',(#2162,#2163,#2164,#2165));
#4619=EDGE_LOOP('',(#2166,#2167,#2168,#2169));
#4620=EDGE_LOOP('',(#2170,#2171,#2172,#2173));
#4621=EDGE_LOOP('',(#2174,#2175,#2176,#2177));
#4622=EDGE_LOOP('',(#2178,#2179,#2180,#2181));
#4623=EDGE_LOOP('',(#2182,#2183,#2184,#2185));
#4624=EDGE_LOOP('',(#2186,#2187,#2188,#2189));
#4625=EDGE_LOOP('',(#2190,#2191,#2192,#2193));
#4626=EDGE_LOOP('',(#2194,#2195,#2196,#2197));
#4627=EDGE_LOOP('',(#2198,#2199,#2200,#2201));
#4628=EDGE_LOOP('',(#2202,#2203,#2204,#2205));
#4629=EDGE_LOOP('',(#2206,#2207,#2208,#2209));
#4630=EDGE_LOOP('',(#2210,#2211,#2212,#2213));
#4631=EDGE_LOOP('',(#2214,#2215,#2216,#2217));
#4632=EDGE_LOOP('',(#2218,#2219,#2220,#2221));
#4633=EDGE_LOOP('',(#2222,#2223,#2224,#2225));
#4634=EDGE_LOOP('',(#2226,#2227,#2228,#2229));
#4635=EDGE_LOOP('',(#2230,#2231,#2232,#2233));
#4636=EDGE_LOOP('',(#2234,#2235,#2236,#2237));
#4637=EDGE_LOOP('',(#2238,#2239,#2240,#2241));
#4638=EDGE_LOOP('',(#2242,#2243,#2244,#2245));
#4639=EDGE_LOOP('',(#2246,#2247,#2248,#2249));
#4640=EDGE_LOOP('',(#2250,#2251,#2252,#2253));
#4641=EDGE_LOOP('',(#2254,#2255,#2256,#2257));
#4642=EDGE_LOOP('',(#2258,#2259,#2260,#2261));
#4643=EDGE_LOOP('',(#2262,#2263,#2264,#2265));
#4644=EDGE_LOOP('',(#2266,#2267,#2268,#2269));
#4645=EDGE_LOOP('',(#2270,#2271,#2272,#2273));
#4646=EDGE_LOOP('',(#2274,#2275,#2276,#2277));
#4647=EDGE_LOOP('',(#2278,#2279,#2280,#2281));
#4648=EDGE_LOOP('',(#2282,#2283,#2284,#2285));
#4649=EDGE_LOOP('',(#2286,#2287,#2288,#2289));
#4650=EDGE_LOOP('',(#2290,#2291,#2292,#2293));
#4651=EDGE_LOOP('',(#2294,#2295,#2296,#2297));
#4652=EDGE_LOOP('',(#2298,#2299,#2300,#2301));
#4653=EDGE_LOOP('',(#2302,#2303,#2304,#2305));
#4654=EDGE_LOOP('',(#2306,#2307,#2308,#2309));
#4655=EDGE_LOOP('',(#2310,#2311,#2312,#2313));
#4656=EDGE_LOOP('',(#2314,#2315,#2316,#2317));
#4657=EDGE_LOOP('',(#2318,#2319,#2320,#2321));
#4658=EDGE_LOOP('',(#2322,#2323,#2324,#2325));
#4659=EDGE_LOOP('',(#2326,#2327,#2328,#2329));
#4660=EDGE_LOOP('',(#2330,#2331,#2332,#2333));
#4661=EDGE_LOOP('',(#2334,#2335,#2336,#2337));
#4662=EDGE_LOOP('',(#2338,#2339,#2340,#2341));
#4663=EDGE_LOOP('',(#2342,#2343,#2344,#2345));
#4664=EDGE_LOOP('',(#2346,#2347,#2348,#2349));
#4665=EDGE_LOOP('',(#2350,#2351,#2352,#2353));
#4666=EDGE_LOOP('',(#2354,#2355,#2356,#2357));
#4667=EDGE_LOOP('',(#2358,#2359,#2360,#2361));
#4668=EDGE_LOOP('',(#2362,#2363,#2364,#2365));
#4669=EDGE_LOOP('',(#2366,#2367,#2368,#2369));
#4670=EDGE_LOOP('',(#2370,#2371,#2372,#2373));
#4671=EDGE_LOOP('',(#2374,#2375,#2376,#2377));
#4672=EDGE_LOOP('',(#2378,#2379,#2380,#2381));
#4673=EDGE_LOOP('',(#2382,#2383,#2384,#2385));
#4674=EDGE_LOOP('',(#2386,#2387,#2388,#2389));
#4675=EDGE_LOOP('',(#2390,#2391,#2392,#2393));
#4676=EDGE_LOOP('',(#2394,#2395,#2396,#2397));
#4677=EDGE_LOOP('',(#2398,#2399,#2400,#2401));
#4678=EDGE_LOOP('',(#2402,#2403,#2404,#2405));
#4679=EDGE_LOOP('',(#2406,#2407,#2408,#2409));
#4680=EDGE_LOOP('',(#2410,#2411,#2412,#2413));
#4681=EDGE_LOOP('',(#2414,#2415,#2416,#2417));
#4682=EDGE_LOOP('',(#2418,#2419,#2420,#2421));
#4683=EDGE_LOOP('',(#2422,#2423,#2424,#2425));
#4684=EDGE_LOOP('',(#2426,#2427,#2428,#2429));
#4685=EDGE_LOOP('',(#2430,#2431,#2432,#2433));
#4686=EDGE_LOOP('',(#2434,#2435,#2436,#2437));
#4687=EDGE_LOOP('',(#2438,#2439,#2440,#2441));
#4688=EDGE_LOOP('',(#2442,#2443,#2444,#2445));
#4689=EDGE_LOOP('',(#2446,#2447,#2448,#2449));
#4690=EDGE_LOOP('',(#2450,#2451,#2452,#2453));
#4691=EDGE_LOOP('',(#2454,#2455,#2456,#2457));
#4692=EDGE_LOOP('',(#2458,#2459,#2460,#2461));
#4693=EDGE_LOOP('',(#2462,#2463,#2464,#2465));
#4694=EDGE_LOOP('',(#2466,#2467,#2468,#2469));
#4695=EDGE_LOOP('',(#2470,#2471,#2472,#2473));
#4696=EDGE_LOOP('',(#2474,#2475,#2476,#2477));
#4697=EDGE_LOOP('',(#2478,#2479,#2480,#2481));
#4698=EDGE_LOOP('',(#2482,#2483,#2484,#2485));
#4699=EDGE_LOOP('',(#2486,#2487,#2488,#2489));
#4700=EDGE_LOOP('',(#2490,#2491,#2492,#2493));
#4701=EDGE_LOOP('',(#2494,#2495,#2496,#2497));
#4702=EDGE_LOOP('',(#2498,#2499,#2500,#2501));
#4703=EDGE_LOOP('',(#2502,#2503,#2504,#2505));
#4704=EDGE_LOOP('',(#2506,#2507,#2508,#2509));
#4705=EDGE_LOOP('',(#2510,#2511,#2512,#2513));
#4706=EDGE_LOOP('',(#2514,#2515,#2516,#2517));
#4707=EDGE_LOOP('',(#2518,#2519,#2520,#2521));
#4708=EDGE_LOOP('',(#2522,#2523,#2524,#2525));
#4709=EDGE_LOOP('',(#2526,#2527,#2528,#2529));
#4710=EDGE_LOOP('',(#2530,#2531,#2532,#2533));
#4711=EDGE_LOOP('',(#2534,#2535,#2536,#2537));
#4712=EDGE_LOOP('',(#2538,#2539,#2540,#2541));
#4713=EDGE_LOOP('',(#2542,#2543,#2544,#2545));
#4714=EDGE_LOOP('',(#2546,#2547,#2548,#2549));
#4715=EDGE_LOOP('',(#2550,#2551,#2552,#2553));
#4716=EDGE_LOOP('',(#2554,#2555,#2556,#2557));
#4717=EDGE_LOOP('',(#2558,#2559,#2560,#2561));
#4718=EDGE_LOOP('',(#2562,#2563,#2564,#2565));
#4719=EDGE_LOOP('',(#2566,#2567,#2568,#2569));
#4720=EDGE_LOOP('',(#2570,#2571,#2572,#2573));
#4721=EDGE_LOOP('',(#2574,#2575,#2576,#2577));
#4722=EDGE_LOOP('',(#2578,#2579,#2580,#2581));
#4723=EDGE_LOOP('',(#2582,#2583,#2584,#2585));
#4724=EDGE_LOOP('',(#2586,#2587,#2588,#2589));
#4725=EDGE_LOOP('',(#2590,#2591,#2592,#2593));
#4726=EDGE_LOOP('',(#2594,#2595,#2596,#2597));
#4727=EDGE_LOOP('',(#2598,#2599,#2600,#2601));
#4728=EDGE_LOOP('',(#2602,#2603,#2604,#2605));
#4729=EDGE_LOOP('',(#2606,#2607,#2608,#2609));
#4730=EDGE_LOOP('',(#2610,#2611,#2612,#2613));
#4731=EDGE_LOOP('',(#2614,#2615,#2616,#2617));
#4732=EDGE_LOOP('',(#2618,#2619,#2620,#2621));
#4733=EDGE_LOOP('',(#2622,#2623,#2624,#2625));
#4734=EDGE_LOOP('',(#2626,#2627,#2628,#2629));
#4735=EDGE_LOOP('',(#2630,#2631,#2632,#2633));
#4736=EDGE_LOOP('',(#2634,#2635,#2636,#2637));
#4737=EDGE_LOOP('',(#2638,#2639,#2640,#2641));
#4738=EDGE_LOOP('',(#2642,#2643,#2644,#2645));
#4739=EDGE_LOOP('',(#2646,#2647,#2648,#2649));
#4740=EDGE_LOOP('',(#2650,#2651,#2652,#2653));
#4741=EDGE_LOOP('',(#2654,#2655,#2656,#2657));
#4742=EDGE_LOOP('',(#2658,#2659,#2660,#2661));
#4743=EDGE_LOOP('',(#2662,#2663,#2664,#2665));
#4744=EDGE_LOOP('',(#2666,#2667,#2668,#2669));
#4745=EDGE_LOOP('',(#2670,#2671,#2672,#2673));
#4746=EDGE_LOOP('',(#2674,#2675,#2676,#2677));
#4747=EDGE_LOOP('',(#2678,#2679,#2680,#2681));
#4748=EDGE_LOOP('',(#2682,#2683,#2684,#2685));
#4749=EDGE_LOOP('',(#2686,#2687,#2688,#2689));
#4750=EDGE_LOOP('',(#2690,#2691,#2692,#2693));
#4751=EDGE_LOOP('',(#2694,#2695,#2696,#2697));
#4752=EDGE_LOOP('',(#2698,#2699,#2700,#2701));
#4753=EDGE_LOOP('',(#2702,#2703,#2704,#2705));
#4754=EDGE_LOOP('',(#2706,#2707,#2708,#2709));
#4755=EDGE_LOOP('',(#2710,#2711,#2712,#2713));
#4756=EDGE_LOOP('',(#2714,#2715,#2716,#2717));
#4757=EDGE_LOOP('',(#2718,#2719,#2720,#2721));
#4758=EDGE_LOOP('',(#2722,#2723,#2724,#2725));
#4759=EDGE_LOOP('',(#2726,#2727,#2728,#2729));
#4760=EDGE_LOOP('',(#2730,#2731,#2732,#2733));
#4761=EDGE_LOOP('',(#2734,#2735,#2736,#2737));
#4762=EDGE_LOOP('',(#2738,#2739,#2740,#2741));
#4763=EDGE_LOOP('',(#2742,#2743,#2744,#2745));
#4764=EDGE_LOOP('',(#2746,#2747,#2748,#2749));
#4765=EDGE_LOOP('',(#2750,#2751,#2752,#2753));
#4766=EDGE_LOOP('',(#2754,#2755,#2756,#2757));
#4767=EDGE_LOOP('',(#2758,#2759,#2760,#2761));
#4768=EDGE_LOOP('',(#2762,#2763,#2764,#2765));
#4769=EDGE_LOOP('',(#2766,#2767,#2768,#2769));
#4770=EDGE_LOOP('',(#2770,#2771,#2772,#2773));
#4771=EDGE_LOOP('',(#2774,#2775,#2776,#2777));
#4772=EDGE_LOOP('',(#2778,#2779,#2780,#2781));
#4773=EDGE_LOOP('',(#2782,#2783,#2784,#2785));
#4774=EDGE_LOOP('',(#2786,#2787,#2788,#2789));
#4775=EDGE_LOOP('',(#2790,#2791,#2792,#2793));
#4776=EDGE_LOOP('',(#2794,#2795,#2796,#2797));
#4777=EDGE_LOOP('',(#2798,#2799,#2800,#2801));
#4778=EDGE_LOOP('',(#2802,#2803,#2804,#2805));
#4779=EDGE_LOOP('',(#2806,#2807,#2808,#2809));
#4780=EDGE_LOOP('',(#2810));
#4781=EDGE_LOOP('',(#2811));
#4782=EDGE_LOOP('',(#2812));
#4783=EDGE_LOOP('',(#2813));
#4784=EDGE_LOOP('',(#2814));
#4785=EDGE_LOOP('',(#2815));
#4786=FACE_BOUND('',#4436,.T.);
#4787=FACE_BOUND('',#4437,.T.);
#4788=FACE_BOUND('',#4438,.T.);
#4789=FACE_BOUND('',#4439,.T.);
#4790=FACE_BOUND('',#4440,.T.);
#4791=FACE_BOUND('',#4441,.T.);
#4792=FACE_BOUND('',#4442,.T.);
#4793=FACE_BOUND('',#4443,.T.);
#4794=FACE_BOUND('',#4444,.T.);
#4795=FACE_BOUND('',#4445,.T.);
#4796=FACE_BOUND('',#4446,.T.);
#4797=FACE_BOUND('',#4447,.T.);
#4798=FACE_BOUND('',#4448,.T.);
#4799=FACE_BOUND('',#4449,.T.);
#4800=FACE_BOUND('',#4450,.T.);
#4801=FACE_BOUND('',#4451,.T.);
#4802=FACE_BOUND('',#4452,.T.);
#4803=FACE_BOUND('',#4453,.T.);
#4804=FACE_BOUND('',#4454,.T.);
#4805=FACE_BOUND('',#4455,.T.);
#4806=FACE_BOUND('',#4456,.T.);
#4807=FACE_BOUND('',#4457,.T.);
#4808=FACE_BOUND('',#4458,.T.);
#4809=FACE_BOUND('',#4459,.T.);
#4810=FACE_BOUND('',#4460,.T.);
#4811=FACE_BOUND('',#4461,.T.);
#4812=FACE_BOUND('',#4462,.T.);
#4813=FACE_BOUND('',#4463,.T.);
#4814=FACE_BOUND('',#4464,.T.);
#4815=FACE_BOUND('',#4465,.T.);
#4816=FACE_BOUND('',#4466,.T.);
#4817=FACE_BOUND('',#4467,.T.);
#4818=FACE_BOUND('',#4468,.T.);
#4819=FACE_BOUND('',#4469,.T.);
#4820=FACE_BOUND('',#4470,.T.);
#4821=FACE_BOUND('',#4471,.T.);
#4822=FACE_BOUND('',#4472,.T.);
#4823=FACE_BOUND('',#4473,.T.);
#4824=FACE_BOUND('',#4474,.T.);
#4825=FACE_BOUND('',#4475,.T.);
#4826=FACE_BOUND('',#4476,.T.);
#4827=FACE_BOUND('',#4477,.T.);
#4828=FACE_BOUND('',#4478,.T.);
#4829=FACE_BOUND('',#4479,.T.);
#4830=FACE_BOUND('',#4480,.T.);
#4831=FACE_BOUND('',#4481,.T.);
#4832=FACE_BOUND('',#4482,.T.);
#4833=FACE_BOUND('',#4483,.T.);
#4834=FACE_BOUND('',#4484,.T.);
#4835=FACE_BOUND('',#4485,.T.);
#4836=FACE_BOUND('',#4486,.T.);
#4837=FACE_BOUND('',#4487,.T.);
#4838=FACE_BOUND('',#4488,.T.);
#4839=FACE_BOUND('',#4489,.T.);
#4840=FACE_BOUND('',#4490,.T.);
#4841=FACE_BOUND('',#4491,.T.);
#4842=FACE_BOUND('',#4492,.T.);
#4843=FACE_BOUND('',#4493,.T.);
#4844=FACE_BOUND('',#4494,.T.);
#4845=FACE_BOUND('',#4495,.T.);
#4846=FACE_BOUND('',#4496,.T.);
#4847=FACE_BOUND('',#4497,.T.);
#4848=FACE_BOUND('',#4498,.T.);
#4849=FACE_BOUND('',#4499,.T.);
#4850=FACE_BOUND('',#4500,.T.);
#4851=FACE_BOUND('',#4501,.T.);
#4852=FACE_BOUND('',#4502,.T.);
#4853=FACE_BOUND('',#4503,.T.);
#4854=FACE_BOUND('',#4504,.T.);
#4855=FACE_BOUND('',#4505,.T.);
#4856=FACE_BOUND('',#4506,.T.);
#4857=FACE_BOUND('',#4507,.T.);
#4858=FACE_BOUND('',#4508,.T.);
#4859=FACE_BOUND('',#4509,.T.);
#4860=FACE_BOUND('',#4510,.T.);
#4861=FACE_BOUND('',#4511,.T.);
#4862=FACE_BOUND('',#4512,.T.);
#4863=FACE_BOUND('',#4513,.T.);
#4864=FACE_BOUND('',#4514,.T.);
#4865=FACE_BOUND('',#4515,.T.);
#4866=FACE_BOUND('',#4516,.T.);
#4867=FACE_BOUND('',#4517,.T.);
#4868=FACE_BOUND('',#4518,.T.);
#4869=FACE_BOUND('',#4519,.T.);
#4870=FACE_BOUND('',#4520,.T.);
#4871=FACE_BOUND('',#4521,.T.);
#4872=FACE_BOUND('',#4522,.T.);
#4873=FACE_BOUND('',#4523,.T.);
#4874=FACE_BOUND('',#4524,.T.);
#4875=FACE_BOUND('',#4525,.T.);
#4876=FACE_BOUND('',#4526,.T.);
#4877=FACE_BOUND('',#4527,.T.);
#4878=FACE_BOUND('',#4528,.T.);
#4879=FACE_BOUND('',#4529,.T.);
#4880=FACE_BOUND('',#4530,.T.);
#4881=FACE_BOUND('',#4531,.T.);
#4882=FACE_BOUND('',#4532,.T.);
#4883=FACE_BOUND('',#4533,.T.);
#4884=FACE_BOUND('',#4534,.T.);
#4885=FACE_BOUND('',#4535,.T.);
#4886=FACE_BOUND('',#4536,.T.);
#4887=FACE_BOUND('',#4537,.T.);
#4888=FACE_BOUND('',#4538,.T.);
#4889=FACE_BOUND('',#4539,.T.);
#4890=FACE_BOUND('',#4540,.T.);
#4891=FACE_BOUND('',#4541,.T.);
#4892=FACE_BOUND('',#4542,.T.);
#4893=FACE_BOUND('',#4543,.T.);
#4894=FACE_BOUND('',#4544,.T.);
#4895=FACE_BOUND('',#4545,.T.);
#4896=FACE_BOUND('',#4546,.T.);
#4897=FACE_BOUND('',#4547,.T.);
#4898=FACE_BOUND('',#4548,.T.);
#4899=FACE_BOUND('',#4549,.T.);
#4900=FACE_BOUND('',#4550,.T.);
#4901=FACE_BOUND('',#4551,.T.);
#4902=FACE_BOUND('',#4552,.T.);
#4903=FACE_BOUND('',#4553,.T.);
#4904=FACE_BOUND('',#4554,.T.);
#4905=FACE_BOUND('',#4555,.T.);
#4906=FACE_BOUND('',#4556,.T.);
#4907=FACE_BOUND('',#4557,.T.);
#4908=FACE_BOUND('',#4558,.T.);
#4909=FACE_BOUND('',#4559,.T.);
#4910=FACE_BOUND('',#4560,.T.);
#4911=FACE_BOUND('',#4561,.T.);
#4912=FACE_BOUND('',#4562,.T.);
#4913=FACE_BOUND('',#4563,.T.);
#4914=FACE_BOUND('',#4564,.T.);
#4915=FACE_BOUND('',#4565,.T.);
#4916=FACE_BOUND('',#4566,.T.);
#4917=FACE_BOUND('',#4567,.T.);
#4918=FACE_BOUND('',#4568,.T.);
#4919=FACE_BOUND('',#4569,.T.);
#4920=FACE_BOUND('',#4570,.T.);
#4921=FACE_BOUND('',#4571,.T.);
#4922=FACE_BOUND('',#4572,.T.);
#4923=FACE_BOUND('',#4573,.T.);
#4924=FACE_BOUND('',#4574,.T.);
#4925=FACE_BOUND('',#4575,.T.);
#4926=FACE_BOUND('',#4576,.T.);
#4927=FACE_BOUND('',#4577,.T.);
#4928=FACE_BOUND('',#4578,.T.);
#4929=FACE_BOUND('',#4579,.T.);
#4930=FACE_BOUND('',#4580,.T.);
#4931=FACE_BOUND('',#4581,.T.);
#4932=FACE_BOUND('',#4582,.T.);
#4933=FACE_BOUND('',#4583,.T.);
#4934=FACE_BOUND('',#4584,.T.);
#4935=FACE_BOUND('',#4585,.T.);
#4936=FACE_BOUND('',#4586,.T.);
#4937=FACE_BOUND('',#4587,.T.);
#4938=FACE_BOUND('',#4588,.T.);
#4939=FACE_BOUND('',#4589,.T.);
#4940=FACE_BOUND('',#4590,.T.);
#4941=FACE_BOUND('',#4591,.T.);
#4942=FACE_BOUND('',#4592,.T.);
#4943=FACE_BOUND('',#4593,.T.);
#4944=FACE_BOUND('',#4594,.T.);
#4945=FACE_BOUND('',#4595,.T.);
#4946=FACE_BOUND('',#4596,.T.);
#4947=FACE_BOUND('',#4597,.T.);
#4948=FACE_BOUND('',#4598,.T.);
#4949=FACE_BOUND('',#4599,.T.);
#4950=FACE_BOUND('',#4600,.T.);
#4951=FACE_BOUND('',#4601,.T.);
#4952=FACE_BOUND('',#4602,.T.);
#4953=FACE_BOUND('',#4603,.T.);
#4954=FACE_BOUND('',#4604,.T.);
#4955=FACE_BOUND('',#4605,.T.);
#4956=FACE_BOUND('',#4606,.T.);
#4957=FACE_BOUND('',#4607,.T.);
#4958=FACE_BOUND('',#4608,.T.);
#4959=FACE_BOUND('',#4609,.T.);
#4960=FACE_BOUND('',#4610,.T.);
#4961=FACE_BOUND('',#4611,.T.);
#4962=FACE_BOUND('',#4612,.T.);
#4963=FACE_BOUND('',#4613,.T.);
#4964=FACE_BOUND('',#4614,.T.);
#4965=FACE_BOUND('',#4615,.T.);
#4966=FACE_BOUND('',#4616,.T.);
#4967=FACE_BOUND('',#4617,.T.);
#4968=FACE_BOUND('',#4618,.T.);
#4969=FACE_BOUND('',#4619,.T.);
#4970=FACE_BOUND('',#4620,.T.);
#4971=FACE_BOUND('',#4621,.T.);
#4972=FACE_BOUND('',#4622,.T.);
#4973=FACE_BOUND('',#4623,.T.);
#4974=FACE_BOUND('',#4624,.T.);
#4975=FACE_BOUND('',#4625,.T.);
#4976=FACE_BOUND('',#4626,.T.);
#4977=FACE_BOUND('',#4627,.T.);
#4978=FACE_BOUND('',#4628,.T.);
#4979=FACE_BOUND('',#4629,.T.);
#4980=FACE_BOUND('',#4630,.T.);
#4981=FACE_BOUND('',#4631,.T.);
#4982=FACE_BOUND('',#4632,.T.);
#4983=FACE_BOUND('',#4633,.T.);
#4984=FACE_BOUND('',#4634,.T.);
#4985=FACE_BOUND('',#4635,.T.);
#4986=FACE_BOUND('',#4636,.T.);
#4987=FACE_BOUND('',#4637,.T.);
#4988=FACE_BOUND('',#4638,.T.);
#4989=FACE_BOUND('',#4639,.T.);
#4990=FACE_BOUND('',#4640,.T.);
#4991=FACE_BOUND('',#4641,.T.);
#4992=FACE_BOUND('',#4642,.T.);
#4993=FACE_BOUND('',#4643,.T.);
#4994=FACE_BOUND('',#4644,.T.);
#4995=FACE_BOUND('',#4645,.T.);
#4996=FACE_BOUND('',#4646,.T.);
#4997=FACE_BOUND('',#4647,.T.);
#4998=FACE_BOUND('',#4648,.T.);
#4999=FACE_BOUND('',#4649,.T.);
#5000=FACE_BOUND('',#4650,.T.);
#5001=FACE_BOUND('',#4651,.T.);
#5002=FACE_BOUND('',#4652,.T.);
#5003=FACE_BOUND('',#4653,.T.);
#5004=FACE_BOUND('',#4654,.T.);
#5005=FACE_BOUND('',#4655,.T.);
#5006=FACE_BOUND('',#4656,.T.);
#5007=FACE_BOUND('',#4657,.T.);
#5008=FACE_BOUND('',#4658,.T.);
#5009=FACE_BOUND('',#4659,.T.);
#5010=FACE_BOUND('',#4660,.T.);
#5011=FACE_BOUND('',#4661,.T.);
#5012=FACE_BOUND('',#4662,.T.);
#5013=FACE_BOUND('',#4663,.T.);
#5014=FACE_BOUND('',#4664,.T.);
#5015=FACE_BOUND('',#4665,.T.);
#5016=FACE_BOUND('',#4666,.T.);
#5017=FACE_BOUND('',#4667,.T.);
#5018=FACE_BOUND('',#4668,.T.);
#5019=FACE_BOUND('',#4669,.T.);
#5020=FACE_BOUND('',#4670,.T.);
#5021=FACE_BOUND('',#4671,.T.);
#5022=FACE_BOUND('',#4672,.T.);
#5023=FACE_BOUND('',#4673,.T.);
#5024=FACE_BOUND('',#4674,.T.);
#5025=FACE_BOUND('',#4675,.T.);
#5026=FACE_BOUND('',#4676,.T.);
#5027=FACE_BOUND('',#4677,.T.);
#5028=FACE_BOUND('',#4678,.T.);
#5029=FACE_BOUND('',#4679,.T.);
#5030=FACE_BOUND('',#4680,.T.);
#5031=FACE_BOUND('',#4681,.T.);
#5032=FACE_BOUND('',#4682,.T.);
#5033=FACE_BOUND('',#4683,.T.);
#5034=FACE_BOUND('',#4684,.T.);
#5035=FACE_BOUND('',#4685,.T.);
#5036=FACE_BOUND('',#4686,.T.);
#5037=FACE_BOUND('',#4687,.T.);
#5038=FACE_BOUND('',#4688,.T.);
#5039=FACE_BOUND('',#4689,.T.);
#5040=FACE_BOUND('',#4690,.T.);
#5041=FACE_BOUND('',#4691,.T.);
#5042=FACE_BOUND('',#4692,.T.);
#5043=FACE_BOUND('',#4693,.T.);
#5044=FACE_BOUND('',#4694,.T.);
#5045=FACE_BOUND('',#4695,.T.);
#5046=FACE_BOUND('',#4696,.T.);
#5047=FACE_BOUND('',#4697,.T.);
#5048=FACE_BOUND('',#4698,.T.);
#5049=FACE_BOUND('',#4699,.T.);
#5050=FACE_BOUND('',#4700,.T.);
#5051=FACE_BOUND('',#4701,.T.);
#5052=FACE_BOUND('',#4702,.T.);
#5053=FACE_BOUND('',#4703,.T.);
#5054=FACE_BOUND('',#4704,.T.);
#5055=FACE_BOUND('',#4705,.T.);
#5056=FACE_BOUND('',#4706,.T.);
#5057=FACE_BOUND('',#4707,.T.);
#5058=FACE_BOUND('',#4708,.T.);
#5059=FACE_BOUND('',#4709,.T.);
#5060=FACE_BOUND('',#4710,.T.);
#5061=FACE_BOUND('',#4711,.T.);
#5062=FACE_BOUND('',#4712,.T.);
#5063=FACE_BOUND('',#4713,.T.);
#5064=FACE_BOUND('',#4714,.T.);
#5065=FACE_BOUND('',#4715,.T.);
#5066=FACE_BOUND('',#4716,.T.);
#5067=FACE_BOUND('',#4717,.T.);
#5068=FACE_BOUND('',#4718,.T.);
#5069=FACE_BOUND('',#4719,.T.);
#5070=FACE_BOUND('',#4720,.T.);
#5071=FACE_BOUND('',#4721,.T.);
#5072=FACE_BOUND('',#4722,.T.);
#5073=FACE_BOUND('',#4723,.T.);
#5074=FACE_BOUND('',#4724,.T.);
#5075=FACE_BOUND('',#4725,.T.);
#5076=FACE_BOUND('',#4726,.T.);
#5077=FACE_BOUND('',#4727,.T.);
#5078=FACE_BOUND('',#4728,.T.);
#5079=FACE_BOUND('',#4729,.T.);
#5080=FACE_BOUND('',#4730,.T.);
#5081=FACE_BOUND('',#4731,.T.);
#5082=FACE_BOUND('',#4732,.T.);
#5083=FACE_BOUND('',#4733,.T.);
#5084=FACE_BOUND('',#4734,.T.);
#5085=FACE_BOUND('',#4735,.T.);
#5086=FACE_BOUND('',#4736,.T.);
#5087=FACE_BOUND('',#4737,.T.);
#5088=FACE_BOUND('',#4738,.T.);
#5089=FACE_BOUND('',#4739,.T.);
#5090=FACE_BOUND('',#4740,.T.);
#5091=FACE_BOUND('',#4741,.T.);
#5092=FACE_BOUND('',#4742,.T.);
#5093=FACE_BOUND('',#4743,.T.);
#5094=FACE_BOUND('',#4744,.T.);
#5095=FACE_BOUND('',#4745,.T.);
#5096=FACE_BOUND('',#4746,.T.);
#5097=FACE_BOUND('',#4747,.T.);
#5098=FACE_BOUND('',#4748,.T.);
#5099=FACE_BOUND('',#4749,.T.);
#5100=FACE_BOUND('',#4750,.T.);
#5101=FACE_BOUND('',#4751,.T.);
#5102=FACE_BOUND('',#4752,.T.);
#5103=FACE_BOUND('',#4753,.T.);
#5104=FACE_BOUND('',#4754,.T.);
#5105=FACE_BOUND('',#4755,.T.);
#5106=FACE_BOUND('',#4756,.T.);
#5107=FACE_BOUND('',#4757,.T.);
#5108=FACE_BOUND('',#4758,.T.);
#5109=FACE_BOUND('',#4759,.T.);
#5110=FACE_BOUND('',#4760,.T.);
#5111=FACE_BOUND('',#4761,.T.);
#5112=FACE_BOUND('',#4762,.T.);
#5113=FACE_BOUND('',#4763,.T.);
#5114=FACE_BOUND('',#4764,.T.);
#5115=FACE_BOUND('',#4765,.T.);
#5116=FACE_BOUND('',#4766,.T.);
#5117=FACE_BOUND('',#4767,.T.);
#5118=FACE_BOUND('',#4768,.T.);
#5119=FACE_BOUND('',#4769,.T.);
#5120=FACE_BOUND('',#4770,.T.);
#5121=FACE_BOUND('',#4771,.T.);
#5122=FACE_BOUND('',#4772,.T.);
#5123=FACE_BOUND('',#4773,.T.);
#5124=FACE_BOUND('',#4774,.T.);
#5125=FACE_BOUND('',#4775,.T.);
#5126=FACE_BOUND('',#4776,.T.);
#5127=FACE_BOUND('',#4777,.T.);
#5128=FACE_BOUND('',#4778,.T.);
#5129=FACE_BOUND('',#4779,.T.);
#5130=FACE_BOUND('',#4780,.T.);
#5131=FACE_BOUND('',#4781,.T.);
#5132=FACE_BOUND('',#4782,.T.);
#5133=FACE_BOUND('',#4783,.T.);
#5134=FACE_BOUND('',#4784,.T.);
#5135=FACE_BOUND('',#4785,.T.);
#5136=CYLINDRICAL_SURFACE('',#5565,0.00095);
#5137=CYLINDRICAL_SURFACE('',#5568,0.00095);
#5138=CYLINDRICAL_SURFACE('',#5571,0.00095);
#5139=CYLINDRICAL_SURFACE('',#5574,0.00095);
#5140=CYLINDRICAL_SURFACE('',#5577,0.00095);
#5141=CYLINDRICAL_SURFACE('',#5580,0.00095);
#5142=CYLINDRICAL_SURFACE('',#5858,0.002);
#5143=CYLINDRICAL_SURFACE('',#5859,0.002);
#5144=CYLINDRICAL_SURFACE('',#5860,0.002);
#5145=CYLINDRICAL_SURFACE('',#5861,0.002);
#5146=CYLINDRICAL_SURFACE('',#5862,0.002);
#5147=CYLINDRICAL_SURFACE('',#5863,0.002);
#5148=CYLINDRICAL_SURFACE('',#5864,0.002);
#5149=CYLINDRICAL_SURFACE('',#5865,0.002);
#5150=CYLINDRICAL_SURFACE('',#5867,0.0005);
#5151=CYLINDRICAL_SURFACE('',#5869,0.0005);
#5152=CYLINDRICAL_SURFACE('',#5871,0.0005);
#5153=CYLINDRICAL_SURFACE('',#5873,0.0005);
#5154=CYLINDRICAL_SURFACE('',#5875,0.0005);
#5155=CYLINDRICAL_SURFACE('',#5877,0.0005);
#5156=CYLINDRICAL_SURFACE('',#5879,0.0005);
#5157=CYLINDRICAL_SURFACE('',#5881,0.0005);
#5158=CYLINDRICAL_SURFACE('',#5883,0.000499999999999976);
#5159=CYLINDRICAL_SURFACE('',#5885,0.000499999999999977);
#5160=CYLINDRICAL_SURFACE('',#5887,0.0005);
#5161=CYLINDRICAL_SURFACE('',#5889,0.0005);
#5162=CYLINDRICAL_SURFACE('',#5891,0.000499999999999976);
#5163=CYLINDRICAL_SURFACE('',#5893,0.000499999999999976);
#5164=CYLINDRICAL_SURFACE('',#5895,0.0005);
#5165=CYLINDRICAL_SURFACE('',#5897,0.0005);
#5166=CYLINDRICAL_SURFACE('',#5899,0.0005);
#5167=CYLINDRICAL_SURFACE('',#5901,0.0005);
#5168=CYLINDRICAL_SURFACE('',#5903,0.0005);
#5169=CYLINDRICAL_SURFACE('',#5905,0.0005);
#5170=CYLINDRICAL_SURFACE('',#5907,0.0005);
#5171=CYLINDRICAL_SURFACE('',#5909,0.0005);
#5172=CYLINDRICAL_SURFACE('',#5911,0.0005);
#5173=CYLINDRICAL_SURFACE('',#5913,0.0005);
#5174=CYLINDRICAL_SURFACE('',#5915,0.0005);
#5175=CYLINDRICAL_SURFACE('',#5917,0.0005);
#5176=CYLINDRICAL_SURFACE('',#5919,0.000500000000000025);
#5177=CYLINDRICAL_SURFACE('',#5921,0.000500000000000025);
#5178=CYLINDRICAL_SURFACE('',#5923,0.0005);
#5179=CYLINDRICAL_SURFACE('',#5925,0.0005);
#5180=CYLINDRICAL_SURFACE('',#5927,0.000500000000000024);
#5181=CYLINDRICAL_SURFACE('',#5929,0.000500000000000025);
#5182=CYLINDRICAL_SURFACE('',#5931,0.0005);
#5183=CYLINDRICAL_SURFACE('',#5933,0.0005);
#5184=CYLINDRICAL_SURFACE('',#5935,0.0005);
#5185=CYLINDRICAL_SURFACE('',#5937,0.0005);
#5186=CYLINDRICAL_SURFACE('',#5939,0.0005);
#5187=CYLINDRICAL_SURFACE('',#5941,0.0005);
#5188=CYLINDRICAL_SURFACE('',#5943,0.000500000000000013);
#5189=CYLINDRICAL_SURFACE('',#5945,0.000500000000000013);
#5190=CYLINDRICAL_SURFACE('',#5947,0.000499999999999994);
#5191=CYLINDRICAL_SURFACE('',#5949,0.0005);
#5192=CYLINDRICAL_SURFACE('',#5951,0.000500000000000006);
#5193=CYLINDRICAL_SURFACE('',#5953,0.000500000000000007);
#5194=CYLINDRICAL_SURFACE('',#5955,0.0005);
#5195=CYLINDRICAL_SURFACE('',#5957,0.0005);
#5196=CYLINDRICAL_SURFACE('',#5959,0.000500000000000006);
#5197=CYLINDRICAL_SURFACE('',#5961,0.000500000000000007);
#5198=CYLINDRICAL_SURFACE('',#5963,0.0005);
#5199=CYLINDRICAL_SURFACE('',#5965,0.0005);
#5200=CYLINDRICAL_SURFACE('',#5967,0.0005);
#5201=CYLINDRICAL_SURFACE('',#5969,0.0005);
#5202=CYLINDRICAL_SURFACE('',#5971,0.0005);
#5203=CYLINDRICAL_SURFACE('',#5973,0.0005);
#5204=CYLINDRICAL_SURFACE('',#5975,0.0005);
#5205=CYLINDRICAL_SURFACE('',#5977,0.0005);
#5206=CYLINDRICAL_SURFACE('',#5979,0.0005);
#5207=CYLINDRICAL_SURFACE('',#5981,0.0005);
#5208=CYLINDRICAL_SURFACE('',#5983,0.0005);
#5209=CYLINDRICAL_SURFACE('',#5985,0.0005);
#5210=CYLINDRICAL_SURFACE('',#5987,0.0005);
#5211=CYLINDRICAL_SURFACE('',#5989,0.000499999999999994);
#5212=CYLINDRICAL_SURFACE('',#5991,0.000500000000000006);
#5213=CYLINDRICAL_SURFACE('',#5993,0.000500000000000006);
#5214=CYLINDRICAL_SURFACE('',#5995,0.0005);
#5215=CYLINDRICAL_SURFACE('',#5997,0.0005);
#5216=CYLINDRICAL_SURFACE('',#5999,0.0005);
#5217=CYLINDRICAL_SURFACE('',#6001,0.0005);
#5218=CYLINDRICAL_SURFACE('',#6003,0.0005);
#5219=CYLINDRICAL_SURFACE('',#6005,0.0005);
#5220=CYLINDRICAL_SURFACE('',#6007,0.0005);
#5221=CYLINDRICAL_SURFACE('',#6009,0.0005);
#5222=CYLINDRICAL_SURFACE('',#6011,0.000499999999999994);
#5223=CYLINDRICAL_SURFACE('',#6013,0.000499999999999992);
#5224=CYLINDRICAL_SURFACE('',#6015,0.0005);
#5225=CYLINDRICAL_SURFACE('',#6017,0.000500000000000007);
#5226=CYLINDRICAL_SURFACE('',#6019,0.0005);
#5227=CYLINDRICAL_SURFACE('',#6021,0.000499999999999994);
#5228=CYLINDRICAL_SURFACE('',#6023,0.0005);
#5229=CYLINDRICAL_SURFACE('',#6025,0.0005);
#5230=CYLINDRICAL_SURFACE('',#6027,0.0005);
#5231=CYLINDRICAL_SURFACE('',#6029,0.0005);
#5232=CYLINDRICAL_SURFACE('',#6031,0.0005);
#5233=CYLINDRICAL_SURFACE('',#6033,0.0005);
#5234=CYLINDRICAL_SURFACE('',#6035,0.0005);
#5235=CYLINDRICAL_SURFACE('',#6037,0.0005);
#5236=CYLINDRICAL_SURFACE('',#6039,0.0005);
#5237=CYLINDRICAL_SURFACE('',#6041,0.0005);
#5238=CYLINDRICAL_SURFACE('',#6043,0.0005);
#5239=CYLINDRICAL_SURFACE('',#6045,0.0005);
#5240=CYLINDRICAL_SURFACE('',#6047,0.0005);
#5241=CYLINDRICAL_SURFACE('',#6049,0.0005);
#5242=CYLINDRICAL_SURFACE('',#6051,0.0005);
#5243=CYLINDRICAL_SURFACE('',#6053,0.0005);
#5244=CYLINDRICAL_SURFACE('',#6055,0.000500000000000025);
#5245=CYLINDRICAL_SURFACE('',#6057,0.000500000000000025);
#5246=CYLINDRICAL_SURFACE('',#6059,0.0005);
#5247=CYLINDRICAL_SURFACE('',#6061,0.0005);
#5248=CYLINDRICAL_SURFACE('',#6063,0.000500000000000024);
#5249=CYLINDRICAL_SURFACE('',#6065,0.000500000000000025);
#5250=CYLINDRICAL_SURFACE('',#6067,0.0005);
#5251=CYLINDRICAL_SURFACE('',#6069,0.0005);
#5252=CYLINDRICAL_SURFACE('',#6071,0.0005);
#5253=CYLINDRICAL_SURFACE('',#6073,0.0005);
#5254=CYLINDRICAL_SURFACE('',#6075,0.0005);
#5255=CYLINDRICAL_SURFACE('',#6077,0.0005);
#5256=CYLINDRICAL_SURFACE('',#6079,0.0005);
#5257=CYLINDRICAL_SURFACE('',#6081,0.0005);
#5258=CYLINDRICAL_SURFACE('',#6083,0.0005);
#5259=CYLINDRICAL_SURFACE('',#6085,0.0005);
#5260=CYLINDRICAL_SURFACE('',#6087,0.0005);
#5261=CYLINDRICAL_SURFACE('',#6089,0.0005);
#5262=CYLINDRICAL_SURFACE('',#6091,0.0005);
#5263=CYLINDRICAL_SURFACE('',#6093,0.0005);
#5264=CYLINDRICAL_SURFACE('',#6095,0.0005);
#5265=CYLINDRICAL_SURFACE('',#6097,0.0005);
#5266=CYLINDRICAL_SURFACE('',#6099,0.0005);
#5267=CYLINDRICAL_SURFACE('',#6101,0.0005);
#5268=CYLINDRICAL_SURFACE('',#6103,0.0005);
#5269=CYLINDRICAL_SURFACE('',#6105,0.0005);
#5270=CYLINDRICAL_SURFACE('',#6109,0.002);
#5271=CYLINDRICAL_SURFACE('',#6110,0.002);
#5272=CYLINDRICAL_SURFACE('',#6111,0.002);
#5273=CYLINDRICAL_SURFACE('',#6112,0.002);
#5274=ADVANCED_FACE('',(#4786,#4787),#5136,.F.);
#5275=ADVANCED_FACE('',(#4788,#4789),#5137,.F.);
#5276=ADVANCED_FACE('',(#4790,#4791),#5138,.F.);
#5277=ADVANCED_FACE('',(#4792,#4793),#5139,.F.);
#5278=ADVANCED_FACE('',(#4794,#4795),#5140,.F.);
#5279=ADVANCED_FACE('',(#4796,#4797),#5141,.F.);
#5280=ADVANCED_FACE('',(#4798),#1068,.T.);
#5281=ADVANCED_FACE('',(#4799,#4800,#4801,#4802,#4803,#4804,#4805,#4806,
#4807,#4808,#4809,#4810,#4811,#4812,#4813,#4814,#4815,#4816,#4817,#4818,
#4819,#4820,#4821,#4822,#4823,#4824,#4825,#4826,#4827,#4828,#4829),#1069,
 .T.);
#5282=ADVANCED_FACE('',(#4830,#4831,#4832,#4833,#4834,#4835,#4836,#4837,
#4838,#4839,#4840,#4841,#4842,#4843,#4844,#4845,#4846,#4847,#4848,#4849,
#4850,#4851,#4852,#4853,#4854,#4855,#4856,#4857,#4858,#4859,#4860,#4861,
#4862,#4863,#4864,#4865,#4866),#1070,.F.);
#5283=ADVANCED_FACE('',(#4867),#1071,.T.);
#5284=ADVANCED_FACE('',(#4868),#1072,.F.);
#5285=ADVANCED_FACE('',(#4869),#1073,.T.);
#5286=ADVANCED_FACE('',(#4870),#1074,.T.);
#5287=ADVANCED_FACE('',(#4871),#1075,.F.);
#5288=ADVANCED_FACE('',(#4872),#1076,.F.);
#5289=ADVANCED_FACE('',(#4873),#1077,.F.);
#5290=ADVANCED_FACE('',(#4874),#1078,.F.);
#5291=ADVANCED_FACE('',(#4875),#5142,.T.);
#5292=ADVANCED_FACE('',(#4876),#5143,.T.);
#5293=ADVANCED_FACE('',(#4877),#5144,.F.);
#5294=ADVANCED_FACE('',(#4878),#5145,.T.);
#5295=ADVANCED_FACE('',(#4879),#5146,.T.);
#5296=ADVANCED_FACE('',(#4880),#5147,.F.);
#5297=ADVANCED_FACE('',(#4881),#5148,.T.);
#5298=ADVANCED_FACE('',(#4882),#5149,.T.);
#5299=ADVANCED_FACE('',(#4883),#1079,.T.);
#5300=ADVANCED_FACE('',(#4884),#5150,.F.);
#5301=ADVANCED_FACE('',(#4885),#1080,.F.);
#5302=ADVANCED_FACE('',(#4886),#5151,.F.);
#5303=ADVANCED_FACE('',(#4887),#1081,.F.);
#5304=ADVANCED_FACE('',(#4888),#5152,.F.);
#5305=ADVANCED_FACE('',(#4889),#1082,.T.);
#5306=ADVANCED_FACE('',(#4890),#5153,.F.);
#5307=ADVANCED_FACE('',(#4891),#1083,.T.);
#5308=ADVANCED_FACE('',(#4892),#5154,.F.);
#5309=ADVANCED_FACE('',(#4893),#1084,.F.);
#5310=ADVANCED_FACE('',(#4894),#5155,.F.);
#5311=ADVANCED_FACE('',(#4895),#1085,.F.);
#5312=ADVANCED_FACE('',(#4896),#5156,.F.);
#5313=ADVANCED_FACE('',(#4897),#1086,.T.);
#5314=ADVANCED_FACE('',(#4898),#5157,.F.);
#5315=ADVANCED_FACE('',(#4899),#1087,.T.);
#5316=ADVANCED_FACE('',(#4900),#5158,.F.);
#5317=ADVANCED_FACE('',(#4901),#1088,.F.);
#5318=ADVANCED_FACE('',(#4902),#5159,.F.);
#5319=ADVANCED_FACE('',(#4903),#1089,.F.);
#5320=ADVANCED_FACE('',(#4904),#5160,.F.);
#5321=ADVANCED_FACE('',(#4905),#1090,.T.);
#5322=ADVANCED_FACE('',(#4906),#5161,.F.);
#5323=ADVANCED_FACE('',(#4907),#1091,.T.);
#5324=ADVANCED_FACE('',(#4908),#5162,.F.);
#5325=ADVANCED_FACE('',(#4909),#1092,.F.);
#5326=ADVANCED_FACE('',(#4910),#5163,.F.);
#5327=ADVANCED_FACE('',(#4911),#1093,.F.);
#5328=ADVANCED_FACE('',(#4912),#5164,.F.);
#5329=ADVANCED_FACE('',(#4913),#1094,.T.);
#5330=ADVANCED_FACE('',(#4914),#5165,.F.);
#5331=ADVANCED_FACE('',(#4915),#1095,.T.);
#5332=ADVANCED_FACE('',(#4916),#5166,.F.);
#5333=ADVANCED_FACE('',(#4917),#1096,.F.);
#5334=ADVANCED_FACE('',(#4918),#5167,.F.);
#5335=ADVANCED_FACE('',(#4919),#1097,.F.);
#5336=ADVANCED_FACE('',(#4920),#5168,.F.);
#5337=ADVANCED_FACE('',(#4921),#1098,.T.);
#5338=ADVANCED_FACE('',(#4922),#5169,.F.);
#5339=ADVANCED_FACE('',(#4923),#1099,.T.);
#5340=ADVANCED_FACE('',(#4924),#5170,.F.);
#5341=ADVANCED_FACE('',(#4925),#1100,.F.);
#5342=ADVANCED_FACE('',(#4926),#5171,.F.);
#5343=ADVANCED_FACE('',(#4927),#1101,.F.);
#5344=ADVANCED_FACE('',(#4928),#5172,.F.);
#5345=ADVANCED_FACE('',(#4929),#1102,.T.);
#5346=ADVANCED_FACE('',(#4930),#5173,.F.);
#5347=ADVANCED_FACE('',(#4931),#1103,.T.);
#5348=ADVANCED_FACE('',(#4932),#5174,.F.);
#5349=ADVANCED_FACE('',(#4933),#1104,.F.);
#5350=ADVANCED_FACE('',(#4934),#5175,.F.);
#5351=ADVANCED_FACE('',(#4935),#1105,.F.);
#5352=ADVANCED_FACE('',(#4936),#5176,.F.);
#5353=ADVANCED_FACE('',(#4937),#1106,.T.);
#5354=ADVANCED_FACE('',(#4938),#5177,.F.);
#5355=ADVANCED_FACE('',(#4939),#1107,.T.);
#5356=ADVANCED_FACE('',(#4940),#5178,.F.);
#5357=ADVANCED_FACE('',(#4941),#1108,.F.);
#5358=ADVANCED_FACE('',(#4942),#5179,.F.);
#5359=ADVANCED_FACE('',(#4943),#1109,.F.);
#5360=ADVANCED_FACE('',(#4944),#5180,.F.);
#5361=ADVANCED_FACE('',(#4945),#1110,.T.);
#5362=ADVANCED_FACE('',(#4946),#5181,.F.);
#5363=ADVANCED_FACE('',(#4947),#1111,.T.);
#5364=ADVANCED_FACE('',(#4948),#5182,.F.);
#5365=ADVANCED_FACE('',(#4949),#1112,.F.);
#5366=ADVANCED_FACE('',(#4950),#5183,.F.);
#5367=ADVANCED_FACE('',(#4951),#1113,.F.);
#5368=ADVANCED_FACE('',(#4952),#5184,.F.);
#5369=ADVANCED_FACE('',(#4953),#1114,.T.);
#5370=ADVANCED_FACE('',(#4954),#5185,.F.);
#5371=ADVANCED_FACE('',(#4955),#1115,.T.);
#5372=ADVANCED_FACE('',(#4956),#5186,.F.);
#5373=ADVANCED_FACE('',(#4957),#1116,.F.);
#5374=ADVANCED_FACE('',(#4958),#5187,.F.);
#5375=ADVANCED_FACE('',(#4959),#1117,.F.);
#5376=ADVANCED_FACE('',(#4960),#5188,.F.);
#5377=ADVANCED_FACE('',(#4961),#1118,.T.);
#5378=ADVANCED_FACE('',(#4962),#5189,.F.);
#5379=ADVANCED_FACE('',(#4963),#1119,.T.);
#5380=ADVANCED_FACE('',(#4964),#5190,.F.);
#5381=ADVANCED_FACE('',(#4965),#1120,.F.);
#5382=ADVANCED_FACE('',(#4966),#5191,.F.);
#5383=ADVANCED_FACE('',(#4967),#1121,.F.);
#5384=ADVANCED_FACE('',(#4968),#5192,.F.);
#5385=ADVANCED_FACE('',(#4969),#1122,.T.);
#5386=ADVANCED_FACE('',(#4970),#5193,.F.);
#5387=ADVANCED_FACE('',(#4971),#1123,.T.);
#5388=ADVANCED_FACE('',(#4972),#5194,.F.);
#5389=ADVANCED_FACE('',(#4973),#1124,.F.);
#5390=ADVANCED_FACE('',(#4974),#5195,.F.);
#5391=ADVANCED_FACE('',(#4975),#1125,.F.);
#5392=ADVANCED_FACE('',(#4976),#5196,.F.);
#5393=ADVANCED_FACE('',(#4977),#1126,.T.);
#5394=ADVANCED_FACE('',(#4978),#5197,.F.);
#5395=ADVANCED_FACE('',(#4979),#1127,.T.);
#5396=ADVANCED_FACE('',(#4980),#5198,.F.);
#5397=ADVANCED_FACE('',(#4981),#1128,.F.);
#5398=ADVANCED_FACE('',(#4982),#5199,.F.);
#5399=ADVANCED_FACE('',(#4983),#1129,.F.);
#5400=ADVANCED_FACE('',(#4984),#5200,.F.);
#5401=ADVANCED_FACE('',(#4985),#1130,.T.);
#5402=ADVANCED_FACE('',(#4986),#5201,.F.);
#5403=ADVANCED_FACE('',(#4987),#1131,.T.);
#5404=ADVANCED_FACE('',(#4988),#5202,.F.);
#5405=ADVANCED_FACE('',(#4989),#1132,.F.);
#5406=ADVANCED_FACE('',(#4990),#5203,.F.);
#5407=ADVANCED_FACE('',(#4991),#1133,.F.);
#5408=ADVANCED_FACE('',(#4992),#5204,.F.);
#5409=ADVANCED_FACE('',(#4993),#1134,.T.);
#5410=ADVANCED_FACE('',(#4994),#5205,.F.);
#5411=ADVANCED_FACE('',(#4995),#1135,.T.);
#5412=ADVANCED_FACE('',(#4996),#5206,.F.);
#5413=ADVANCED_FACE('',(#4997),#1136,.F.);
#5414=ADVANCED_FACE('',(#4998),#5207,.F.);
#5415=ADVANCED_FACE('',(#4999),#1137,.F.);
#5416=ADVANCED_FACE('',(#5000),#5208,.F.);
#5417=ADVANCED_FACE('',(#5001),#1138,.T.);
#5418=ADVANCED_FACE('',(#5002),#5209,.F.);
#5419=ADVANCED_FACE('',(#5003),#1139,.T.);
#5420=ADVANCED_FACE('',(#5004),#5210,.F.);
#5421=ADVANCED_FACE('',(#5005),#1140,.F.);
#5422=ADVANCED_FACE('',(#5006),#5211,.F.);
#5423=ADVANCED_FACE('',(#5007),#1141,.F.);
#5424=ADVANCED_FACE('',(#5008),#5212,.F.);
#5425=ADVANCED_FACE('',(#5009),#1142,.T.);
#5426=ADVANCED_FACE('',(#5010),#5213,.F.);
#5427=ADVANCED_FACE('',(#5011),#1143,.T.);
#5428=ADVANCED_FACE('',(#5012),#5214,.F.);
#5429=ADVANCED_FACE('',(#5013),#1144,.F.);
#5430=ADVANCED_FACE('',(#5014),#5215,.F.);
#5431=ADVANCED_FACE('',(#5015),#1145,.F.);
#5432=ADVANCED_FACE('',(#5016),#5216,.F.);
#5433=ADVANCED_FACE('',(#5017),#1146,.T.);
#5434=ADVANCED_FACE('',(#5018),#5217,.F.);
#5435=ADVANCED_FACE('',(#5019),#1147,.T.);
#5436=ADVANCED_FACE('',(#5020),#5218,.F.);
#5437=ADVANCED_FACE('',(#5021),#1148,.F.);
#5438=ADVANCED_FACE('',(#5022),#5219,.F.);
#5439=ADVANCED_FACE('',(#5023),#1149,.F.);
#5440=ADVANCED_FACE('',(#5024),#5220,.F.);
#5441=ADVANCED_FACE('',(#5025),#1150,.T.);
#5442=ADVANCED_FACE('',(#5026),#5221,.F.);
#5443=ADVANCED_FACE('',(#5027),#1151,.T.);
#5444=ADVANCED_FACE('',(#5028),#5222,.F.);
#5445=ADVANCED_FACE('',(#5029),#1152,.F.);
#5446=ADVANCED_FACE('',(#5030),#5223,.F.);
#5447=ADVANCED_FACE('',(#5031),#1153,.F.);
#5448=ADVANCED_FACE('',(#5032),#5224,.F.);
#5449=ADVANCED_FACE('',(#5033),#1154,.T.);
#5450=ADVANCED_FACE('',(#5034),#5225,.F.);
#5451=ADVANCED_FACE('',(#5035),#1155,.T.);
#5452=ADVANCED_FACE('',(#5036),#5226,.F.);
#5453=ADVANCED_FACE('',(#5037),#1156,.F.);
#5454=ADVANCED_FACE('',(#5038),#5227,.F.);
#5455=ADVANCED_FACE('',(#5039),#1157,.F.);
#5456=ADVANCED_FACE('',(#5040),#5228,.F.);
#5457=ADVANCED_FACE('',(#5041),#1158,.T.);
#5458=ADVANCED_FACE('',(#5042),#5229,.F.);
#5459=ADVANCED_FACE('',(#5043),#1159,.T.);
#5460=ADVANCED_FACE('',(#5044),#5230,.F.);
#5461=ADVANCED_FACE('',(#5045),#1160,.F.);
#5462=ADVANCED_FACE('',(#5046),#5231,.F.);
#5463=ADVANCED_FACE('',(#5047),#1161,.F.);
#5464=ADVANCED_FACE('',(#5048),#5232,.F.);
#5465=ADVANCED_FACE('',(#5049),#1162,.T.);
#5466=ADVANCED_FACE('',(#5050),#5233,.F.);
#5467=ADVANCED_FACE('',(#5051),#1163,.T.);
#5468=ADVANCED_FACE('',(#5052),#5234,.F.);
#5469=ADVANCED_FACE('',(#5053),#1164,.F.);
#5470=ADVANCED_FACE('',(#5054),#5235,.F.);
#5471=ADVANCED_FACE('',(#5055),#1165,.F.);
#5472=ADVANCED_FACE('',(#5056),#5236,.F.);
#5473=ADVANCED_FACE('',(#5057),#1166,.T.);
#5474=ADVANCED_FACE('',(#5058),#5237,.F.);
#5475=ADVANCED_FACE('',(#5059),#1167,.T.);
#5476=ADVANCED_FACE('',(#5060),#5238,.F.);
#5477=ADVANCED_FACE('',(#5061),#1168,.F.);
#5478=ADVANCED_FACE('',(#5062),#5239,.F.);
#5479=ADVANCED_FACE('',(#5063),#1169,.F.);
#5480=ADVANCED_FACE('',(#5064),#5240,.F.);
#5481=ADVANCED_FACE('',(#5065),#1170,.T.);
#5482=ADVANCED_FACE('',(#5066),#5241,.F.);
#5483=ADVANCED_FACE('',(#5067),#1171,.T.);
#5484=ADVANCED_FACE('',(#5068),#5242,.F.);
#5485=ADVANCED_FACE('',(#5069),#1172,.F.);
#5486=ADVANCED_FACE('',(#5070),#5243,.F.);
#5487=ADVANCED_FACE('',(#5071),#1173,.F.);
#5488=ADVANCED_FACE('',(#5072),#5244,.F.);
#5489=ADVANCED_FACE('',(#5073),#1174,.T.);
#5490=ADVANCED_FACE('',(#5074),#5245,.F.);
#5491=ADVANCED_FACE('',(#5075),#1175,.T.);
#5492=ADVANCED_FACE('',(#5076),#5246,.F.);
#5493=ADVANCED_FACE('',(#5077),#1176,.F.);
#5494=ADVANCED_FACE('',(#5078),#5247,.F.);
#5495=ADVANCED_FACE('',(#5079),#1177,.F.);
#5496=ADVANCED_FACE('',(#5080),#5248,.F.);
#5497=ADVANCED_FACE('',(#5081),#1178,.T.);
#5498=ADVANCED_FACE('',(#5082),#5249,.F.);
#5499=ADVANCED_FACE('',(#5083),#1179,.T.);
#5500=ADVANCED_FACE('',(#5084),#5250,.F.);
#5501=ADVANCED_FACE('',(#5085),#1180,.F.);
#5502=ADVANCED_FACE('',(#5086),#5251,.F.);
#5503=ADVANCED_FACE('',(#5087),#1181,.F.);
#5504=ADVANCED_FACE('',(#5088),#5252,.F.);
#5505=ADVANCED_FACE('',(#5089),#1182,.T.);
#5506=ADVANCED_FACE('',(#5090),#5253,.F.);
#5507=ADVANCED_FACE('',(#5091),#1183,.T.);
#5508=ADVANCED_FACE('',(#5092),#5254,.F.);
#5509=ADVANCED_FACE('',(#5093),#1184,.F.);
#5510=ADVANCED_FACE('',(#5094),#5255,.F.);
#5511=ADVANCED_FACE('',(#5095),#1185,.F.);
#5512=ADVANCED_FACE('',(#5096),#5256,.F.);
#5513=ADVANCED_FACE('',(#5097),#1186,.T.);
#5514=ADVANCED_FACE('',(#5098),#5257,.F.);
#5515=ADVANCED_FACE('',(#5099),#1187,.T.);
#5516=ADVANCED_FACE('',(#5100),#5258,.F.);
#5517=ADVANCED_FACE('',(#5101),#1188,.F.);
#5518=ADVANCED_FACE('',(#5102),#5259,.F.);
#5519=ADVANCED_FACE('',(#5103),#1189,.F.);
#5520=ADVANCED_FACE('',(#5104),#5260,.F.);
#5521=ADVANCED_FACE('',(#5105),#1190,.T.);
#5522=ADVANCED_FACE('',(#5106),#5261,.F.);
#5523=ADVANCED_FACE('',(#5107),#1191,.T.);
#5524=ADVANCED_FACE('',(#5108),#5262,.F.);
#5525=ADVANCED_FACE('',(#5109),#1192,.F.);
#5526=ADVANCED_FACE('',(#5110),#5263,.F.);
#5527=ADVANCED_FACE('',(#5111),#1193,.F.);
#5528=ADVANCED_FACE('',(#5112),#5264,.F.);
#5529=ADVANCED_FACE('',(#5113),#1194,.T.);
#5530=ADVANCED_FACE('',(#5114),#5265,.F.);
#5531=ADVANCED_FACE('',(#5115),#1195,.T.);
#5532=ADVANCED_FACE('',(#5116),#5266,.F.);
#5533=ADVANCED_FACE('',(#5117),#1196,.F.);
#5534=ADVANCED_FACE('',(#5118),#5267,.F.);
#5535=ADVANCED_FACE('',(#5119),#1197,.F.);
#5536=ADVANCED_FACE('',(#5120),#5268,.F.);
#5537=ADVANCED_FACE('',(#5121),#1198,.T.);
#5538=ADVANCED_FACE('',(#5122),#5269,.F.);
#5539=ADVANCED_FACE('',(#5123),#1199,.F.);
#5540=ADVANCED_FACE('',(#5124),#1200,.T.);
#5541=ADVANCED_FACE('',(#5125),#1201,.T.);
#5542=ADVANCED_FACE('',(#5126),#5270,.F.);
#5543=ADVANCED_FACE('',(#5127),#5271,.F.);
#5544=ADVANCED_FACE('',(#5128),#5272,.T.);
#5545=ADVANCED_FACE('',(#5129),#5273,.T.);
#5546=ADVANCED_FACE('',(#5130),#1202,.F.);
#5547=ADVANCED_FACE('',(#5131),#1203,.F.);
#5548=ADVANCED_FACE('',(#5132),#1204,.F.);
#5549=ADVANCED_FACE('',(#5133),#1205,.F.);
#5550=ADVANCED_FACE('',(#5134),#1206,.F.);
#5551=ADVANCED_FACE('',(#5135),#1207,.F.);
#5552=CLOSED_SHELL('',(#5274,#5275,#5276,#5277,#5278,#5279,#5280,#5281,
#5282,#5283,#5284,#5285,#5286,#5287,#5288,#5289,#5290,#5291,#5292,#5293,
#5294,#5295,#5296,#5297,#5298,#5299,#5300,#5301,#5302,#5303,#5304,#5305,
#5306,#5307,#5308,#5309,#5310,#5311,#5312,#5313,#5314,#5315,#5316,#5317,
#5318,#5319,#5320,#5321,#5322,#5323,#5324,#5325,#5326,#5327,#5328,#5329,
#5330,#5331,#5332,#5333,#5334,#5335,#5336,#5337,#5338,#5339,#5340,#5341,
#5342,#5343,#5344,#5345,#5346,#5347,#5348,#5349,#5350,#5351,#5352,#5353,
#5354,#5355,#5356,#5357,#5358,#5359,#5360,#5361,#5362,#5363,#5364,#5365,
#5366,#5367,#5368,#5369,#5370,#5371,#5372,#5373,#5374,#5375,#5376,#5377,
#5378,#5379,#5380,#5381,#5382,#5383,#5384,#5385,#5386,#5387,#5388,#5389,
#5390,#5391,#5392,#5393,#5394,#5395,#5396,#5397,#5398,#5399,#5400,#5401,
#5402,#5403,#5404,#5405,#5406,#5407,#5408,#5409,#5410,#5411,#5412,#5413,
#5414,#5415,#5416,#5417,#5418,#5419,#5420,#5421,#5422,#5423,#5424,#5425,
#5426,#5427,#5428,#5429,#5430,#5431,#5432,#5433,#5434,#5435,#5436,#5437,
#5438,#5439,#5440,#5441,#5442,#5443,#5444,#5445,#5446,#5447,#5448,#5449,
#5450,#5451,#5452,#5453,#5454,#5455,#5456,#5457,#5458,#5459,#5460,#5461,
#5462,#5463,#5464,#5465,#5466,#5467,#5468,#5469,#5470,#5471,#5472,#5473,
#5474,#5475,#5476,#5477,#5478,#5479,#5480,#5481,#5482,#5483,#5484,#5485,
#5486,#5487,#5488,#5489,#5490,#5491,#5492,#5493,#5494,#5495,#5496,#5497,
#5498,#5499,#5500,#5501,#5502,#5503,#5504,#5505,#5506,#5507,#5508,#5509,
#5510,#5511,#5512,#5513,#5514,#5515,#5516,#5517,#5518,#5519,#5520,#5521,
#5522,#5523,#5524,#5525,#5526,#5527,#5528,#5529,#5530,#5531,#5532,#5533,
#5534,#5535,#5536,#5537,#5538,#5539,#5540,#5541,#5542,#5543,#5544,#5545,
#5546,#5547,#5548,#5549,#5550,#5551));
#5553=STYLED_ITEM('',(#5554),#5561);
#5554=PRESENTATION_STYLE_ASSIGNMENT((#5555));
#5555=SURFACE_STYLE_USAGE(.BOTH.,#5556);
#5556=SURFACE_SIDE_STYLE('',(#5557));
#5557=SURFACE_STYLE_FILL_AREA(#5558);
#5558=FILL_AREA_STYLE('',(#5559));
#5559=FILL_AREA_STYLE_COLOUR('',#5560);
#5560=DRAUGHTING_PRE_DEFINED_COLOUR('white');
#5561=MANIFOLD_SOLID_BREP('Part 1',#5552);
#5562=SHAPE_DEFINITION_REPRESENTATION(#9386,#5563);
#5563=SHAPE_REPRESENTATION('Part 1',(#5564),#9381);
#5564=AXIS2_PLACEMENT_3D('',#7757,#6119,#6120);
#5565=AXIS2_PLACEMENT_3D('',#7758,#6121,#6122);
#5566=AXIS2_PLACEMENT_3D('',#7759,#6123,#6124);
#5567=AXIS2_PLACEMENT_3D('',#7761,#6125,#6126);
#5568=AXIS2_PLACEMENT_3D('',#7763,#6127,#6128);
#5569=AXIS2_PLACEMENT_3D('',#7764,#6129,#6130);
#5570=AXIS2_PLACEMENT_3D('',#7766,#6131,#6132);
#5571=AXIS2_PLACEMENT_3D('',#7768,#6133,#6134);
#5572=AXIS2_PLACEMENT_3D('',#7769,#6135,#6136);
#5573=AXIS2_PLACEMENT_3D('',#7771,#6137,#6138);
#5574=AXIS2_PLACEMENT_3D('',#7773,#6139,#6140);
#5575=AXIS2_PLACEMENT_3D('',#7774,#6141,#6142);
#5576=AXIS2_PLACEMENT_3D('',#7776,#6143,#6144);
#5577=AXIS2_PLACEMENT_3D('',#7778,#6145,#6146);
#5578=AXIS2_PLACEMENT_3D('',#7779,#6147,#6148);
#5579=AXIS2_PLACEMENT_3D('',#7781,#6149,#6150);
#5580=AXIS2_PLACEMENT_3D('',#7783,#6151,#6152);
#5581=AXIS2_PLACEMENT_3D('',#7784,#6153,#6154);
#5582=AXIS2_PLACEMENT_3D('',#7786,#6155,#6156);
#5583=AXIS2_PLACEMENT_3D('',#7788,#6157,#6158);
#5584=AXIS2_PLACEMENT_3D('',#7797,#6163,#6164);
#5585=AXIS2_PLACEMENT_3D('',#7801,#6166,#6167);
#5586=AXIS2_PLACEMENT_3D('',#7802,#6168,#6169);
#5587=AXIS2_PLACEMENT_3D('',#7806,#6171,#6172);
#5588=AXIS2_PLACEMENT_3D('',#7810,#6174,#6175);
#5589=AXIS2_PLACEMENT_3D('',#7814,#6177,#6178);
#5590=AXIS2_PLACEMENT_3D('',#7818,#6180,#6181);
#5591=AXIS2_PLACEMENT_3D('',#7822,#6183,#6184);
#5592=AXIS2_PLACEMENT_3D('',#7826,#6186,#6187);
#5593=AXIS2_PLACEMENT_3D('',#7830,#6189,#6190);
#5594=AXIS2_PLACEMENT_3D('',#7834,#6192,#6193);
#5595=AXIS2_PLACEMENT_3D('',#7838,#6195,#6196);
#5596=AXIS2_PLACEMENT_3D('',#7842,#6198,#6199);
#5597=AXIS2_PLACEMENT_3D('',#7843,#6200,#6201);
#5598=AXIS2_PLACEMENT_3D('',#7848,#6203,#6204);
#5599=AXIS2_PLACEMENT_3D('',#7852,#6206,#6207);
#5600=AXIS2_PLACEMENT_3D('',#7856,#6209,#6210);
#5601=AXIS2_PLACEMENT_3D('',#7859,#6212,#6213);
#5602=AXIS2_PLACEMENT_3D('',#7864,#6215,#6216);
#5603=AXIS2_PLACEMENT_3D('',#7868,#6218,#6219);
#5604=AXIS2_PLACEMENT_3D('',#7872,#6221,#6222);
#5605=AXIS2_PLACEMENT_3D('',#7875,#6224,#6225);
#5606=AXIS2_PLACEMENT_3D('',#7880,#6227,#6228);
#5607=AXIS2_PLACEMENT_3D('',#7884,#6230,#6231);
#5608=AXIS2_PLACEMENT_3D('',#7888,#6233,#6234);
#5609=AXIS2_PLACEMENT_3D('',#7891,#6236,#6237);
#5610=AXIS2_PLACEMENT_3D('',#7896,#6239,#6240);
#5611=AXIS2_PLACEMENT_3D('',#7900,#6242,#6243);
#5612=AXIS2_PLACEMENT_3D('',#7904,#6245,#6246);
#5613=AXIS2_PLACEMENT_3D('',#7907,#6248,#6249);
#5614=AXIS2_PLACEMENT_3D('',#7912,#6251,#6252);
#5615=AXIS2_PLACEMENT_3D('',#7916,#6254,#6255);
#5616=AXIS2_PLACEMENT_3D('',#7920,#6257,#6258);
#5617=AXIS2_PLACEMENT_3D('',#7923,#6260,#6261);
#5618=AXIS2_PLACEMENT_3D('',#7928,#6263,#6264);
#5619=AXIS2_PLACEMENT_3D('',#7932,#6266,#6267);
#5620=AXIS2_PLACEMENT_3D('',#7936,#6269,#6270);
#5621=AXIS2_PLACEMENT_3D('',#7939,#6272,#6273);
#5622=AXIS2_PLACEMENT_3D('',#7944,#6275,#6276);
#5623=AXIS2_PLACEMENT_3D('',#7948,#6278,#6279);
#5624=AXIS2_PLACEMENT_3D('',#7952,#6281,#6282);
#5625=AXIS2_PLACEMENT_3D('',#7955,#6284,#6285);
#5626=AXIS2_PLACEMENT_3D('',#7960,#6287,#6288);
#5627=AXIS2_PLACEMENT_3D('',#7964,#6290,#6291);
#5628=AXIS2_PLACEMENT_3D('',#7968,#6293,#6294);
#5629=AXIS2_PLACEMENT_3D('',#7971,#6296,#6297);
#5630=AXIS2_PLACEMENT_3D('',#7976,#6299,#6300);
#5631=AXIS2_PLACEMENT_3D('',#7980,#6302,#6303);
#5632=AXIS2_PLACEMENT_3D('',#7984,#6305,#6306);
#5633=AXIS2_PLACEMENT_3D('',#7987,#6308,#6309);
#5634=AXIS2_PLACEMENT_3D('',#7992,#6311,#6312);
#5635=AXIS2_PLACEMENT_3D('',#7996,#6314,#6315);
#5636=AXIS2_PLACEMENT_3D('',#8000,#6317,#6318);
#5637=AXIS2_PLACEMENT_3D('',#8003,#6320,#6321);
#5638=AXIS2_PLACEMENT_3D('',#8008,#6323,#6324);
#5639=AXIS2_PLACEMENT_3D('',#8012,#6326,#6327);
#5640=AXIS2_PLACEMENT_3D('',#8016,#6329,#6330);
#5641=AXIS2_PLACEMENT_3D('',#8019,#6332,#6333);
#5642=AXIS2_PLACEMENT_3D('',#8024,#6335,#6336);
#5643=AXIS2_PLACEMENT_3D('',#8028,#6338,#6339);
#5644=AXIS2_PLACEMENT_3D('',#8032,#6341,#6342);
#5645=AXIS2_PLACEMENT_3D('',#8035,#6344,#6345);
#5646=AXIS2_PLACEMENT_3D('',#8040,#6347,#6348);
#5647=AXIS2_PLACEMENT_3D('',#8044,#6350,#6351);
#5648=AXIS2_PLACEMENT_3D('',#8048,#6353,#6354);
#5649=AXIS2_PLACEMENT_3D('',#8051,#6356,#6357);
#5650=AXIS2_PLACEMENT_3D('',#8056,#6359,#6360);
#5651=AXIS2_PLACEMENT_3D('',#8060,#6362,#6363);
#5652=AXIS2_PLACEMENT_3D('',#8064,#6365,#6366);
#5653=AXIS2_PLACEMENT_3D('',#8067,#6368,#6369);
#5654=AXIS2_PLACEMENT_3D('',#8072,#6371,#6372);
#5655=AXIS2_PLACEMENT_3D('',#8076,#6374,#6375);
#5656=AXIS2_PLACEMENT_3D('',#8080,#6377,#6378);
#5657=AXIS2_PLACEMENT_3D('',#8083,#6380,#6381);
#5658=AXIS2_PLACEMENT_3D('',#8088,#6383,#6384);
#5659=AXIS2_PLACEMENT_3D('',#8092,#6386,#6387);
#5660=AXIS2_PLACEMENT_3D('',#8096,#6389,#6390);
#5661=AXIS2_PLACEMENT_3D('',#8099,#6392,#6393);
#5662=AXIS2_PLACEMENT_3D('',#8104,#6395,#6396);
#5663=AXIS2_PLACEMENT_3D('',#8108,#6398,#6399);
#5664=AXIS2_PLACEMENT_3D('',#8112,#6401,#6402);
#5665=AXIS2_PLACEMENT_3D('',#8115,#6404,#6405);
#5666=AXIS2_PLACEMENT_3D('',#8120,#6407,#6408);
#5667=AXIS2_PLACEMENT_3D('',#8124,#6410,#6411);
#5668=AXIS2_PLACEMENT_3D('',#8128,#6413,#6414);
#5669=AXIS2_PLACEMENT_3D('',#8131,#6416,#6417);
#5670=AXIS2_PLACEMENT_3D('',#8136,#6419,#6420);
#5671=AXIS2_PLACEMENT_3D('',#8140,#6422,#6423);
#5672=AXIS2_PLACEMENT_3D('',#8144,#6425,#6426);
#5673=AXIS2_PLACEMENT_3D('',#8147,#6428,#6429);
#5674=AXIS2_PLACEMENT_3D('',#8152,#6431,#6432);
#5675=AXIS2_PLACEMENT_3D('',#8156,#6434,#6435);
#5676=AXIS2_PLACEMENT_3D('',#8160,#6437,#6438);
#5677=AXIS2_PLACEMENT_3D('',#8163,#6440,#6441);
#5678=AXIS2_PLACEMENT_3D('',#8168,#6443,#6444);
#5679=AXIS2_PLACEMENT_3D('',#8172,#6446,#6447);
#5680=AXIS2_PLACEMENT_3D('',#8176,#6449,#6450);
#5681=AXIS2_PLACEMENT_3D('',#8179,#6452,#6453);
#5682=AXIS2_PLACEMENT_3D('',#8184,#6455,#6456);
#5683=AXIS2_PLACEMENT_3D('',#8188,#6458,#6459);
#5684=AXIS2_PLACEMENT_3D('',#8192,#6461,#6462);
#5685=AXIS2_PLACEMENT_3D('',#8195,#6464,#6465);
#5686=AXIS2_PLACEMENT_3D('',#8200,#6467,#6468);
#5687=AXIS2_PLACEMENT_3D('',#8204,#6470,#6471);
#5688=AXIS2_PLACEMENT_3D('',#8208,#6473,#6474);
#5689=AXIS2_PLACEMENT_3D('',#8211,#6476,#6477);
#5690=AXIS2_PLACEMENT_3D('',#8216,#6479,#6480);
#5691=AXIS2_PLACEMENT_3D('',#8220,#6482,#6483);
#5692=AXIS2_PLACEMENT_3D('',#8224,#6485,#6486);
#5693=AXIS2_PLACEMENT_3D('',#8227,#6488,#6489);
#5694=AXIS2_PLACEMENT_3D('',#8232,#6491,#6492);
#5695=AXIS2_PLACEMENT_3D('',#8236,#6494,#6495);
#5696=AXIS2_PLACEMENT_3D('',#8240,#6497,#6498);
#5697=AXIS2_PLACEMENT_3D('',#8243,#6500,#6501);
#5698=AXIS2_PLACEMENT_3D('',#8248,#6503,#6504);
#5699=AXIS2_PLACEMENT_3D('',#8252,#6506,#6507);
#5700=AXIS2_PLACEMENT_3D('',#8256,#6509,#6510);
#5701=AXIS2_PLACEMENT_3D('',#8259,#6512,#6513);
#5702=AXIS2_PLACEMENT_3D('',#8264,#6515,#6516);
#5703=AXIS2_PLACEMENT_3D('',#8268,#6518,#6519);
#5704=AXIS2_PLACEMENT_3D('',#8272,#6521,#6522);
#5705=AXIS2_PLACEMENT_3D('',#8275,#6524,#6525);
#5706=AXIS2_PLACEMENT_3D('',#8280,#6527,#6528);
#5707=AXIS2_PLACEMENT_3D('',#8284,#6530,#6531);
#5708=AXIS2_PLACEMENT_3D('',#8288,#6533,#6534);
#5709=AXIS2_PLACEMENT_3D('',#8291,#6536,#6537);
#5710=AXIS2_PLACEMENT_3D('',#8296,#6539,#6540);
#5711=AXIS2_PLACEMENT_3D('',#8300,#6542,#6543);
#5712=AXIS2_PLACEMENT_3D('',#8304,#6545,#6546);
#5713=AXIS2_PLACEMENT_3D('',#8307,#6548,#6549);
#5714=AXIS2_PLACEMENT_3D('',#8312,#6551,#6552);
#5715=AXIS2_PLACEMENT_3D('',#8316,#6554,#6555);
#5716=AXIS2_PLACEMENT_3D('',#8320,#6557,#6558);
#5717=AXIS2_PLACEMENT_3D('',#8323,#6560,#6561);
#5718=AXIS2_PLACEMENT_3D('',#8324,#6562,#6563);
#5719=AXIS2_PLACEMENT_3D('',#8328,#6565,#6566);
#5720=AXIS2_PLACEMENT_3D('',#8332,#6568,#6569);
#5721=AXIS2_PLACEMENT_3D('',#8336,#6571,#6572);
#5722=AXIS2_PLACEMENT_3D('',#8340,#6574,#6575);
#5723=AXIS2_PLACEMENT_3D('',#8344,#6577,#6578);
#5724=AXIS2_PLACEMENT_3D('',#8348,#6580,#6581);
#5725=AXIS2_PLACEMENT_3D('',#8352,#6583,#6584);
#5726=AXIS2_PLACEMENT_3D('',#8356,#6586,#6587);
#5727=AXIS2_PLACEMENT_3D('',#8360,#6589,#6590);
#5728=AXIS2_PLACEMENT_3D('',#8364,#6592,#6593);
#5729=AXIS2_PLACEMENT_3D('',#8368,#6595,#6596);
#5730=AXIS2_PLACEMENT_3D('',#8372,#6598,#6599);
#5731=AXIS2_PLACEMENT_3D('',#8376,#6601,#6602);
#5732=AXIS2_PLACEMENT_3D('',#8380,#6604,#6605);
#5733=AXIS2_PLACEMENT_3D('',#8384,#6607,#6608);
#5734=AXIS2_PLACEMENT_3D('',#8388,#6610,#6611);
#5735=AXIS2_PLACEMENT_3D('',#8392,#6613,#6614);
#5736=AXIS2_PLACEMENT_3D('',#8396,#6616,#6617);
#5737=AXIS2_PLACEMENT_3D('',#8400,#6619,#6620);
#5738=AXIS2_PLACEMENT_3D('',#8404,#6622,#6623);
#5739=AXIS2_PLACEMENT_3D('',#8408,#6625,#6626);
#5740=AXIS2_PLACEMENT_3D('',#8412,#6628,#6629);
#5741=AXIS2_PLACEMENT_3D('',#8416,#6631,#6632);
#5742=AXIS2_PLACEMENT_3D('',#8420,#6634,#6635);
#5743=AXIS2_PLACEMENT_3D('',#8424,#6637,#6638);
#5744=AXIS2_PLACEMENT_3D('',#8428,#6640,#6641);
#5745=AXIS2_PLACEMENT_3D('',#8432,#6643,#6644);
#5746=AXIS2_PLACEMENT_3D('',#8436,#6646,#6647);
#5747=AXIS2_PLACEMENT_3D('',#8440,#6649,#6650);
#5748=AXIS2_PLACEMENT_3D('',#8444,#6652,#6653);
#5749=AXIS2_PLACEMENT_3D('',#8448,#6655,#6656);
#5750=AXIS2_PLACEMENT_3D('',#8452,#6658,#6659);
#5751=AXIS2_PLACEMENT_3D('',#8456,#6661,#6662);
#5752=AXIS2_PLACEMENT_3D('',#8460,#6664,#6665);
#5753=AXIS2_PLACEMENT_3D('',#8464,#6667,#6668);
#5754=AXIS2_PLACEMENT_3D('',#8468,#6670,#6671);
#5755=AXIS2_PLACEMENT_3D('',#8472,#6673,#6674);
#5756=AXIS2_PLACEMENT_3D('',#8476,#6676,#6677);
#5757=AXIS2_PLACEMENT_3D('',#8480,#6679,#6680);
#5758=AXIS2_PLACEMENT_3D('',#8484,#6682,#6683);
#5759=AXIS2_PLACEMENT_3D('',#8488,#6685,#6686);
#5760=AXIS2_PLACEMENT_3D('',#8492,#6688,#6689);
#5761=AXIS2_PLACEMENT_3D('',#8496,#6691,#6692);
#5762=AXIS2_PLACEMENT_3D('',#8500,#6694,#6695);
#5763=AXIS2_PLACEMENT_3D('',#8504,#6697,#6698);
#5764=AXIS2_PLACEMENT_3D('',#8508,#6700,#6701);
#5765=AXIS2_PLACEMENT_3D('',#8512,#6703,#6704);
#5766=AXIS2_PLACEMENT_3D('',#8516,#6706,#6707);
#5767=AXIS2_PLACEMENT_3D('',#8520,#6709,#6710);
#5768=AXIS2_PLACEMENT_3D('',#8524,#6712,#6713);
#5769=AXIS2_PLACEMENT_3D('',#8528,#6715,#6716);
#5770=AXIS2_PLACEMENT_3D('',#8532,#6718,#6719);
#5771=AXIS2_PLACEMENT_3D('',#8536,#6721,#6722);
#5772=AXIS2_PLACEMENT_3D('',#8540,#6724,#6725);
#5773=AXIS2_PLACEMENT_3D('',#8544,#6727,#6728);
#5774=AXIS2_PLACEMENT_3D('',#8548,#6730,#6731);
#5775=AXIS2_PLACEMENT_3D('',#8552,#6733,#6734);
#5776=AXIS2_PLACEMENT_3D('',#8556,#6736,#6737);
#5777=AXIS2_PLACEMENT_3D('',#8560,#6739,#6740);
#5778=AXIS2_PLACEMENT_3D('',#8564,#6742,#6743);
#5779=AXIS2_PLACEMENT_3D('',#8568,#6745,#6746);
#5780=AXIS2_PLACEMENT_3D('',#8572,#6748,#6749);
#5781=AXIS2_PLACEMENT_3D('',#8576,#6751,#6752);
#5782=AXIS2_PLACEMENT_3D('',#8580,#6754,#6755);
#5783=AXIS2_PLACEMENT_3D('',#8584,#6757,#6758);
#5784=AXIS2_PLACEMENT_3D('',#8588,#6760,#6761);
#5785=AXIS2_PLACEMENT_3D('',#8592,#6763,#6764);
#5786=AXIS2_PLACEMENT_3D('',#8596,#6766,#6767);
#5787=AXIS2_PLACEMENT_3D('',#8600,#6769,#6770);
#5788=AXIS2_PLACEMENT_3D('',#8604,#6772,#6773);
#5789=AXIS2_PLACEMENT_3D('',#8608,#6775,#6776);
#5790=AXIS2_PLACEMENT_3D('',#8612,#6778,#6779);
#5791=AXIS2_PLACEMENT_3D('',#8616,#6781,#6782);
#5792=AXIS2_PLACEMENT_3D('',#8620,#6784,#6785);
#5793=AXIS2_PLACEMENT_3D('',#8624,#6787,#6788);
#5794=AXIS2_PLACEMENT_3D('',#8628,#6790,#6791);
#5795=AXIS2_PLACEMENT_3D('',#8632,#6793,#6794);
#5796=AXIS2_PLACEMENT_3D('',#8636,#6796,#6797);
#5797=AXIS2_PLACEMENT_3D('',#8640,#6799,#6800);
#5798=AXIS2_PLACEMENT_3D('',#8644,#6802,#6803);
#5799=AXIS2_PLACEMENT_3D('',#8648,#6805,#6806);
#5800=AXIS2_PLACEMENT_3D('',#8652,#6808,#6809);
#5801=AXIS2_PLACEMENT_3D('',#8656,#6811,#6812);
#5802=AXIS2_PLACEMENT_3D('',#8660,#6814,#6815);
#5803=AXIS2_PLACEMENT_3D('',#8664,#6817,#6818);
#5804=AXIS2_PLACEMENT_3D('',#8668,#6820,#6821);
#5805=AXIS2_PLACEMENT_3D('',#8672,#6823,#6824);
#5806=AXIS2_PLACEMENT_3D('',#8676,#6826,#6827);
#5807=AXIS2_PLACEMENT_3D('',#8680,#6829,#6830);
#5808=AXIS2_PLACEMENT_3D('',#8684,#6832,#6833);
#5809=AXIS2_PLACEMENT_3D('',#8688,#6835,#6836);
#5810=AXIS2_PLACEMENT_3D('',#8692,#6838,#6839);
#5811=AXIS2_PLACEMENT_3D('',#8696,#6841,#6842);
#5812=AXIS2_PLACEMENT_3D('',#8700,#6844,#6845);
#5813=AXIS2_PLACEMENT_3D('',#8704,#6847,#6848);
#5814=AXIS2_PLACEMENT_3D('',#8708,#6850,#6851);
#5815=AXIS2_PLACEMENT_3D('',#8712,#6853,#6854);
#5816=AXIS2_PLACEMENT_3D('',#8716,#6856,#6857);
#5817=AXIS2_PLACEMENT_3D('',#8720,#6859,#6860);
#5818=AXIS2_PLACEMENT_3D('',#8724,#6862,#6863);
#5819=AXIS2_PLACEMENT_3D('',#8728,#6865,#6866);
#5820=AXIS2_PLACEMENT_3D('',#8732,#6868,#6869);
#5821=AXIS2_PLACEMENT_3D('',#8736,#6871,#6872);
#5822=AXIS2_PLACEMENT_3D('',#8740,#6874,#6875);
#5823=AXIS2_PLACEMENT_3D('',#8744,#6877,#6878);
#5824=AXIS2_PLACEMENT_3D('',#8748,#6880,#6881);
#5825=AXIS2_PLACEMENT_3D('',#8752,#6883,#6884);
#5826=AXIS2_PLACEMENT_3D('',#8756,#6886,#6887);
#5827=AXIS2_PLACEMENT_3D('',#8760,#6889,#6890);
#5828=AXIS2_PLACEMENT_3D('',#8764,#6892,#6893);
#5829=AXIS2_PLACEMENT_3D('',#8768,#6895,#6896);
#5830=AXIS2_PLACEMENT_3D('',#8772,#6898,#6899);
#5831=AXIS2_PLACEMENT_3D('',#8776,#6901,#6902);
#5832=AXIS2_PLACEMENT_3D('',#8780,#6904,#6905);
#5833=AXIS2_PLACEMENT_3D('',#8784,#6907,#6908);
#5834=AXIS2_PLACEMENT_3D('',#8788,#6910,#6911);
#5835=AXIS2_PLACEMENT_3D('',#8792,#6913,#6914);
#5836=AXIS2_PLACEMENT_3D('',#8796,#6916,#6917);
#5837=AXIS2_PLACEMENT_3D('',#8800,#6919,#6920);
#5838=AXIS2_PLACEMENT_3D('',#8804,#6922,#6923);
#5839=AXIS2_PLACEMENT_3D('',#8808,#6925,#6926);
#5840=AXIS2_PLACEMENT_3D('',#8812,#6928,#6929);
#5841=AXIS2_PLACEMENT_3D('',#8816,#6931,#6932);
#5842=AXIS2_PLACEMENT_3D('',#8820,#6934,#6935);
#5843=AXIS2_PLACEMENT_3D('',#8824,#6937,#6938);
#5844=AXIS2_PLACEMENT_3D('',#8828,#6940,#6941);
#5845=AXIS2_PLACEMENT_3D('',#8832,#6943,#6944);
#5846=AXIS2_PLACEMENT_3D('',#8836,#6946,#6947);
#5847=AXIS2_PLACEMENT_3D('',#8840,#6949,#6950);
#5848=AXIS2_PLACEMENT_3D('',#8844,#6952,#6953);
#5849=AXIS2_PLACEMENT_3D('',#8848,#6955,#6956);
#5850=AXIS2_PLACEMENT_3D('',#8849,#6957,#6958);
#5851=AXIS2_PLACEMENT_3D('',#8852,#6961,#6962);
#5852=AXIS2_PLACEMENT_3D('',#8855,#6965,#6966);
#5853=AXIS2_PLACEMENT_3D('',#8858,#6969,#6970);
#5854=AXIS2_PLACEMENT_3D('',#8861,#6973,#6974);
#5855=AXIS2_PLACEMENT_3D('',#8864,#6977,#6978);
#5856=AXIS2_PLACEMENT_3D('',#8867,#6981,#6982);
#5857=AXIS2_PLACEMENT_3D('',#8870,#6985,#6986);
#5858=AXIS2_PLACEMENT_3D('',#8873,#6989,#6990);
#5859=AXIS2_PLACEMENT_3D('',#8874,#6991,#6992);
#5860=AXIS2_PLACEMENT_3D('',#8875,#6993,#6994);
#5861=AXIS2_PLACEMENT_3D('',#8876,#6995,#6996);
#5862=AXIS2_PLACEMENT_3D('',#8877,#6997,#6998);
#5863=AXIS2_PLACEMENT_3D('',#8878,#6999,#7000);
#5864=AXIS2_PLACEMENT_3D('',#8879,#7001,#7002);
#5865=AXIS2_PLACEMENT_3D('',#8880,#7003,#7004);
#5866=AXIS2_PLACEMENT_3D('',#8881,#7005,#7006);
#5867=AXIS2_PLACEMENT_3D('',#8884,#7009,#7010);
#5868=AXIS2_PLACEMENT_3D('',#8886,#7012,#7013);
#5869=AXIS2_PLACEMENT_3D('',#8888,#7015,#7016);
#5870=AXIS2_PLACEMENT_3D('',#8890,#7018,#7019);
#5871=AXIS2_PLACEMENT_3D('',#8892,#7021,#7022);
#5872=AXIS2_PLACEMENT_3D('',#8894,#7024,#7025);
#5873=AXIS2_PLACEMENT_3D('',#8896,#7027,#7028);
#5874=AXIS2_PLACEMENT_3D('',#8897,#7029,#7030);
#5875=AXIS2_PLACEMENT_3D('',#8900,#7033,#7034);
#5876=AXIS2_PLACEMENT_3D('',#8902,#7036,#7037);
#5877=AXIS2_PLACEMENT_3D('',#8904,#7039,#7040);
#5878=AXIS2_PLACEMENT_3D('',#8906,#7042,#7043);
#5879=AXIS2_PLACEMENT_3D('',#8908,#7045,#7046);
#5880=AXIS2_PLACEMENT_3D('',#8910,#7048,#7049);
#5881=AXIS2_PLACEMENT_3D('',#8912,#7051,#7052);
#5882=AXIS2_PLACEMENT_3D('',#8913,#7053,#7054);
#5883=AXIS2_PLACEMENT_3D('',#8916,#7057,#7058);
#5884=AXIS2_PLACEMENT_3D('',#8918,#7060,#7061);
#5885=AXIS2_PLACEMENT_3D('',#8920,#7063,#7064);
#5886=AXIS2_PLACEMENT_3D('',#8922,#7066,#7067);
#5887=AXIS2_PLACEMENT_3D('',#8924,#7069,#7070);
#5888=AXIS2_PLACEMENT_3D('',#8926,#7072,#7073);
#5889=AXIS2_PLACEMENT_3D('',#8928,#7075,#7076);
#5890=AXIS2_PLACEMENT_3D('',#8929,#7077,#7078);
#5891=AXIS2_PLACEMENT_3D('',#8932,#7081,#7082);
#5892=AXIS2_PLACEMENT_3D('',#8934,#7084,#7085);
#5893=AXIS2_PLACEMENT_3D('',#8936,#7087,#7088);
#5894=AXIS2_PLACEMENT_3D('',#8938,#7090,#7091);
#5895=AXIS2_PLACEMENT_3D('',#8940,#7093,#7094);
#5896=AXIS2_PLACEMENT_3D('',#8942,#7096,#7097);
#5897=AXIS2_PLACEMENT_3D('',#8944,#7099,#7100);
#5898=AXIS2_PLACEMENT_3D('',#8945,#7101,#7102);
#5899=AXIS2_PLACEMENT_3D('',#8948,#7105,#7106);
#5900=AXIS2_PLACEMENT_3D('',#8950,#7108,#7109);
#5901=AXIS2_PLACEMENT_3D('',#8952,#7111,#7112);
#5902=AXIS2_PLACEMENT_3D('',#8954,#7114,#7115);
#5903=AXIS2_PLACEMENT_3D('',#8956,#7117,#7118);
#5904=AXIS2_PLACEMENT_3D('',#8958,#7120,#7121);
#5905=AXIS2_PLACEMENT_3D('',#8960,#7123,#7124);
#5906=AXIS2_PLACEMENT_3D('',#8961,#7125,#7126);
#5907=AXIS2_PLACEMENT_3D('',#8964,#7129,#7130);
#5908=AXIS2_PLACEMENT_3D('',#8966,#7132,#7133);
#5909=AXIS2_PLACEMENT_3D('',#8968,#7135,#7136);
#5910=AXIS2_PLACEMENT_3D('',#8970,#7138,#7139);
#5911=AXIS2_PLACEMENT_3D('',#8972,#7141,#7142);
#5912=AXIS2_PLACEMENT_3D('',#8974,#7144,#7145);
#5913=AXIS2_PLACEMENT_3D('',#8976,#7147,#7148);
#5914=AXIS2_PLACEMENT_3D('',#8977,#7149,#7150);
#5915=AXIS2_PLACEMENT_3D('',#8980,#7153,#7154);
#5916=AXIS2_PLACEMENT_3D('',#8982,#7156,#7157);
#5917=AXIS2_PLACEMENT_3D('',#8984,#7159,#7160);
#5918=AXIS2_PLACEMENT_3D('',#8986,#7162,#7163);
#5919=AXIS2_PLACEMENT_3D('',#8988,#7165,#7166);
#5920=AXIS2_PLACEMENT_3D('',#8990,#7168,#7169);
#5921=AXIS2_PLACEMENT_3D('',#8992,#7171,#7172);
#5922=AXIS2_PLACEMENT_3D('',#8993,#7173,#7174);
#5923=AXIS2_PLACEMENT_3D('',#8996,#7177,#7178);
#5924=AXIS2_PLACEMENT_3D('',#8998,#7180,#7181);
#5925=AXIS2_PLACEMENT_3D('',#9000,#7183,#7184);
#5926=AXIS2_PLACEMENT_3D('',#9002,#7186,#7187);
#5927=AXIS2_PLACEMENT_3D('',#9004,#7189,#7190);
#5928=AXIS2_PLACEMENT_3D('',#9006,#7192,#7193);
#5929=AXIS2_PLACEMENT_3D('',#9008,#7195,#7196);
#5930=AXIS2_PLACEMENT_3D('',#9009,#7197,#7198);
#5931=AXIS2_PLACEMENT_3D('',#9012,#7201,#7202);
#5932=AXIS2_PLACEMENT_3D('',#9014,#7204,#7205);
#5933=AXIS2_PLACEMENT_3D('',#9016,#7207,#7208);
#5934=AXIS2_PLACEMENT_3D('',#9018,#7210,#7211);
#5935=AXIS2_PLACEMENT_3D('',#9020,#7213,#7214);
#5936=AXIS2_PLACEMENT_3D('',#9022,#7216,#7217);
#5937=AXIS2_PLACEMENT_3D('',#9024,#7219,#7220);
#5938=AXIS2_PLACEMENT_3D('',#9025,#7221,#7222);
#5939=AXIS2_PLACEMENT_3D('',#9028,#7225,#7226);
#5940=AXIS2_PLACEMENT_3D('',#9030,#7228,#7229);
#5941=AXIS2_PLACEMENT_3D('',#9032,#7231,#7232);
#5942=AXIS2_PLACEMENT_3D('',#9034,#7234,#7235);
#5943=AXIS2_PLACEMENT_3D('',#9036,#7237,#7238);
#5944=AXIS2_PLACEMENT_3D('',#9038,#7240,#7241);
#5945=AXIS2_PLACEMENT_3D('',#9040,#7243,#7244);
#5946=AXIS2_PLACEMENT_3D('',#9041,#7245,#7246);
#5947=AXIS2_PLACEMENT_3D('',#9044,#7249,#7250);
#5948=AXIS2_PLACEMENT_3D('',#9046,#7252,#7253);
#5949=AXIS2_PLACEMENT_3D('',#9048,#7255,#7256);
#5950=AXIS2_PLACEMENT_3D('',#9050,#7258,#7259);
#5951=AXIS2_PLACEMENT_3D('',#9052,#7261,#7262);
#5952=AXIS2_PLACEMENT_3D('',#9054,#7264,#7265);
#5953=AXIS2_PLACEMENT_3D('',#9056,#7267,#7268);
#5954=AXIS2_PLACEMENT_3D('',#9057,#7269,#7270);
#5955=AXIS2_PLACEMENT_3D('',#9060,#7273,#7274);
#5956=AXIS2_PLACEMENT_3D('',#9062,#7276,#7277);
#5957=AXIS2_PLACEMENT_3D('',#9064,#7279,#7280);
#5958=AXIS2_PLACEMENT_3D('',#9066,#7282,#7283);
#5959=AXIS2_PLACEMENT_3D('',#9068,#7285,#7286);
#5960=AXIS2_PLACEMENT_3D('',#9070,#7288,#7289);
#5961=AXIS2_PLACEMENT_3D('',#9072,#7291,#7292);
#5962=AXIS2_PLACEMENT_3D('',#9073,#7293,#7294);
#5963=AXIS2_PLACEMENT_3D('',#9076,#7297,#7298);
#5964=AXIS2_PLACEMENT_3D('',#9078,#7300,#7301);
#5965=AXIS2_PLACEMENT_3D('',#9080,#7303,#7304);
#5966=AXIS2_PLACEMENT_3D('',#9082,#7306,#7307);
#5967=AXIS2_PLACEMENT_3D('',#9084,#7309,#7310);
#5968=AXIS2_PLACEMENT_3D('',#9086,#7312,#7313);
#5969=AXIS2_PLACEMENT_3D('',#9088,#7315,#7316);
#5970=AXIS2_PLACEMENT_3D('',#9089,#7317,#7318);
#5971=AXIS2_PLACEMENT_3D('',#9092,#7321,#7322);
#5972=AXIS2_PLACEMENT_3D('',#9094,#7324,#7325);
#5973=AXIS2_PLACEMENT_3D('',#9096,#7327,#7328);
#5974=AXIS2_PLACEMENT_3D('',#9098,#7330,#7331);
#5975=AXIS2_PLACEMENT_3D('',#9100,#7333,#7334);
#5976=AXIS2_PLACEMENT_3D('',#9102,#7336,#7337);
#5977=AXIS2_PLACEMENT_3D('',#9104,#7339,#7340);
#5978=AXIS2_PLACEMENT_3D('',#9105,#7341,#7342);
#5979=AXIS2_PLACEMENT_3D('',#9108,#7345,#7346);
#5980=AXIS2_PLACEMENT_3D('',#9110,#7348,#7349);
#5981=AXIS2_PLACEMENT_3D('',#9112,#7351,#7352);
#5982=AXIS2_PLACEMENT_3D('',#9114,#7354,#7355);
#5983=AXIS2_PLACEMENT_3D('',#9116,#7357,#7358);
#5984=AXIS2_PLACEMENT_3D('',#9118,#7360,#7361);
#5985=AXIS2_PLACEMENT_3D('',#9120,#7363,#7364);
#5986=AXIS2_PLACEMENT_3D('',#9121,#7365,#7366);
#5987=AXIS2_PLACEMENT_3D('',#9124,#7369,#7370);
#5988=AXIS2_PLACEMENT_3D('',#9126,#7372,#7373);
#5989=AXIS2_PLACEMENT_3D('',#9128,#7375,#7376);
#5990=AXIS2_PLACEMENT_3D('',#9130,#7378,#7379);
#5991=AXIS2_PLACEMENT_3D('',#9132,#7381,#7382);
#5992=AXIS2_PLACEMENT_3D('',#9134,#7384,#7385);
#5993=AXIS2_PLACEMENT_3D('',#9136,#7387,#7388);
#5994=AXIS2_PLACEMENT_3D('',#9137,#7389,#7390);
#5995=AXIS2_PLACEMENT_3D('',#9140,#7393,#7394);
#5996=AXIS2_PLACEMENT_3D('',#9142,#7396,#7397);
#5997=AXIS2_PLACEMENT_3D('',#9144,#7399,#7400);
#5998=AXIS2_PLACEMENT_3D('',#9146,#7402,#7403);
#5999=AXIS2_PLACEMENT_3D('',#9148,#7405,#7406);
#6000=AXIS2_PLACEMENT_3D('',#9150,#7408,#7409);
#6001=AXIS2_PLACEMENT_3D('',#9152,#7411,#7412);
#6002=AXIS2_PLACEMENT_3D('',#9153,#7413,#7414);
#6003=AXIS2_PLACEMENT_3D('',#9156,#7417,#7418);
#6004=AXIS2_PLACEMENT_3D('',#9158,#7420,#7421);
#6005=AXIS2_PLACEMENT_3D('',#9160,#7423,#7424);
#6006=AXIS2_PLACEMENT_3D('',#9162,#7426,#7427);
#6007=AXIS2_PLACEMENT_3D('',#9164,#7429,#7430);
#6008=AXIS2_PLACEMENT_3D('',#9166,#7432,#7433);
#6009=AXIS2_PLACEMENT_3D('',#9168,#7435,#7436);
#6010=AXIS2_PLACEMENT_3D('',#9169,#7437,#7438);
#6011=AXIS2_PLACEMENT_3D('',#9172,#7441,#7442);
#6012=AXIS2_PLACEMENT_3D('',#9174,#7444,#7445);
#6013=AXIS2_PLACEMENT_3D('',#9176,#7447,#7448);
#6014=AXIS2_PLACEMENT_3D('',#9178,#7450,#7451);
#6015=AXIS2_PLACEMENT_3D('',#9180,#7453,#7454);
#6016=AXIS2_PLACEMENT_3D('',#9182,#7456,#7457);
#6017=AXIS2_PLACEMENT_3D('',#9184,#7459,#7460);
#6018=AXIS2_PLACEMENT_3D('',#9185,#7461,#7462);
#6019=AXIS2_PLACEMENT_3D('',#9188,#7465,#7466);
#6020=AXIS2_PLACEMENT_3D('',#9190,#7468,#7469);
#6021=AXIS2_PLACEMENT_3D('',#9192,#7471,#7472);
#6022=AXIS2_PLACEMENT_3D('',#9194,#7474,#7475);
#6023=AXIS2_PLACEMENT_3D('',#9196,#7477,#7478);
#6024=AXIS2_PLACEMENT_3D('',#9198,#7480,#7481);
#6025=AXIS2_PLACEMENT_3D('',#9200,#7483,#7484);
#6026=AXIS2_PLACEMENT_3D('',#9201,#7485,#7486);
#6027=AXIS2_PLACEMENT_3D('',#9204,#7489,#7490);
#6028=AXIS2_PLACEMENT_3D('',#9206,#7492,#7493);
#6029=AXIS2_PLACEMENT_3D('',#9208,#7495,#7496);
#6030=AXIS2_PLACEMENT_3D('',#9210,#7498,#7499);
#6031=AXIS2_PLACEMENT_3D('',#9212,#7501,#7502);
#6032=AXIS2_PLACEMENT_3D('',#9214,#7504,#7505);
#6033=AXIS2_PLACEMENT_3D('',#9216,#7507,#7508);
#6034=AXIS2_PLACEMENT_3D('',#9217,#7509,#7510);
#6035=AXIS2_PLACEMENT_3D('',#9220,#7513,#7514);
#6036=AXIS2_PLACEMENT_3D('',#9222,#7516,#7517);
#6037=AXIS2_PLACEMENT_3D('',#9224,#7519,#7520);
#6038=AXIS2_PLACEMENT_3D('',#9226,#7522,#7523);
#6039=AXIS2_PLACEMENT_3D('',#9228,#7525,#7526);
#6040=AXIS2_PLACEMENT_3D('',#9230,#7528,#7529);
#6041=AXIS2_PLACEMENT_3D('',#9232,#7531,#7532);
#6042=AXIS2_PLACEMENT_3D('',#9233,#7533,#7534);
#6043=AXIS2_PLACEMENT_3D('',#9236,#7537,#7538);
#6044=AXIS2_PLACEMENT_3D('',#9238,#7540,#7541);
#6045=AXIS2_PLACEMENT_3D('',#9240,#7543,#7544);
#6046=AXIS2_PLACEMENT_3D('',#9242,#7546,#7547);
#6047=AXIS2_PLACEMENT_3D('',#9244,#7549,#7550);
#6048=AXIS2_PLACEMENT_3D('',#9246,#7552,#7553);
#6049=AXIS2_PLACEMENT_3D('',#9248,#7555,#7556);
#6050=AXIS2_PLACEMENT_3D('',#9249,#7557,#7558);
#6051=AXIS2_PLACEMENT_3D('',#9252,#7561,#7562);
#6052=AXIS2_PLACEMENT_3D('',#9254,#7564,#7565);
#6053=AXIS2_PLACEMENT_3D('',#9256,#7567,#7568);
#6054=AXIS2_PLACEMENT_3D('',#9258,#7570,#7571);
#6055=AXIS2_PLACEMENT_3D('',#9260,#7573,#7574);
#6056=AXIS2_PLACEMENT_3D('',#9262,#7576,#7577);
#6057=AXIS2_PLACEMENT_3D('',#9264,#7579,#7580);
#6058=AXIS2_PLACEMENT_3D('',#9265,#7581,#7582);
#6059=AXIS2_PLACEMENT_3D('',#9268,#7585,#7586);
#6060=AXIS2_PLACEMENT_3D('',#9270,#7588,#7589);
#6061=AXIS2_PLACEMENT_3D('',#9272,#7591,#7592);
#6062=AXIS2_PLACEMENT_3D('',#9274,#7594,#7595);
#6063=AXIS2_PLACEMENT_3D('',#9276,#7597,#7598);
#6064=AXIS2_PLACEMENT_3D('',#9278,#7600,#7601);
#6065=AXIS2_PLACEMENT_3D('',#9280,#7603,#7604);
#6066=AXIS2_PLACEMENT_3D('',#9281,#7605,#7606);
#6067=AXIS2_PLACEMENT_3D('',#9284,#7609,#7610);
#6068=AXIS2_PLACEMENT_3D('',#9286,#7612,#7613);
#6069=AXIS2_PLACEMENT_3D('',#9288,#7615,#7616);
#6070=AXIS2_PLACEMENT_3D('',#9290,#7618,#7619);
#6071=AXIS2_PLACEMENT_3D('',#9292,#7621,#7622);
#6072=AXIS2_PLACEMENT_3D('',#9294,#7624,#7625);
#6073=AXIS2_PLACEMENT_3D('',#9296,#7627,#7628);
#6074=AXIS2_PLACEMENT_3D('',#9297,#7629,#7630);
#6075=AXIS2_PLACEMENT_3D('',#9300,#7633,#7634);
#6076=AXIS2_PLACEMENT_3D('',#9302,#7636,#7637);
#6077=AXIS2_PLACEMENT_3D('',#9304,#7639,#7640);
#6078=AXIS2_PLACEMENT_3D('',#9306,#7642,#7643);
#6079=AXIS2_PLACEMENT_3D('',#9308,#7645,#7646);
#6080=AXIS2_PLACEMENT_3D('',#9310,#7648,#7649);
#6081=AXIS2_PLACEMENT_3D('',#9312,#7651,#7652);
#6082=AXIS2_PLACEMENT_3D('',#9313,#7653,#7654);
#6083=AXIS2_PLACEMENT_3D('',#9316,#7657,#7658);
#6084=AXIS2_PLACEMENT_3D('',#9318,#7660,#7661);
#6085=AXIS2_PLACEMENT_3D('',#9320,#7663,#7664);
#6086=AXIS2_PLACEMENT_3D('',#9322,#7666,#7667);
#6087=AXIS2_PLACEMENT_3D('',#9324,#7669,#7670);
#6088=AXIS2_PLACEMENT_3D('',#9326,#7672,#7673);
#6089=AXIS2_PLACEMENT_3D('',#9328,#7675,#7676);
#6090=AXIS2_PLACEMENT_3D('',#9329,#7677,#7678);
#6091=AXIS2_PLACEMENT_3D('',#9332,#7681,#7682);
#6092=AXIS2_PLACEMENT_3D('',#9334,#7684,#7685);
#6093=AXIS2_PLACEMENT_3D('',#9336,#7687,#7688);
#6094=AXIS2_PLACEMENT_3D('',#9338,#7690,#7691);
#6095=AXIS2_PLACEMENT_3D('',#9340,#7693,#7694);
#6096=AXIS2_PLACEMENT_3D('',#9342,#7696,#7697);
#6097=AXIS2_PLACEMENT_3D('',#9344,#7699,#7700);
#6098=AXIS2_PLACEMENT_3D('',#9345,#7701,#7702);
#6099=AXIS2_PLACEMENT_3D('',#9348,#7705,#7706);
#6100=AXIS2_PLACEMENT_3D('',#9350,#7708,#7709);
#6101=AXIS2_PLACEMENT_3D('',#9352,#7711,#7712);
#6102=AXIS2_PLACEMENT_3D('',#9354,#7714,#7715);
#6103=AXIS2_PLACEMENT_3D('',#9356,#7717,#7718);
#6104=AXIS2_PLACEMENT_3D('',#9358,#7720,#7721);
#6105=AXIS2_PLACEMENT_3D('',#9360,#7723,#7724);
#6106=AXIS2_PLACEMENT_3D('',#9361,#7725,#7726);
#6107=AXIS2_PLACEMENT_3D('',#9364,#7729,#7730);
#6108=AXIS2_PLACEMENT_3D('',#9367,#7733,#7734);
#6109=AXIS2_PLACEMENT_3D('',#9370,#7737,#7738);
#6110=AXIS2_PLACEMENT_3D('',#9371,#7739,#7740);
#6111=AXIS2_PLACEMENT_3D('',#9372,#7741,#7742);
#6112=AXIS2_PLACEMENT_3D('',#9373,#7743,#7744);
#6113=AXIS2_PLACEMENT_3D('',#9374,#7745,#7746);
#6114=AXIS2_PLACEMENT_3D('',#9375,#7747,#7748);
#6115=AXIS2_PLACEMENT_3D('',#9376,#7749,#7750);
#6116=AXIS2_PLACEMENT_3D('',#9377,#7751,#7752);
#6117=AXIS2_PLACEMENT_3D('',#9378,#7753,#7754);
#6118=AXIS2_PLACEMENT_3D('',#9379,#7755,#7756);
#6119=DIRECTION('',(0.,0.,1.));
#6120=DIRECTION('',(1.,0.,0.));
#6121=DIRECTION('',(0.,0.,1.));
#6122=DIRECTION('',(1.,0.,0.));
#6123=DIRECTION('',(0.,0.,1.));
#6124=DIRECTION('',(1.,0.,0.));
#6125=DIRECTION('',(0.,0.,1.));
#6126=DIRECTION('',(1.,0.,0.));
#6127=DIRECTION('',(0.,0.,1.));
#6128=DIRECTION('',(1.,0.,0.));
#6129=DIRECTION('',(0.,0.,1.));
#6130=DIRECTION('',(1.,0.,0.));
#6131=DIRECTION('',(0.,0.,1.));
#6132=DIRECTION('',(1.,0.,0.));
#6133=DIRECTION('',(0.,0.,1.));
#6134=DIRECTION('',(1.,0.,0.));
#6135=DIRECTION('',(0.,0.,1.));
#6136=DIRECTION('',(1.,0.,0.));
#6137=DIRECTION('',(0.,0.,1.));
#6138=DIRECTION('',(1.,0.,0.));
#6139=DIRECTION('',(0.,0.,1.));
#6140=DIRECTION('',(1.,0.,0.));
#6141=DIRECTION('',(0.,0.,1.));
#6142=DIRECTION('',(1.,0.,0.));
#6143=DIRECTION('',(0.,0.,1.));
#6144=DIRECTION('',(1.,0.,0.));
#6145=DIRECTION('',(0.,0.,1.));
#6146=DIRECTION('',(1.,0.,0.));
#6147=DIRECTION('',(0.,0.,1.));
#6148=DIRECTION('',(1.,0.,0.));
#6149=DIRECTION('',(0.,0.,1.));
#6150=DIRECTION('',(1.,0.,0.));
#6151=DIRECTION('',(0.,0.,1.));
#6152=DIRECTION('',(1.,0.,0.));
#6153=DIRECTION('',(0.,0.,1.));
#6154=DIRECTION('',(1.,0.,0.));
#6155=DIRECTION('',(0.,0.,1.));
#6156=DIRECTION('',(1.,0.,0.));
#6157=DIRECTION('',(0.,1.,0.));
#6158=DIRECTION('',(0.,0.,1.));
#6159=DIRECTION('',(1.,0.,0.));
#6160=DIRECTION('',(0.,0.,-1.));
#6161=DIRECTION('',(1.,0.,0.));
#6162=DIRECTION('',(0.,0.,-1.));
#6163=DIRECTION('',(0.,0.,1.));
#6164=DIRECTION('',(1.,0.,0.));
#6165=DIRECTION('',(0.,1.,0.));
#6166=DIRECTION('',(0.,0.,1.));
#6167=DIRECTION('',(1.,0.,0.));
#6168=DIRECTION('',(0.,0.,1.));
#6169=DIRECTION('',(1.,0.,0.));
#6170=DIRECTION('',(3.19764696032591E-16,-1.,0.));
#6171=DIRECTION('',(0.,0.,1.));
#6172=DIRECTION('',(1.,0.,0.));
#6173=DIRECTION('',(1.,0.,0.));
#6174=DIRECTION('',(0.,0.,1.));
#6175=DIRECTION('',(1.,0.,0.));
#6176=DIRECTION('',(0.,-1.,0.));
#6177=DIRECTION('',(0.,0.,1.));
#6178=DIRECTION('',(1.,0.,0.));
#6179=DIRECTION('',(1.,0.,0.));
#6180=DIRECTION('',(0.,0.,1.));
#6181=DIRECTION('',(1.,0.,0.));
#6182=DIRECTION('',(0.,-1.,0.));
#6183=DIRECTION('',(0.,0.,1.));
#6184=DIRECTION('',(1.,0.,0.));
#6185=DIRECTION('',(1.,0.,0.));
#6186=DIRECTION('',(0.,0.,1.));
#6187=DIRECTION('',(1.,0.,0.));
#6188=DIRECTION('',(0.,-1.,0.));
#6189=DIRECTION('',(0.,0.,1.));
#6190=DIRECTION('',(1.,0.,0.));
#6191=DIRECTION('',(1.,0.,0.));
#6192=DIRECTION('',(0.,0.,1.));
#6193=DIRECTION('',(1.,0.,0.));
#6194=DIRECTION('',(0.,1.,0.));
#6195=DIRECTION('',(0.,0.,1.));
#6196=DIRECTION('',(1.,0.,0.));
#6197=DIRECTION('',(-1.,0.,0.));
#6198=DIRECTION('',(0.,0.,1.));
#6199=DIRECTION('',(1.,0.,0.));
#6200=DIRECTION('',(0.,0.,1.));
#6201=DIRECTION('',(1.,0.,0.));
#6202=DIRECTION('',(1.,0.,0.));
#6203=DIRECTION('',(0.,0.,1.));
#6204=DIRECTION('',(1.,0.,0.));
#6205=DIRECTION('',(0.,-1.,0.));
#6206=DIRECTION('',(0.,0.,1.));
#6207=DIRECTION('',(1.,0.,0.));
#6208=DIRECTION('',(1.,0.,0.));
#6209=DIRECTION('',(0.,0.,1.));
#6210=DIRECTION('',(1.,0.,0.));
#6211=DIRECTION('',(0.,-1.,0.));
#6212=DIRECTION('',(0.,0.,1.));
#6213=DIRECTION('',(1.,0.,0.));
#6214=DIRECTION('',(1.,0.,0.));
#6215=DIRECTION('',(0.,0.,1.));
#6216=DIRECTION('',(1.,0.,0.));
#6217=DIRECTION('',(0.,-1.,0.));
#6218=DIRECTION('',(0.,0.,1.));
#6219=DIRECTION('',(1.,0.,0.));
#6220=DIRECTION('',(1.,0.,0.));
#6221=DIRECTION('',(0.,0.,1.));
#6222=DIRECTION('',(1.,0.,0.));
#6223=DIRECTION('',(0.,-1.,0.));
#6224=DIRECTION('',(0.,0.,1.));
#6225=DIRECTION('',(1.,0.,0.));
#6226=DIRECTION('',(1.,0.,0.));
#6227=DIRECTION('',(0.,0.,1.));
#6228=DIRECTION('',(1.,0.,0.));
#6229=DIRECTION('',(0.,-1.,0.));
#6230=DIRECTION('',(0.,0.,1.));
#6231=DIRECTION('',(1.,0.,0.));
#6232=DIRECTION('',(1.,0.,0.));
#6233=DIRECTION('',(0.,0.,1.));
#6234=DIRECTION('',(1.,0.,0.));
#6235=DIRECTION('',(0.,-1.,0.));
#6236=DIRECTION('',(0.,0.,1.));
#6237=DIRECTION('',(1.,0.,0.));
#6238=DIRECTION('',(1.,0.,0.));
#6239=DIRECTION('',(0.,0.,1.));
#6240=DIRECTION('',(1.,0.,0.));
#6241=DIRECTION('',(0.,-1.,0.));
#6242=DIRECTION('',(0.,0.,1.));
#6243=DIRECTION('',(1.,0.,0.));
#6244=DIRECTION('',(1.,0.,0.));
#6245=DIRECTION('',(0.,0.,1.));
#6246=DIRECTION('',(1.,0.,0.));
#6247=DIRECTION('',(0.,-1.,0.));
#6248=DIRECTION('',(0.,0.,1.));
#6249=DIRECTION('',(1.,0.,0.));
#6250=DIRECTION('',(1.,0.,0.));
#6251=DIRECTION('',(0.,0.,1.));
#6252=DIRECTION('',(1.,0.,0.));
#6253=DIRECTION('',(0.,-1.,0.));
#6254=DIRECTION('',(0.,0.,1.));
#6255=DIRECTION('',(1.,0.,0.));
#6256=DIRECTION('',(1.,0.,0.));
#6257=DIRECTION('',(0.,0.,1.));
#6258=DIRECTION('',(1.,0.,0.));
#6259=DIRECTION('',(0.,-1.,0.));
#6260=DIRECTION('',(0.,0.,1.));
#6261=DIRECTION('',(1.,0.,0.));
#6262=DIRECTION('',(1.,0.,0.));
#6263=DIRECTION('',(0.,0.,1.));
#6264=DIRECTION('',(1.,0.,0.));
#6265=DIRECTION('',(0.,-1.,0.));
#6266=DIRECTION('',(0.,0.,1.));
#6267=DIRECTION('',(1.,0.,0.));
#6268=DIRECTION('',(1.,0.,0.));
#6269=DIRECTION('',(0.,0.,1.));
#6270=DIRECTION('',(1.,0.,0.));
#6271=DIRECTION('',(0.,-1.,0.));
#6272=DIRECTION('',(0.,0.,1.));
#6273=DIRECTION('',(1.,0.,0.));
#6274=DIRECTION('',(1.,0.,0.));
#6275=DIRECTION('',(0.,0.,1.));
#6276=DIRECTION('',(1.,0.,0.));
#6277=DIRECTION('',(0.,-1.,0.));
#6278=DIRECTION('',(0.,0.,1.));
#6279=DIRECTION('',(1.,0.,0.));
#6280=DIRECTION('',(1.,0.,0.));
#6281=DIRECTION('',(0.,0.,1.));
#6282=DIRECTION('',(1.,0.,0.));
#6283=DIRECTION('',(0.,-1.,0.));
#6284=DIRECTION('',(0.,0.,1.));
#6285=DIRECTION('',(1.,0.,0.));
#6286=DIRECTION('',(1.,0.,0.));
#6287=DIRECTION('',(0.,0.,1.));
#6288=DIRECTION('',(1.,0.,0.));
#6289=DIRECTION('',(0.,-1.,0.));
#6290=DIRECTION('',(0.,0.,1.));
#6291=DIRECTION('',(1.,0.,0.));
#6292=DIRECTION('',(1.,0.,0.));
#6293=DIRECTION('',(0.,0.,1.));
#6294=DIRECTION('',(1.,0.,0.));
#6295=DIRECTION('',(0.,-1.,0.));
#6296=DIRECTION('',(0.,0.,1.));
#6297=DIRECTION('',(1.,0.,0.));
#6298=DIRECTION('',(1.,0.,0.));
#6299=DIRECTION('',(0.,0.,1.));
#6300=DIRECTION('',(1.,0.,0.));
#6301=DIRECTION('',(0.,-1.,0.));
#6302=DIRECTION('',(0.,0.,1.));
#6303=DIRECTION('',(1.,0.,0.));
#6304=DIRECTION('',(1.,0.,0.));
#6305=DIRECTION('',(0.,0.,1.));
#6306=DIRECTION('',(1.,0.,0.));
#6307=DIRECTION('',(0.,-1.,0.));
#6308=DIRECTION('',(0.,0.,1.));
#6309=DIRECTION('',(1.,0.,0.));
#6310=DIRECTION('',(1.,0.,0.));
#6311=DIRECTION('',(0.,0.,1.));
#6312=DIRECTION('',(1.,0.,0.));
#6313=DIRECTION('',(0.,-1.,0.));
#6314=DIRECTION('',(0.,0.,1.));
#6315=DIRECTION('',(1.,0.,0.));
#6316=DIRECTION('',(1.,0.,0.));
#6317=DIRECTION('',(0.,0.,1.));
#6318=DIRECTION('',(1.,0.,0.));
#6319=DIRECTION('',(0.,-1.,0.));
#6320=DIRECTION('',(0.,0.,1.));
#6321=DIRECTION('',(1.,0.,0.));
#6322=DIRECTION('',(1.,0.,0.));
#6323=DIRECTION('',(0.,0.,1.));
#6324=DIRECTION('',(1.,0.,0.));
#6325=DIRECTION('',(0.,-1.,0.));
#6326=DIRECTION('',(0.,0.,1.));
#6327=DIRECTION('',(1.,0.,0.));
#6328=DIRECTION('',(1.,0.,0.));
#6329=DIRECTION('',(0.,0.,1.));
#6330=DIRECTION('',(1.,0.,0.));
#6331=DIRECTION('',(0.,-1.,0.));
#6332=DIRECTION('',(0.,0.,1.));
#6333=DIRECTION('',(1.,0.,0.));
#6334=DIRECTION('',(1.,0.,0.));
#6335=DIRECTION('',(0.,0.,1.));
#6336=DIRECTION('',(1.,0.,0.));
#6337=DIRECTION('',(0.,-1.,0.));
#6338=DIRECTION('',(0.,0.,1.));
#6339=DIRECTION('',(1.,0.,0.));
#6340=DIRECTION('',(1.,0.,0.));
#6341=DIRECTION('',(0.,0.,1.));
#6342=DIRECTION('',(1.,0.,0.));
#6343=DIRECTION('',(0.,-1.,0.));
#6344=DIRECTION('',(0.,0.,1.));
#6345=DIRECTION('',(1.,0.,0.));
#6346=DIRECTION('',(1.,0.,0.));
#6347=DIRECTION('',(0.,0.,1.));
#6348=DIRECTION('',(1.,0.,0.));
#6349=DIRECTION('',(0.,-1.,0.));
#6350=DIRECTION('',(0.,0.,1.));
#6351=DIRECTION('',(1.,0.,0.));
#6352=DIRECTION('',(1.,0.,0.));
#6353=DIRECTION('',(0.,0.,1.));
#6354=DIRECTION('',(1.,0.,0.));
#6355=DIRECTION('',(0.,-1.,0.));
#6356=DIRECTION('',(0.,0.,1.));
#6357=DIRECTION('',(1.,0.,0.));
#6358=DIRECTION('',(1.,0.,0.));
#6359=DIRECTION('',(0.,0.,1.));
#6360=DIRECTION('',(1.,0.,0.));
#6361=DIRECTION('',(0.,-1.,0.));
#6362=DIRECTION('',(0.,0.,1.));
#6363=DIRECTION('',(1.,0.,0.));
#6364=DIRECTION('',(1.,0.,0.));
#6365=DIRECTION('',(0.,0.,1.));
#6366=DIRECTION('',(1.,0.,0.));
#6367=DIRECTION('',(0.,-1.,0.));
#6368=DIRECTION('',(0.,0.,1.));
#6369=DIRECTION('',(1.,0.,0.));
#6370=DIRECTION('',(1.,0.,0.));
#6371=DIRECTION('',(0.,0.,1.));
#6372=DIRECTION('',(1.,0.,0.));
#6373=DIRECTION('',(0.,-1.,0.));
#6374=DIRECTION('',(0.,0.,1.));
#6375=DIRECTION('',(1.,0.,0.));
#6376=DIRECTION('',(1.,0.,0.));
#6377=DIRECTION('',(0.,0.,1.));
#6378=DIRECTION('',(1.,0.,0.));
#6379=DIRECTION('',(0.,-1.,0.));
#6380=DIRECTION('',(0.,0.,1.));
#6381=DIRECTION('',(1.,0.,0.));
#6382=DIRECTION('',(1.,0.,0.));
#6383=DIRECTION('',(0.,0.,1.));
#6384=DIRECTION('',(1.,0.,0.));
#6385=DIRECTION('',(0.,-1.,0.));
#6386=DIRECTION('',(0.,0.,1.));
#6387=DIRECTION('',(1.,0.,0.));
#6388=DIRECTION('',(1.,0.,0.));
#6389=DIRECTION('',(0.,0.,1.));
#6390=DIRECTION('',(1.,0.,0.));
#6391=DIRECTION('',(0.,-1.,0.));
#6392=DIRECTION('',(0.,0.,1.));
#6393=DIRECTION('',(1.,0.,0.));
#6394=DIRECTION('',(1.,0.,0.));
#6395=DIRECTION('',(0.,0.,1.));
#6396=DIRECTION('',(1.,0.,0.));
#6397=DIRECTION('',(0.,-1.,0.));
#6398=DIRECTION('',(0.,0.,1.));
#6399=DIRECTION('',(1.,0.,0.));
#6400=DIRECTION('',(1.,0.,0.));
#6401=DIRECTION('',(0.,0.,1.));
#6402=DIRECTION('',(1.,0.,0.));
#6403=DIRECTION('',(0.,-1.,0.));
#6404=DIRECTION('',(0.,0.,1.));
#6405=DIRECTION('',(1.,0.,0.));
#6406=DIRECTION('',(1.,0.,0.));
#6407=DIRECTION('',(0.,0.,1.));
#6408=DIRECTION('',(1.,0.,0.));
#6409=DIRECTION('',(0.,-1.,0.));
#6410=DIRECTION('',(0.,0.,1.));
#6411=DIRECTION('',(1.,0.,0.));
#6412=DIRECTION('',(1.,0.,0.));
#6413=DIRECTION('',(0.,0.,1.));
#6414=DIRECTION('',(1.,0.,0.));
#6415=DIRECTION('',(0.,-1.,0.));
#6416=DIRECTION('',(0.,0.,1.));
#6417=DIRECTION('',(1.,0.,0.));
#6418=DIRECTION('',(1.,0.,0.));
#6419=DIRECTION('',(0.,0.,1.));
#6420=DIRECTION('',(1.,0.,0.));
#6421=DIRECTION('',(0.,-1.,0.));
#6422=DIRECTION('',(0.,0.,1.));
#6423=DIRECTION('',(1.,0.,0.));
#6424=DIRECTION('',(1.,0.,0.));
#6425=DIRECTION('',(0.,0.,1.));
#6426=DIRECTION('',(1.,0.,0.));
#6427=DIRECTION('',(0.,-1.,0.));
#6428=DIRECTION('',(0.,0.,1.));
#6429=DIRECTION('',(1.,0.,0.));
#6430=DIRECTION('',(1.,0.,0.));
#6431=DIRECTION('',(0.,0.,1.));
#6432=DIRECTION('',(1.,0.,0.));
#6433=DIRECTION('',(0.,-1.,0.));
#6434=DIRECTION('',(0.,0.,1.));
#6435=DIRECTION('',(1.,0.,0.));
#6436=DIRECTION('',(1.,0.,0.));
#6437=DIRECTION('',(0.,0.,1.));
#6438=DIRECTION('',(1.,0.,0.));
#6439=DIRECTION('',(0.,-1.,0.));
#6440=DIRECTION('',(0.,0.,1.));
#6441=DIRECTION('',(1.,0.,0.));
#6442=DIRECTION('',(1.,0.,0.));
#6443=DIRECTION('',(0.,0.,1.));
#6444=DIRECTION('',(1.,0.,0.));
#6445=DIRECTION('',(0.,-1.,0.));
#6446=DIRECTION('',(0.,0.,1.));
#6447=DIRECTION('',(1.,0.,0.));
#6448=DIRECTION('',(1.,0.,0.));
#6449=DIRECTION('',(0.,0.,1.));
#6450=DIRECTION('',(1.,0.,0.));
#6451=DIRECTION('',(0.,-1.,0.));
#6452=DIRECTION('',(0.,0.,1.));
#6453=DIRECTION('',(1.,0.,0.));
#6454=DIRECTION('',(1.,0.,0.));
#6455=DIRECTION('',(0.,0.,1.));
#6456=DIRECTION('',(1.,0.,0.));
#6457=DIRECTION('',(0.,-1.,0.));
#6458=DIRECTION('',(0.,0.,1.));
#6459=DIRECTION('',(1.,0.,0.));
#6460=DIRECTION('',(1.,0.,0.));
#6461=DIRECTION('',(0.,0.,1.));
#6462=DIRECTION('',(1.,0.,0.));
#6463=DIRECTION('',(0.,-1.,0.));
#6464=DIRECTION('',(0.,0.,1.));
#6465=DIRECTION('',(1.,0.,0.));
#6466=DIRECTION('',(1.,0.,0.));
#6467=DIRECTION('',(0.,0.,1.));
#6468=DIRECTION('',(1.,0.,0.));
#6469=DIRECTION('',(0.,-1.,0.));
#6470=DIRECTION('',(0.,0.,1.));
#6471=DIRECTION('',(1.,0.,0.));
#6472=DIRECTION('',(1.,0.,0.));
#6473=DIRECTION('',(0.,0.,1.));
#6474=DIRECTION('',(1.,0.,0.));
#6475=DIRECTION('',(0.,-1.,0.));
#6476=DIRECTION('',(0.,0.,1.));
#6477=DIRECTION('',(1.,0.,0.));
#6478=DIRECTION('',(1.,0.,0.));
#6479=DIRECTION('',(0.,0.,1.));
#6480=DIRECTION('',(1.,0.,0.));
#6481=DIRECTION('',(0.,-1.,0.));
#6482=DIRECTION('',(0.,0.,1.));
#6483=DIRECTION('',(1.,0.,0.));
#6484=DIRECTION('',(1.,0.,0.));
#6485=DIRECTION('',(0.,0.,1.));
#6486=DIRECTION('',(1.,0.,0.));
#6487=DIRECTION('',(0.,-1.,0.));
#6488=DIRECTION('',(0.,0.,1.));
#6489=DIRECTION('',(1.,0.,0.));
#6490=DIRECTION('',(1.,0.,0.));
#6491=DIRECTION('',(0.,0.,1.));
#6492=DIRECTION('',(1.,0.,0.));
#6493=DIRECTION('',(0.,-1.,0.));
#6494=DIRECTION('',(0.,0.,1.));
#6495=DIRECTION('',(1.,0.,0.));
#6496=DIRECTION('',(1.,0.,0.));
#6497=DIRECTION('',(0.,0.,1.));
#6498=DIRECTION('',(1.,0.,0.));
#6499=DIRECTION('',(0.,-1.,0.));
#6500=DIRECTION('',(0.,0.,1.));
#6501=DIRECTION('',(1.,0.,0.));
#6502=DIRECTION('',(1.,0.,0.));
#6503=DIRECTION('',(0.,0.,1.));
#6504=DIRECTION('',(1.,0.,0.));
#6505=DIRECTION('',(0.,-1.,0.));
#6506=DIRECTION('',(0.,0.,1.));
#6507=DIRECTION('',(1.,0.,0.));
#6508=DIRECTION('',(1.,0.,0.));
#6509=DIRECTION('',(0.,0.,1.));
#6510=DIRECTION('',(1.,0.,0.));
#6511=DIRECTION('',(0.,-1.,0.));
#6512=DIRECTION('',(0.,0.,1.));
#6513=DIRECTION('',(1.,0.,0.));
#6514=DIRECTION('',(1.,0.,0.));
#6515=DIRECTION('',(0.,0.,1.));
#6516=DIRECTION('',(1.,0.,0.));
#6517=DIRECTION('',(0.,-1.,0.));
#6518=DIRECTION('',(0.,0.,1.));
#6519=DIRECTION('',(1.,0.,0.));
#6520=DIRECTION('',(1.,0.,0.));
#6521=DIRECTION('',(0.,0.,1.));
#6522=DIRECTION('',(1.,0.,0.));
#6523=DIRECTION('',(0.,-1.,0.));
#6524=DIRECTION('',(0.,0.,1.));
#6525=DIRECTION('',(1.,0.,0.));
#6526=DIRECTION('',(1.,0.,0.));
#6527=DIRECTION('',(0.,0.,1.));
#6528=DIRECTION('',(1.,0.,0.));
#6529=DIRECTION('',(0.,-1.,0.));
#6530=DIRECTION('',(0.,0.,1.));
#6531=DIRECTION('',(1.,0.,0.));
#6532=DIRECTION('',(1.,0.,0.));
#6533=DIRECTION('',(0.,0.,1.));
#6534=DIRECTION('',(1.,0.,0.));
#6535=DIRECTION('',(0.,-1.,0.));
#6536=DIRECTION('',(0.,0.,1.));
#6537=DIRECTION('',(1.,0.,0.));
#6538=DIRECTION('',(1.,0.,0.));
#6539=DIRECTION('',(0.,0.,1.));
#6540=DIRECTION('',(1.,0.,0.));
#6541=DIRECTION('',(0.,-1.,0.));
#6542=DIRECTION('',(0.,0.,1.));
#6543=DIRECTION('',(1.,0.,0.));
#6544=DIRECTION('',(1.,0.,0.));
#6545=DIRECTION('',(0.,0.,1.));
#6546=DIRECTION('',(1.,0.,0.));
#6547=DIRECTION('',(0.,-1.,0.));
#6548=DIRECTION('',(0.,0.,1.));
#6549=DIRECTION('',(1.,0.,0.));
#6550=DIRECTION('',(1.,0.,0.));
#6551=DIRECTION('',(0.,0.,1.));
#6552=DIRECTION('',(1.,0.,0.));
#6553=DIRECTION('',(0.,-1.,0.));
#6554=DIRECTION('',(0.,0.,1.));
#6555=DIRECTION('',(1.,0.,0.));
#6556=DIRECTION('',(1.,0.,0.));
#6557=DIRECTION('',(0.,0.,1.));
#6558=DIRECTION('',(1.,0.,0.));
#6559=DIRECTION('',(0.,-1.,0.));
#6560=DIRECTION('',(0.,0.,1.));
#6561=DIRECTION('',(1.,0.,0.));
#6562=DIRECTION('',(0.,0.,1.));
#6563=DIRECTION('',(1.,0.,0.));
#6564=DIRECTION('',(0.,1.,0.));
#6565=DIRECTION('',(0.,0.,1.));
#6566=DIRECTION('',(1.,0.,0.));
#6567=DIRECTION('',(-1.,0.,0.));
#6568=DIRECTION('',(0.,0.,1.));
#6569=DIRECTION('',(1.,0.,0.));
#6570=DIRECTION('',(0.,1.,0.));
#6571=DIRECTION('',(0.,0.,1.));
#6572=DIRECTION('',(1.,0.,0.));
#6573=DIRECTION('',(1.,0.,0.));
#6574=DIRECTION('',(0.,0.,1.));
#6575=DIRECTION('',(1.,0.,0.));
#6576=DIRECTION('',(0.,-1.,0.));
#6577=DIRECTION('',(0.,0.,1.));
#6578=DIRECTION('',(1.,0.,0.));
#6579=DIRECTION('',(1.,0.,0.));
#6580=DIRECTION('',(0.,0.,1.));
#6581=DIRECTION('',(1.,0.,0.));
#6582=DIRECTION('',(0.,-1.,0.));
#6583=DIRECTION('',(0.,0.,1.));
#6584=DIRECTION('',(1.,0.,0.));
#6585=DIRECTION('',(1.,0.,0.));
#6586=DIRECTION('',(0.,0.,1.));
#6587=DIRECTION('',(1.,0.,0.));
#6588=DIRECTION('',(0.,-1.,0.));
#6589=DIRECTION('',(0.,0.,1.));
#6590=DIRECTION('',(1.,0.,0.));
#6591=DIRECTION('',(1.,0.,0.));
#6592=DIRECTION('',(0.,0.,1.));
#6593=DIRECTION('',(1.,0.,0.));
#6594=DIRECTION('',(3.19764696032591E-16,-1.,0.));
#6595=DIRECTION('',(0.,0.,1.));
#6596=DIRECTION('',(1.,0.,0.));
#6597=DIRECTION('',(1.,0.,0.));
#6598=DIRECTION('',(0.,0.,1.));
#6599=DIRECTION('',(1.,0.,0.));
#6600=DIRECTION('',(0.,-1.,0.));
#6601=DIRECTION('',(0.,0.,1.));
#6602=DIRECTION('',(1.,0.,0.));
#6603=DIRECTION('',(1.,0.,0.));
#6604=DIRECTION('',(0.,0.,1.));
#6605=DIRECTION('',(1.,0.,0.));
#6606=DIRECTION('',(0.,-1.,0.));
#6607=DIRECTION('',(0.,0.,1.));
#6608=DIRECTION('',(1.,0.,0.));
#6609=DIRECTION('',(1.,0.,0.));
#6610=DIRECTION('',(0.,0.,1.));
#6611=DIRECTION('',(1.,0.,0.));
#6612=DIRECTION('',(0.,-1.,0.));
#6613=DIRECTION('',(0.,0.,1.));
#6614=DIRECTION('',(1.,0.,0.));
#6615=DIRECTION('',(1.,0.,0.));
#6616=DIRECTION('',(0.,0.,1.));
#6617=DIRECTION('',(1.,0.,0.));
#6618=DIRECTION('',(0.,-1.,0.));
#6619=DIRECTION('',(0.,0.,1.));
#6620=DIRECTION('',(1.,0.,0.));
#6621=DIRECTION('',(1.,0.,0.));
#6622=DIRECTION('',(0.,0.,1.));
#6623=DIRECTION('',(1.,0.,0.));
#6624=DIRECTION('',(0.,-1.,0.));
#6625=DIRECTION('',(0.,0.,1.));
#6626=DIRECTION('',(1.,0.,0.));
#6627=DIRECTION('',(1.,0.,0.));
#6628=DIRECTION('',(0.,0.,1.));
#6629=DIRECTION('',(1.,0.,0.));
#6630=DIRECTION('',(0.,-1.,0.));
#6631=DIRECTION('',(0.,0.,1.));
#6632=DIRECTION('',(1.,0.,0.));
#6633=DIRECTION('',(1.,0.,0.));
#6634=DIRECTION('',(0.,0.,1.));
#6635=DIRECTION('',(1.,0.,0.));
#6636=DIRECTION('',(0.,-1.,0.));
#6637=DIRECTION('',(0.,0.,1.));
#6638=DIRECTION('',(1.,0.,0.));
#6639=DIRECTION('',(1.,0.,0.));
#6640=DIRECTION('',(0.,0.,1.));
#6641=DIRECTION('',(1.,0.,0.));
#6642=DIRECTION('',(0.,-1.,0.));
#6643=DIRECTION('',(0.,0.,1.));
#6644=DIRECTION('',(1.,0.,0.));
#6645=DIRECTION('',(1.,0.,0.));
#6646=DIRECTION('',(0.,0.,1.));
#6647=DIRECTION('',(1.,0.,0.));
#6648=DIRECTION('',(0.,-1.,0.));
#6649=DIRECTION('',(0.,0.,1.));
#6650=DIRECTION('',(1.,0.,0.));
#6651=DIRECTION('',(1.,0.,0.));
#6652=DIRECTION('',(0.,0.,1.));
#6653=DIRECTION('',(1.,0.,0.));
#6654=DIRECTION('',(0.,-1.,0.));
#6655=DIRECTION('',(0.,0.,1.));
#6656=DIRECTION('',(1.,0.,0.));
#6657=DIRECTION('',(1.,0.,0.));
#6658=DIRECTION('',(0.,0.,1.));
#6659=DIRECTION('',(1.,0.,0.));
#6660=DIRECTION('',(0.,-1.,0.));
#6661=DIRECTION('',(0.,0.,1.));
#6662=DIRECTION('',(1.,0.,0.));
#6663=DIRECTION('',(1.,0.,0.));
#6664=DIRECTION('',(0.,0.,1.));
#6665=DIRECTION('',(1.,0.,0.));
#6666=DIRECTION('',(0.,-1.,0.));
#6667=DIRECTION('',(0.,0.,1.));
#6668=DIRECTION('',(1.,0.,0.));
#6669=DIRECTION('',(1.,0.,0.));
#6670=DIRECTION('',(0.,0.,1.));
#6671=DIRECTION('',(1.,0.,0.));
#6672=DIRECTION('',(0.,-1.,0.));
#6673=DIRECTION('',(0.,0.,1.));
#6674=DIRECTION('',(1.,0.,0.));
#6675=DIRECTION('',(1.,0.,0.));
#6676=DIRECTION('',(0.,0.,1.));
#6677=DIRECTION('',(1.,0.,0.));
#6678=DIRECTION('',(0.,-1.,0.));
#6679=DIRECTION('',(0.,0.,1.));
#6680=DIRECTION('',(1.,0.,0.));
#6681=DIRECTION('',(1.,0.,0.));
#6682=DIRECTION('',(0.,0.,1.));
#6683=DIRECTION('',(1.,0.,0.));
#6684=DIRECTION('',(0.,-1.,0.));
#6685=DIRECTION('',(0.,0.,1.));
#6686=DIRECTION('',(1.,0.,0.));
#6687=DIRECTION('',(1.,0.,0.));
#6688=DIRECTION('',(0.,0.,1.));
#6689=DIRECTION('',(1.,0.,0.));
#6690=DIRECTION('',(0.,-1.,0.));
#6691=DIRECTION('',(0.,0.,1.));
#6692=DIRECTION('',(1.,0.,0.));
#6693=DIRECTION('',(1.,0.,0.));
#6694=DIRECTION('',(0.,0.,1.));
#6695=DIRECTION('',(1.,0.,0.));
#6696=DIRECTION('',(0.,-1.,0.));
#6697=DIRECTION('',(0.,0.,1.));
#6698=DIRECTION('',(1.,0.,0.));
#6699=DIRECTION('',(1.,0.,0.));
#6700=DIRECTION('',(0.,0.,1.));
#6701=DIRECTION('',(1.,0.,0.));
#6702=DIRECTION('',(0.,-1.,0.));
#6703=DIRECTION('',(0.,0.,1.));
#6704=DIRECTION('',(1.,0.,0.));
#6705=DIRECTION('',(1.,0.,0.));
#6706=DIRECTION('',(0.,0.,1.));
#6707=DIRECTION('',(1.,0.,0.));
#6708=DIRECTION('',(0.,-1.,0.));
#6709=DIRECTION('',(0.,0.,1.));
#6710=DIRECTION('',(1.,0.,0.));
#6711=DIRECTION('',(1.,0.,0.));
#6712=DIRECTION('',(0.,0.,1.));
#6713=DIRECTION('',(1.,0.,0.));
#6714=DIRECTION('',(0.,-1.,0.));
#6715=DIRECTION('',(0.,0.,1.));
#6716=DIRECTION('',(1.,0.,0.));
#6717=DIRECTION('',(1.,0.,0.));
#6718=DIRECTION('',(0.,0.,1.));
#6719=DIRECTION('',(1.,0.,0.));
#6720=DIRECTION('',(0.,-1.,0.));
#6721=DIRECTION('',(0.,0.,1.));
#6722=DIRECTION('',(1.,0.,0.));
#6723=DIRECTION('',(1.,0.,0.));
#6724=DIRECTION('',(0.,0.,1.));
#6725=DIRECTION('',(1.,0.,0.));
#6726=DIRECTION('',(0.,-1.,0.));
#6727=DIRECTION('',(0.,0.,1.));
#6728=DIRECTION('',(1.,0.,0.));
#6729=DIRECTION('',(1.,0.,0.));
#6730=DIRECTION('',(0.,0.,1.));
#6731=DIRECTION('',(1.,0.,0.));
#6732=DIRECTION('',(0.,-1.,0.));
#6733=DIRECTION('',(0.,0.,1.));
#6734=DIRECTION('',(1.,0.,0.));
#6735=DIRECTION('',(1.,0.,0.));
#6736=DIRECTION('',(0.,0.,1.));
#6737=DIRECTION('',(1.,0.,0.));
#6738=DIRECTION('',(0.,-1.,0.));
#6739=DIRECTION('',(0.,0.,1.));
#6740=DIRECTION('',(1.,0.,0.));
#6741=DIRECTION('',(1.,0.,0.));
#6742=DIRECTION('',(0.,0.,1.));
#6743=DIRECTION('',(1.,0.,0.));
#6744=DIRECTION('',(0.,-1.,0.));
#6745=DIRECTION('',(0.,0.,1.));
#6746=DIRECTION('',(1.,0.,0.));
#6747=DIRECTION('',(1.,0.,0.));
#6748=DIRECTION('',(0.,0.,1.));
#6749=DIRECTION('',(1.,0.,0.));
#6750=DIRECTION('',(0.,-1.,0.));
#6751=DIRECTION('',(0.,0.,1.));
#6752=DIRECTION('',(1.,0.,0.));
#6753=DIRECTION('',(1.,0.,0.));
#6754=DIRECTION('',(0.,0.,1.));
#6755=DIRECTION('',(1.,0.,0.));
#6756=DIRECTION('',(0.,-1.,0.));
#6757=DIRECTION('',(0.,0.,1.));
#6758=DIRECTION('',(1.,0.,0.));
#6759=DIRECTION('',(1.,0.,0.));
#6760=DIRECTION('',(0.,0.,1.));
#6761=DIRECTION('',(1.,0.,0.));
#6762=DIRECTION('',(0.,-1.,0.));
#6763=DIRECTION('',(0.,0.,1.));
#6764=DIRECTION('',(1.,0.,0.));
#6765=DIRECTION('',(1.,0.,0.));
#6766=DIRECTION('',(0.,0.,1.));
#6767=DIRECTION('',(1.,0.,0.));
#6768=DIRECTION('',(0.,-1.,0.));
#6769=DIRECTION('',(0.,0.,1.));
#6770=DIRECTION('',(1.,0.,0.));
#6771=DIRECTION('',(1.,0.,0.));
#6772=DIRECTION('',(0.,0.,1.));
#6773=DIRECTION('',(1.,0.,0.));
#6774=DIRECTION('',(0.,-1.,0.));
#6775=DIRECTION('',(0.,0.,1.));
#6776=DIRECTION('',(1.,0.,0.));
#6777=DIRECTION('',(1.,0.,0.));
#6778=DIRECTION('',(0.,0.,1.));
#6779=DIRECTION('',(1.,0.,0.));
#6780=DIRECTION('',(0.,-1.,0.));
#6781=DIRECTION('',(0.,0.,1.));
#6782=DIRECTION('',(1.,0.,0.));
#6783=DIRECTION('',(1.,0.,0.));
#6784=DIRECTION('',(0.,0.,1.));
#6785=DIRECTION('',(1.,0.,0.));
#6786=DIRECTION('',(0.,-1.,0.));
#6787=DIRECTION('',(0.,0.,1.));
#6788=DIRECTION('',(1.,0.,0.));
#6789=DIRECTION('',(1.,0.,0.));
#6790=DIRECTION('',(0.,0.,1.));
#6791=DIRECTION('',(1.,0.,0.));
#6792=DIRECTION('',(0.,-1.,0.));
#6793=DIRECTION('',(0.,0.,1.));
#6794=DIRECTION('',(1.,0.,0.));
#6795=DIRECTION('',(1.,0.,0.));
#6796=DIRECTION('',(0.,0.,1.));
#6797=DIRECTION('',(1.,0.,0.));
#6798=DIRECTION('',(0.,-1.,0.));
#6799=DIRECTION('',(0.,0.,1.));
#6800=DIRECTION('',(1.,0.,0.));
#6801=DIRECTION('',(1.,0.,0.));
#6802=DIRECTION('',(0.,0.,1.));
#6803=DIRECTION('',(1.,0.,0.));
#6804=DIRECTION('',(0.,-1.,0.));
#6805=DIRECTION('',(0.,0.,1.));
#6806=DIRECTION('',(1.,0.,0.));
#6807=DIRECTION('',(1.,0.,0.));
#6808=DIRECTION('',(0.,0.,1.));
#6809=DIRECTION('',(1.,0.,0.));
#6810=DIRECTION('',(0.,-1.,0.));
#6811=DIRECTION('',(0.,0.,1.));
#6812=DIRECTION('',(1.,0.,0.));
#6813=DIRECTION('',(1.,0.,0.));
#6814=DIRECTION('',(0.,0.,1.));
#6815=DIRECTION('',(1.,0.,0.));
#6816=DIRECTION('',(0.,-1.,0.));
#6817=DIRECTION('',(0.,0.,1.));
#6818=DIRECTION('',(1.,0.,0.));
#6819=DIRECTION('',(1.,0.,0.));
#6820=DIRECTION('',(0.,0.,1.));
#6821=DIRECTION('',(1.,0.,0.));
#6822=DIRECTION('',(0.,-1.,0.));
#6823=DIRECTION('',(0.,0.,1.));
#6824=DIRECTION('',(1.,0.,0.));
#6825=DIRECTION('',(1.,0.,0.));
#6826=DIRECTION('',(0.,0.,1.));
#6827=DIRECTION('',(1.,0.,0.));
#6828=DIRECTION('',(0.,-1.,0.));
#6829=DIRECTION('',(0.,0.,1.));
#6830=DIRECTION('',(1.,0.,0.));
#6831=DIRECTION('',(1.,0.,0.));
#6832=DIRECTION('',(0.,0.,1.));
#6833=DIRECTION('',(1.,0.,0.));
#6834=DIRECTION('',(0.,-1.,0.));
#6835=DIRECTION('',(0.,0.,1.));
#6836=DIRECTION('',(1.,0.,0.));
#6837=DIRECTION('',(1.,0.,0.));
#6838=DIRECTION('',(0.,0.,1.));
#6839=DIRECTION('',(1.,0.,0.));
#6840=DIRECTION('',(0.,-1.,0.));
#6841=DIRECTION('',(0.,0.,1.));
#6842=DIRECTION('',(1.,0.,0.));
#6843=DIRECTION('',(1.,0.,0.));
#6844=DIRECTION('',(0.,0.,1.));
#6845=DIRECTION('',(1.,0.,0.));
#6846=DIRECTION('',(0.,-1.,0.));
#6847=DIRECTION('',(0.,0.,1.));
#6848=DIRECTION('',(1.,0.,0.));
#6849=DIRECTION('',(1.,0.,0.));
#6850=DIRECTION('',(0.,0.,1.));
#6851=DIRECTION('',(1.,0.,0.));
#6852=DIRECTION('',(0.,-1.,0.));
#6853=DIRECTION('',(0.,0.,1.));
#6854=DIRECTION('',(1.,0.,0.));
#6855=DIRECTION('',(1.,0.,0.));
#6856=DIRECTION('',(0.,0.,1.));
#6857=DIRECTION('',(1.,0.,0.));
#6858=DIRECTION('',(0.,-1.,0.));
#6859=DIRECTION('',(0.,0.,1.));
#6860=DIRECTION('',(1.,0.,0.));
#6861=DIRECTION('',(1.,0.,0.));
#6862=DIRECTION('',(0.,0.,1.));
#6863=DIRECTION('',(1.,0.,0.));
#6864=DIRECTION('',(0.,-1.,0.));
#6865=DIRECTION('',(0.,0.,1.));
#6866=DIRECTION('',(1.,0.,0.));
#6867=DIRECTION('',(1.,0.,0.));
#6868=DIRECTION('',(0.,0.,1.));
#6869=DIRECTION('',(1.,0.,0.));
#6870=DIRECTION('',(0.,-1.,0.));
#6871=DIRECTION('',(0.,0.,1.));
#6872=DIRECTION('',(1.,0.,0.));
#6873=DIRECTION('',(1.,0.,0.));
#6874=DIRECTION('',(0.,0.,1.));
#6875=DIRECTION('',(1.,0.,0.));
#6876=DIRECTION('',(0.,-1.,0.));
#6877=DIRECTION('',(0.,0.,1.));
#6878=DIRECTION('',(1.,0.,0.));
#6879=DIRECTION('',(1.,0.,0.));
#6880=DIRECTION('',(0.,0.,1.));
#6881=DIRECTION('',(1.,0.,0.));
#6882=DIRECTION('',(0.,-1.,0.));
#6883=DIRECTION('',(0.,0.,1.));
#6884=DIRECTION('',(1.,0.,0.));
#6885=DIRECTION('',(1.,0.,0.));
#6886=DIRECTION('',(0.,0.,1.));
#6887=DIRECTION('',(1.,0.,0.));
#6888=DIRECTION('',(0.,-1.,0.));
#6889=DIRECTION('',(0.,0.,1.));
#6890=DIRECTION('',(1.,0.,0.));
#6891=DIRECTION('',(1.,0.,0.));
#6892=DIRECTION('',(0.,0.,1.));
#6893=DIRECTION('',(1.,0.,0.));
#6894=DIRECTION('',(0.,-1.,0.));
#6895=DIRECTION('',(0.,0.,1.));
#6896=DIRECTION('',(1.,0.,0.));
#6897=DIRECTION('',(1.,0.,0.));
#6898=DIRECTION('',(0.,0.,1.));
#6899=DIRECTION('',(1.,0.,0.));
#6900=DIRECTION('',(0.,-1.,0.));
#6901=DIRECTION('',(0.,0.,1.));
#6902=DIRECTION('',(1.,0.,0.));
#6903=DIRECTION('',(1.,0.,0.));
#6904=DIRECTION('',(0.,0.,1.));
#6905=DIRECTION('',(1.,0.,0.));
#6906=DIRECTION('',(0.,-1.,0.));
#6907=DIRECTION('',(0.,0.,1.));
#6908=DIRECTION('',(1.,0.,0.));
#6909=DIRECTION('',(1.,0.,0.));
#6910=DIRECTION('',(0.,0.,1.));
#6911=DIRECTION('',(1.,0.,0.));
#6912=DIRECTION('',(0.,-1.,0.));
#6913=DIRECTION('',(0.,0.,1.));
#6914=DIRECTION('',(1.,0.,0.));
#6915=DIRECTION('',(1.,0.,0.));
#6916=DIRECTION('',(0.,0.,1.));
#6917=DIRECTION('',(1.,0.,0.));
#6918=DIRECTION('',(0.,-1.,0.));
#6919=DIRECTION('',(0.,0.,1.));
#6920=DIRECTION('',(1.,0.,0.));
#6921=DIRECTION('',(1.,0.,0.));
#6922=DIRECTION('',(0.,0.,1.));
#6923=DIRECTION('',(1.,0.,0.));
#6924=DIRECTION('',(0.,-1.,0.));
#6925=DIRECTION('',(0.,0.,1.));
#6926=DIRECTION('',(1.,0.,0.));
#6927=DIRECTION('',(1.,0.,0.));
#6928=DIRECTION('',(0.,0.,1.));
#6929=DIRECTION('',(1.,0.,0.));
#6930=DIRECTION('',(0.,-1.,0.));
#6931=DIRECTION('',(0.,0.,1.));
#6932=DIRECTION('',(1.,0.,0.));
#6933=DIRECTION('',(1.,0.,0.));
#6934=DIRECTION('',(0.,0.,1.));
#6935=DIRECTION('',(1.,0.,0.));
#6936=DIRECTION('',(0.,-1.,0.));
#6937=DIRECTION('',(0.,0.,1.));
#6938=DIRECTION('',(1.,0.,0.));
#6939=DIRECTION('',(1.,0.,0.));
#6940=DIRECTION('',(0.,0.,1.));
#6941=DIRECTION('',(1.,0.,0.));
#6942=DIRECTION('',(0.,-1.,0.));
#6943=DIRECTION('',(0.,0.,1.));
#6944=DIRECTION('',(1.,0.,0.));
#6945=DIRECTION('',(1.,0.,0.));
#6946=DIRECTION('',(0.,0.,1.));
#6947=DIRECTION('',(1.,0.,0.));
#6948=DIRECTION('',(0.,-1.,0.));
#6949=DIRECTION('',(0.,0.,1.));
#6950=DIRECTION('',(1.,0.,0.));
#6951=DIRECTION('',(1.,0.,0.));
#6952=DIRECTION('',(0.,0.,1.));
#6953=DIRECTION('',(1.,0.,0.));
#6954=DIRECTION('',(0.,-1.,0.));
#6955=DIRECTION('',(0.,0.,1.));
#6956=DIRECTION('',(1.,0.,0.));
#6957=DIRECTION('',(1.,0.,0.));
#6958=DIRECTION('',(0.,0.,-1.));
#6959=DIRECTION('',(0.,0.,-1.));
#6960=DIRECTION('',(0.,0.,-1.));
#6961=DIRECTION('',(0.,1.,0.));
#6962=DIRECTION('',(0.,0.,1.));
#6963=DIRECTION('',(0.,0.,-1.));
#6964=DIRECTION('',(0.,0.,-1.));
#6965=DIRECTION('',(1.,0.,0.));
#6966=DIRECTION('',(0.,0.,-1.));
#6967=DIRECTION('',(0.,0.,-1.));
#6968=DIRECTION('',(0.,0.,-1.));
#6969=DIRECTION('',(0.,1.,0.));
#6970=DIRECTION('',(0.,0.,1.));
#6971=DIRECTION('',(0.,0.,-1.));
#6972=DIRECTION('',(0.,0.,-1.));
#6973=DIRECTION('',(1.,3.19764696032591E-16,0.));
#6974=DIRECTION('',(-3.19764696032591E-16,1.,0.));
#6975=DIRECTION('',(0.,0.,-1.));
#6976=DIRECTION('',(0.,0.,-1.));
#6977=DIRECTION('',(0.,1.,0.));
#6978=DIRECTION('',(0.,0.,1.));
#6979=DIRECTION('',(0.,0.,-1.));
#6980=DIRECTION('',(0.,0.,-1.));
#6981=DIRECTION('',(1.,0.,0.));
#6982=DIRECTION('',(0.,0.,-1.));
#6983=DIRECTION('',(0.,0.,-1.));
#6984=DIRECTION('',(0.,0.,-1.));
#6985=DIRECTION('',(0.,1.,0.));
#6986=DIRECTION('',(0.,0.,1.));
#6987=DIRECTION('',(0.,0.,-1.));
#6988=DIRECTION('',(0.,0.,-1.));
#6989=DIRECTION('',(0.,0.,-1.));
#6990=DIRECTION('',(-1.,0.,0.));
#6991=DIRECTION('',(0.,0.,1.));
#6992=DIRECTION('',(1.,0.,0.));
#6993=DIRECTION('',(0.,0.,-1.));
#6994=DIRECTION('',(-1.,0.,0.));
#6995=DIRECTION('',(0.,0.,1.));
#6996=DIRECTION('',(1.,0.,0.));
#6997=DIRECTION('',(0.,0.,-1.));
#6998=DIRECTION('',(-1.,0.,0.));
#6999=DIRECTION('',(0.,0.,1.));
#7000=DIRECTION('',(1.,0.,0.));
#7001=DIRECTION('',(0.,0.,-1.));
#7002=DIRECTION('',(-1.,0.,0.));
#7003=DIRECTION('',(0.,0.,1.));
#7004=DIRECTION('',(1.,0.,0.));
#7005=DIRECTION('',(0.,-1.,0.));
#7006=DIRECTION('',(0.,0.,-1.));
#7007=DIRECTION('',(0.,0.,1.));
#7008=DIRECTION('',(0.,0.,1.));
#7009=DIRECTION('',(0.,0.,1.));
#7010=DIRECTION('',(1.,0.,0.));
#7011=DIRECTION('',(0.,0.,1.));
#7012=DIRECTION('',(-1.,0.,0.));
#7013=DIRECTION('',(0.,0.,1.));
#7014=DIRECTION('',(0.,0.,1.));
#7015=DIRECTION('',(0.,0.,1.));
#7016=DIRECTION('',(1.,0.,0.));
#7017=DIRECTION('',(0.,0.,1.));
#7018=DIRECTION('',(0.,-1.,0.));
#7019=DIRECTION('',(0.,0.,-1.));
#7020=DIRECTION('',(0.,0.,1.));
#7021=DIRECTION('',(0.,0.,1.));
#7022=DIRECTION('',(1.,0.,0.));
#7023=DIRECTION('',(0.,0.,1.));
#7024=DIRECTION('',(-1.,0.,0.));
#7025=DIRECTION('',(0.,0.,1.));
#7026=DIRECTION('',(0.,0.,1.));
#7027=DIRECTION('',(0.,0.,1.));
#7028=DIRECTION('',(1.,0.,0.));
#7029=DIRECTION('',(0.,-1.,0.));
#7030=DIRECTION('',(0.,0.,-1.));
#7031=DIRECTION('',(0.,0.,1.));
#7032=DIRECTION('',(0.,0.,1.));
#7033=DIRECTION('',(0.,0.,1.));
#7034=DIRECTION('',(1.,0.,0.));
#7035=DIRECTION('',(0.,0.,1.));
#7036=DIRECTION('',(-1.,0.,0.));
#7037=DIRECTION('',(0.,0.,1.));
#7038=DIRECTION('',(0.,0.,1.));
#7039=DIRECTION('',(0.,0.,1.));
#7040=DIRECTION('',(1.,0.,0.));
#7041=DIRECTION('',(0.,0.,1.));
#7042=DIRECTION('',(0.,-1.,0.));
#7043=DIRECTION('',(0.,0.,-1.));
#7044=DIRECTION('',(0.,0.,1.));
#7045=DIRECTION('',(0.,0.,1.));
#7046=DIRECTION('',(1.,0.,0.));
#7047=DIRECTION('',(0.,0.,1.));
#7048=DIRECTION('',(-1.,0.,0.));
#7049=DIRECTION('',(0.,0.,1.));
#7050=DIRECTION('',(0.,0.,1.));
#7051=DIRECTION('',(0.,0.,1.));
#7052=DIRECTION('',(1.,0.,0.));
#7053=DIRECTION('',(0.,-1.,0.));
#7054=DIRECTION('',(0.,0.,-1.));
#7055=DIRECTION('',(0.,0.,1.));
#7056=DIRECTION('',(0.,0.,1.));
#7057=DIRECTION('',(0.,0.,1.));
#7058=DIRECTION('',(1.,0.,0.));
#7059=DIRECTION('',(0.,0.,1.));
#7060=DIRECTION('',(-1.,0.,0.));
#7061=DIRECTION('',(0.,0.,1.));
#7062=DIRECTION('',(0.,0.,1.));
#7063=DIRECTION('',(0.,0.,1.));
#7064=DIRECTION('',(1.,0.,0.));
#7065=DIRECTION('',(0.,0.,1.));
#7066=DIRECTION('',(0.,-1.,0.));
#7067=DIRECTION('',(0.,0.,-1.));
#7068=DIRECTION('',(0.,0.,1.));
#7069=DIRECTION('',(0.,0.,1.));
#7070=DIRECTION('',(1.,0.,0.));
#7071=DIRECTION('',(0.,0.,1.));
#7072=DIRECTION('',(-1.,0.,0.));
#7073=DIRECTION('',(0.,0.,1.));
#7074=DIRECTION('',(0.,0.,1.));
#7075=DIRECTION('',(0.,0.,1.));
#7076=DIRECTION('',(1.,0.,0.));
#7077=DIRECTION('',(0.,-1.,0.));
#7078=DIRECTION('',(0.,0.,-1.));
#7079=DIRECTION('',(0.,0.,1.));
#7080=DIRECTION('',(0.,0.,1.));
#7081=DIRECTION('',(0.,0.,1.));
#7082=DIRECTION('',(1.,0.,0.));
#7083=DIRECTION('',(0.,0.,1.));
#7084=DIRECTION('',(-1.,0.,0.));
#7085=DIRECTION('',(0.,0.,1.));
#7086=DIRECTION('',(0.,0.,1.));
#7087=DIRECTION('',(0.,0.,1.));
#7088=DIRECTION('',(1.,0.,0.));
#7089=DIRECTION('',(0.,0.,1.));
#7090=DIRECTION('',(0.,-1.,0.));
#7091=DIRECTION('',(0.,0.,-1.));
#7092=DIRECTION('',(0.,0.,1.));
#7093=DIRECTION('',(0.,0.,1.));
#7094=DIRECTION('',(1.,0.,0.));
#7095=DIRECTION('',(0.,0.,1.));
#7096=DIRECTION('',(-1.,0.,0.));
#7097=DIRECTION('',(0.,0.,1.));
#7098=DIRECTION('',(0.,0.,1.));
#7099=DIRECTION('',(0.,0.,1.));
#7100=DIRECTION('',(1.,0.,0.));
#7101=DIRECTION('',(0.,-1.,0.));
#7102=DIRECTION('',(0.,0.,-1.));
#7103=DIRECTION('',(0.,0.,1.));
#7104=DIRECTION('',(0.,0.,1.));
#7105=DIRECTION('',(0.,0.,1.));
#7106=DIRECTION('',(1.,0.,0.));
#7107=DIRECTION('',(0.,0.,1.));
#7108=DIRECTION('',(-1.,0.,0.));
#7109=DIRECTION('',(0.,0.,1.));
#7110=DIRECTION('',(0.,0.,1.));
#7111=DIRECTION('',(0.,0.,1.));
#7112=DIRECTION('',(1.,0.,0.));
#7113=DIRECTION('',(0.,0.,1.));
#7114=DIRECTION('',(0.,-1.,0.));
#7115=DIRECTION('',(0.,0.,-1.));
#7116=DIRECTION('',(0.,0.,1.));
#7117=DIRECTION('',(0.,0.,1.));
#7118=DIRECTION('',(1.,0.,0.));
#7119=DIRECTION('',(0.,0.,1.));
#7120=DIRECTION('',(-1.,0.,0.));
#7121=DIRECTION('',(0.,0.,1.));
#7122=DIRECTION('',(0.,0.,1.));
#7123=DIRECTION('',(0.,0.,1.));
#7124=DIRECTION('',(1.,0.,0.));
#7125=DIRECTION('',(0.,-1.,0.));
#7126=DIRECTION('',(0.,0.,-1.));
#7127=DIRECTION('',(0.,0.,1.));
#7128=DIRECTION('',(0.,0.,1.));
#7129=DIRECTION('',(0.,0.,1.));
#7130=DIRECTION('',(1.,0.,0.));
#7131=DIRECTION('',(0.,0.,1.));
#7132=DIRECTION('',(-1.,0.,0.));
#7133=DIRECTION('',(0.,0.,1.));
#7134=DIRECTION('',(0.,0.,1.));
#7135=DIRECTION('',(0.,0.,1.));
#7136=DIRECTION('',(1.,0.,0.));
#7137=DIRECTION('',(0.,0.,1.));
#7138=DIRECTION('',(0.,-1.,0.));
#7139=DIRECTION('',(0.,0.,-1.));
#7140=DIRECTION('',(0.,0.,1.));
#7141=DIRECTION('',(0.,0.,1.));
#7142=DIRECTION('',(1.,0.,0.));
#7143=DIRECTION('',(0.,0.,1.));
#7144=DIRECTION('',(-1.,0.,0.));
#7145=DIRECTION('',(0.,0.,1.));
#7146=DIRECTION('',(0.,0.,1.));
#7147=DIRECTION('',(0.,0.,1.));
#7148=DIRECTION('',(1.,0.,0.));
#7149=DIRECTION('',(0.,-1.,0.));
#7150=DIRECTION('',(0.,0.,-1.));
#7151=DIRECTION('',(0.,0.,1.));
#7152=DIRECTION('',(0.,0.,1.));
#7153=DIRECTION('',(0.,0.,1.));
#7154=DIRECTION('',(1.,0.,0.));
#7155=DIRECTION('',(0.,0.,1.));
#7156=DIRECTION('',(-1.,0.,0.));
#7157=DIRECTION('',(0.,0.,1.));
#7158=DIRECTION('',(0.,0.,1.));
#7159=DIRECTION('',(0.,0.,1.));
#7160=DIRECTION('',(1.,0.,0.));
#7161=DIRECTION('',(0.,0.,1.));
#7162=DIRECTION('',(0.,-1.,0.));
#7163=DIRECTION('',(0.,0.,-1.));
#7164=DIRECTION('',(0.,0.,1.));
#7165=DIRECTION('',(0.,0.,1.));
#7166=DIRECTION('',(1.,0.,0.));
#7167=DIRECTION('',(0.,0.,1.));
#7168=DIRECTION('',(-1.,0.,0.));
#7169=DIRECTION('',(0.,0.,1.));
#7170=DIRECTION('',(0.,0.,1.));
#7171=DIRECTION('',(0.,0.,1.));
#7172=DIRECTION('',(1.,0.,0.));
#7173=DIRECTION('',(0.,-1.,0.));
#7174=DIRECTION('',(0.,0.,-1.));
#7175=DIRECTION('',(0.,0.,1.));
#7176=DIRECTION('',(0.,0.,1.));
#7177=DIRECTION('',(0.,0.,1.));
#7178=DIRECTION('',(1.,0.,0.));
#7179=DIRECTION('',(0.,0.,1.));
#7180=DIRECTION('',(-1.,0.,0.));
#7181=DIRECTION('',(0.,0.,1.));
#7182=DIRECTION('',(0.,0.,1.));
#7183=DIRECTION('',(0.,0.,1.));
#7184=DIRECTION('',(1.,0.,0.));
#7185=DIRECTION('',(0.,0.,1.));
#7186=DIRECTION('',(0.,-1.,0.));
#7187=DIRECTION('',(0.,0.,-1.));
#7188=DIRECTION('',(0.,0.,1.));
#7189=DIRECTION('',(0.,0.,1.));
#7190=DIRECTION('',(1.,0.,0.));
#7191=DIRECTION('',(0.,0.,1.));
#7192=DIRECTION('',(-1.,0.,0.));
#7193=DIRECTION('',(0.,0.,1.));
#7194=DIRECTION('',(0.,0.,1.));
#7195=DIRECTION('',(0.,0.,1.));
#7196=DIRECTION('',(1.,0.,0.));
#7197=DIRECTION('',(0.,-1.,0.));
#7198=DIRECTION('',(0.,0.,-1.));
#7199=DIRECTION('',(0.,0.,1.));
#7200=DIRECTION('',(0.,0.,1.));
#7201=DIRECTION('',(0.,0.,1.));
#7202=DIRECTION('',(1.,0.,0.));
#7203=DIRECTION('',(0.,0.,1.));
#7204=DIRECTION('',(-1.,0.,0.));
#7205=DIRECTION('',(0.,0.,1.));
#7206=DIRECTION('',(0.,0.,1.));
#7207=DIRECTION('',(0.,0.,1.));
#7208=DIRECTION('',(1.,0.,0.));
#7209=DIRECTION('',(0.,0.,1.));
#7210=DIRECTION('',(0.,-1.,0.));
#7211=DIRECTION('',(0.,0.,-1.));
#7212=DIRECTION('',(0.,0.,1.));
#7213=DIRECTION('',(0.,0.,1.));
#7214=DIRECTION('',(1.,0.,0.));
#7215=DIRECTION('',(0.,0.,1.));
#7216=DIRECTION('',(-1.,0.,0.));
#7217=DIRECTION('',(0.,0.,1.));
#7218=DIRECTION('',(0.,0.,1.));
#7219=DIRECTION('',(0.,0.,1.));
#7220=DIRECTION('',(1.,0.,0.));
#7221=DIRECTION('',(0.,-1.,0.));
#7222=DIRECTION('',(0.,0.,-1.));
#7223=DIRECTION('',(0.,0.,1.));
#7224=DIRECTION('',(0.,0.,1.));
#7225=DIRECTION('',(0.,0.,1.));
#7226=DIRECTION('',(1.,0.,0.));
#7227=DIRECTION('',(0.,0.,1.));
#7228=DIRECTION('',(-1.,0.,0.));
#7229=DIRECTION('',(0.,0.,1.));
#7230=DIRECTION('',(0.,0.,1.));
#7231=DIRECTION('',(0.,0.,1.));
#7232=DIRECTION('',(1.,0.,0.));
#7233=DIRECTION('',(0.,0.,1.));
#7234=DIRECTION('',(0.,-1.,0.));
#7235=DIRECTION('',(0.,0.,-1.));
#7236=DIRECTION('',(0.,0.,1.));
#7237=DIRECTION('',(0.,0.,1.));
#7238=DIRECTION('',(1.,0.,0.));
#7239=DIRECTION('',(0.,0.,1.));
#7240=DIRECTION('',(-1.,0.,0.));
#7241=DIRECTION('',(0.,0.,1.));
#7242=DIRECTION('',(0.,0.,1.));
#7243=DIRECTION('',(0.,0.,1.));
#7244=DIRECTION('',(1.,0.,0.));
#7245=DIRECTION('',(0.,-1.,0.));
#7246=DIRECTION('',(0.,0.,-1.));
#7247=DIRECTION('',(0.,0.,1.));
#7248=DIRECTION('',(0.,0.,1.));
#7249=DIRECTION('',(0.,0.,1.));
#7250=DIRECTION('',(1.,0.,0.));
#7251=DIRECTION('',(0.,0.,1.));
#7252=DIRECTION('',(-1.,0.,0.));
#7253=DIRECTION('',(0.,0.,1.));
#7254=DIRECTION('',(0.,0.,1.));
#7255=DIRECTION('',(0.,0.,1.));
#7256=DIRECTION('',(1.,0.,0.));
#7257=DIRECTION('',(0.,0.,1.));
#7258=DIRECTION('',(0.,-1.,0.));
#7259=DIRECTION('',(0.,0.,-1.));
#7260=DIRECTION('',(0.,0.,1.));
#7261=DIRECTION('',(0.,0.,1.));
#7262=DIRECTION('',(1.,0.,0.));
#7263=DIRECTION('',(0.,0.,1.));
#7264=DIRECTION('',(-1.,0.,0.));
#7265=DIRECTION('',(0.,0.,1.));
#7266=DIRECTION('',(0.,0.,1.));
#7267=DIRECTION('',(0.,0.,1.));
#7268=DIRECTION('',(1.,0.,0.));
#7269=DIRECTION('',(0.,-1.,0.));
#7270=DIRECTION('',(0.,0.,-1.));
#7271=DIRECTION('',(0.,0.,1.));
#7272=DIRECTION('',(0.,0.,1.));
#7273=DIRECTION('',(0.,0.,1.));
#7274=DIRECTION('',(1.,0.,0.));
#7275=DIRECTION('',(0.,0.,1.));
#7276=DIRECTION('',(-1.,0.,0.));
#7277=DIRECTION('',(0.,0.,1.));
#7278=DIRECTION('',(0.,0.,1.));
#7279=DIRECTION('',(0.,0.,1.));
#7280=DIRECTION('',(1.,0.,0.));
#7281=DIRECTION('',(0.,0.,1.));
#7282=DIRECTION('',(0.,-1.,0.));
#7283=DIRECTION('',(0.,0.,-1.));
#7284=DIRECTION('',(0.,0.,1.));
#7285=DIRECTION('',(0.,0.,1.));
#7286=DIRECTION('',(1.,0.,0.));
#7287=DIRECTION('',(0.,0.,1.));
#7288=DIRECTION('',(-1.,0.,0.));
#7289=DIRECTION('',(0.,0.,1.));
#7290=DIRECTION('',(0.,0.,1.));
#7291=DIRECTION('',(0.,0.,1.));
#7292=DIRECTION('',(1.,0.,0.));
#7293=DIRECTION('',(0.,-1.,0.));
#7294=DIRECTION('',(0.,0.,-1.));
#7295=DIRECTION('',(0.,0.,1.));
#7296=DIRECTION('',(0.,0.,1.));
#7297=DIRECTION('',(0.,0.,1.));
#7298=DIRECTION('',(1.,0.,0.));
#7299=DIRECTION('',(0.,0.,1.));
#7300=DIRECTION('',(-1.,0.,0.));
#7301=DIRECTION('',(0.,0.,1.));
#7302=DIRECTION('',(0.,0.,1.));
#7303=DIRECTION('',(0.,0.,1.));
#7304=DIRECTION('',(1.,0.,0.));
#7305=DIRECTION('',(0.,0.,1.));
#7306=DIRECTION('',(0.,-1.,0.));
#7307=DIRECTION('',(0.,0.,-1.));
#7308=DIRECTION('',(0.,0.,1.));
#7309=DIRECTION('',(0.,0.,1.));
#7310=DIRECTION('',(1.,0.,0.));
#7311=DIRECTION('',(0.,0.,1.));
#7312=DIRECTION('',(-1.,0.,0.));
#7313=DIRECTION('',(0.,0.,1.));
#7314=DIRECTION('',(0.,0.,1.));
#7315=DIRECTION('',(0.,0.,1.));
#7316=DIRECTION('',(1.,0.,0.));
#7317=DIRECTION('',(0.,-1.,0.));
#7318=DIRECTION('',(0.,0.,-1.));
#7319=DIRECTION('',(0.,0.,1.));
#7320=DIRECTION('',(0.,0.,1.));
#7321=DIRECTION('',(0.,0.,1.));
#7322=DIRECTION('',(1.,0.,0.));
#7323=DIRECTION('',(0.,0.,1.));
#7324=DIRECTION('',(-1.,0.,0.));
#7325=DIRECTION('',(0.,0.,1.));
#7326=DIRECTION('',(0.,0.,1.));
#7327=DIRECTION('',(0.,0.,1.));
#7328=DIRECTION('',(1.,0.,0.));
#7329=DIRECTION('',(0.,0.,1.));
#7330=DIRECTION('',(0.,-1.,0.));
#7331=DIRECTION('',(0.,0.,-1.));
#7332=DIRECTION('',(0.,0.,1.));
#7333=DIRECTION('',(0.,0.,1.));
#7334=DIRECTION('',(1.,0.,0.));
#7335=DIRECTION('',(0.,0.,1.));
#7336=DIRECTION('',(-1.,0.,0.));
#7337=DIRECTION('',(0.,0.,1.));
#7338=DIRECTION('',(0.,0.,1.));
#7339=DIRECTION('',(0.,0.,1.));
#7340=DIRECTION('',(1.,0.,0.));
#7341=DIRECTION('',(0.,-1.,0.));
#7342=DIRECTION('',(0.,0.,-1.));
#7343=DIRECTION('',(0.,0.,1.));
#7344=DIRECTION('',(0.,0.,1.));
#7345=DIRECTION('',(0.,0.,1.));
#7346=DIRECTION('',(1.,0.,0.));
#7347=DIRECTION('',(0.,0.,1.));
#7348=DIRECTION('',(-1.,0.,0.));
#7349=DIRECTION('',(0.,0.,1.));
#7350=DIRECTION('',(0.,0.,1.));
#7351=DIRECTION('',(0.,0.,1.));
#7352=DIRECTION('',(1.,0.,0.));
#7353=DIRECTION('',(0.,0.,1.));
#7354=DIRECTION('',(0.,-1.,0.));
#7355=DIRECTION('',(0.,0.,-1.));
#7356=DIRECTION('',(0.,0.,1.));
#7357=DIRECTION('',(0.,0.,1.));
#7358=DIRECTION('',(1.,0.,0.));
#7359=DIRECTION('',(0.,0.,1.));
#7360=DIRECTION('',(-1.,0.,0.));
#7361=DIRECTION('',(0.,0.,1.));
#7362=DIRECTION('',(0.,0.,1.));
#7363=DIRECTION('',(0.,0.,1.));
#7364=DIRECTION('',(1.,0.,0.));
#7365=DIRECTION('',(0.,-1.,0.));
#7366=DIRECTION('',(0.,0.,-1.));
#7367=DIRECTION('',(0.,0.,1.));
#7368=DIRECTION('',(0.,0.,1.));
#7369=DIRECTION('',(0.,0.,1.));
#7370=DIRECTION('',(1.,0.,0.));
#7371=DIRECTION('',(0.,0.,1.));
#7372=DIRECTION('',(-1.,0.,0.));
#7373=DIRECTION('',(0.,0.,1.));
#7374=DIRECTION('',(0.,0.,1.));
#7375=DIRECTION('',(0.,0.,1.));
#7376=DIRECTION('',(1.,0.,0.));
#7377=DIRECTION('',(0.,0.,1.));
#7378=DIRECTION('',(0.,-1.,0.));
#7379=DIRECTION('',(0.,0.,-1.));
#7380=DIRECTION('',(0.,0.,1.));
#7381=DIRECTION('',(0.,0.,1.));
#7382=DIRECTION('',(1.,0.,0.));
#7383=DIRECTION('',(0.,0.,1.));
#7384=DIRECTION('',(-1.,0.,0.));
#7385=DIRECTION('',(0.,0.,1.));
#7386=DIRECTION('',(0.,0.,1.));
#7387=DIRECTION('',(0.,0.,1.));
#7388=DIRECTION('',(1.,0.,0.));
#7389=DIRECTION('',(0.,-1.,0.));
#7390=DIRECTION('',(0.,0.,-1.));
#7391=DIRECTION('',(0.,0.,1.));
#7392=DIRECTION('',(0.,0.,1.));
#7393=DIRECTION('',(0.,0.,1.));
#7394=DIRECTION('',(1.,0.,0.));
#7395=DIRECTION('',(0.,0.,1.));
#7396=DIRECTION('',(-1.,0.,0.));
#7397=DIRECTION('',(0.,0.,1.));
#7398=DIRECTION('',(0.,0.,1.));
#7399=DIRECTION('',(0.,0.,1.));
#7400=DIRECTION('',(1.,0.,0.));
#7401=DIRECTION('',(0.,0.,1.));
#7402=DIRECTION('',(0.,-1.,0.));
#7403=DIRECTION('',(0.,0.,-1.));
#7404=DIRECTION('',(0.,0.,1.));
#7405=DIRECTION('',(0.,0.,1.));
#7406=DIRECTION('',(1.,0.,0.));
#7407=DIRECTION('',(0.,0.,1.));
#7408=DIRECTION('',(-1.,0.,0.));
#7409=DIRECTION('',(0.,0.,1.));
#7410=DIRECTION('',(0.,0.,1.));
#7411=DIRECTION('',(0.,0.,1.));
#7412=DIRECTION('',(1.,0.,0.));
#7413=DIRECTION('',(0.,-1.,0.));
#7414=DIRECTION('',(0.,0.,-1.));
#7415=DIRECTION('',(0.,0.,1.));
#7416=DIRECTION('',(0.,0.,1.));
#7417=DIRECTION('',(0.,0.,1.));
#7418=DIRECTION('',(1.,0.,0.));
#7419=DIRECTION('',(0.,0.,1.));
#7420=DIRECTION('',(-1.,0.,0.));
#7421=DIRECTION('',(0.,0.,1.));
#7422=DIRECTION('',(0.,0.,1.));
#7423=DIRECTION('',(0.,0.,1.));
#7424=DIRECTION('',(1.,0.,0.));
#7425=DIRECTION('',(0.,0.,1.));
#7426=DIRECTION('',(0.,-1.,0.));
#7427=DIRECTION('',(0.,0.,-1.));
#7428=DIRECTION('',(0.,0.,1.));
#7429=DIRECTION('',(0.,0.,1.));
#7430=DIRECTION('',(1.,0.,0.));
#7431=DIRECTION('',(0.,0.,1.));
#7432=DIRECTION('',(-1.,0.,0.));
#7433=DIRECTION('',(0.,0.,1.));
#7434=DIRECTION('',(0.,0.,1.));
#7435=DIRECTION('',(0.,0.,1.));
#7436=DIRECTION('',(1.,0.,0.));
#7437=DIRECTION('',(0.,-1.,0.));
#7438=DIRECTION('',(0.,0.,-1.));
#7439=DIRECTION('',(0.,0.,1.));
#7440=DIRECTION('',(0.,0.,1.));
#7441=DIRECTION('',(0.,0.,1.));
#7442=DIRECTION('',(1.,0.,0.));
#7443=DIRECTION('',(0.,0.,1.));
#7444=DIRECTION('',(-1.,0.,0.));
#7445=DIRECTION('',(0.,0.,1.));
#7446=DIRECTION('',(0.,0.,1.));
#7447=DIRECTION('',(0.,0.,1.));
#7448=DIRECTION('',(1.,0.,0.));
#7449=DIRECTION('',(0.,0.,1.));
#7450=DIRECTION('',(0.,-1.,0.));
#7451=DIRECTION('',(0.,0.,-1.));
#7452=DIRECTION('',(0.,0.,1.));
#7453=DIRECTION('',(0.,0.,1.));
#7454=DIRECTION('',(1.,0.,0.));
#7455=DIRECTION('',(0.,0.,1.));
#7456=DIRECTION('',(-1.,0.,0.));
#7457=DIRECTION('',(0.,0.,1.));
#7458=DIRECTION('',(0.,0.,1.));
#7459=DIRECTION('',(0.,0.,1.));
#7460=DIRECTION('',(1.,0.,0.));
#7461=DIRECTION('',(0.,-1.,0.));
#7462=DIRECTION('',(0.,0.,-1.));
#7463=DIRECTION('',(0.,0.,1.));
#7464=DIRECTION('',(0.,0.,1.));
#7465=DIRECTION('',(0.,0.,1.));
#7466=DIRECTION('',(1.,0.,0.));
#7467=DIRECTION('',(0.,0.,1.));
#7468=DIRECTION('',(-1.,0.,0.));
#7469=DIRECTION('',(0.,0.,1.));
#7470=DIRECTION('',(0.,0.,1.));
#7471=DIRECTION('',(0.,0.,1.));
#7472=DIRECTION('',(1.,0.,0.));
#7473=DIRECTION('',(0.,0.,1.));
#7474=DIRECTION('',(0.,-1.,0.));
#7475=DIRECTION('',(0.,0.,-1.));
#7476=DIRECTION('',(0.,0.,1.));
#7477=DIRECTION('',(0.,0.,1.));
#7478=DIRECTION('',(1.,0.,0.));
#7479=DIRECTION('',(0.,0.,1.));
#7480=DIRECTION('',(-1.,0.,0.));
#7481=DIRECTION('',(0.,0.,1.));
#7482=DIRECTION('',(0.,0.,1.));
#7483=DIRECTION('',(0.,0.,1.));
#7484=DIRECTION('',(1.,0.,0.));
#7485=DIRECTION('',(0.,-1.,0.));
#7486=DIRECTION('',(0.,0.,-1.));
#7487=DIRECTION('',(0.,0.,1.));
#7488=DIRECTION('',(0.,0.,1.));
#7489=DIRECTION('',(0.,0.,1.));
#7490=DIRECTION('',(1.,0.,0.));
#7491=DIRECTION('',(0.,0.,1.));
#7492=DIRECTION('',(-1.,0.,0.));
#7493=DIRECTION('',(0.,0.,1.));
#7494=DIRECTION('',(0.,0.,1.));
#7495=DIRECTION('',(0.,0.,1.));
#7496=DIRECTION('',(1.,0.,0.));
#7497=DIRECTION('',(0.,0.,1.));
#7498=DIRECTION('',(0.,-1.,0.));
#7499=DIRECTION('',(0.,0.,-1.));
#7500=DIRECTION('',(0.,0.,1.));
#7501=DIRECTION('',(0.,0.,1.));
#7502=DIRECTION('',(1.,0.,0.));
#7503=DIRECTION('',(0.,0.,1.));
#7504=DIRECTION('',(-1.,0.,0.));
#7505=DIRECTION('',(0.,0.,1.));
#7506=DIRECTION('',(0.,0.,1.));
#7507=DIRECTION('',(0.,0.,1.));
#7508=DIRECTION('',(1.,0.,0.));
#7509=DIRECTION('',(0.,-1.,0.));
#7510=DIRECTION('',(0.,0.,-1.));
#7511=DIRECTION('',(0.,0.,1.));
#7512=DIRECTION('',(0.,0.,1.));
#7513=DIRECTION('',(0.,0.,1.));
#7514=DIRECTION('',(1.,0.,0.));
#7515=DIRECTION('',(0.,0.,1.));
#7516=DIRECTION('',(-1.,0.,0.));
#7517=DIRECTION('',(0.,0.,1.));
#7518=DIRECTION('',(0.,0.,1.));
#7519=DIRECTION('',(0.,0.,1.));
#7520=DIRECTION('',(1.,0.,0.));
#7521=DIRECTION('',(0.,0.,1.));
#7522=DIRECTION('',(0.,-1.,0.));
#7523=DIRECTION('',(0.,0.,-1.));
#7524=DIRECTION('',(0.,0.,1.));
#7525=DIRECTION('',(0.,0.,1.));
#7526=DIRECTION('',(1.,0.,0.));
#7527=DIRECTION('',(0.,0.,1.));
#7528=DIRECTION('',(-1.,0.,0.));
#7529=DIRECTION('',(0.,0.,1.));
#7530=DIRECTION('',(0.,0.,1.));
#7531=DIRECTION('',(0.,0.,1.));
#7532=DIRECTION('',(1.,0.,0.));
#7533=DIRECTION('',(0.,-1.,0.));
#7534=DIRECTION('',(0.,0.,-1.));
#7535=DIRECTION('',(0.,0.,1.));
#7536=DIRECTION('',(0.,0.,1.));
#7537=DIRECTION('',(0.,0.,1.));
#7538=DIRECTION('',(1.,0.,0.));
#7539=DIRECTION('',(0.,0.,1.));
#7540=DIRECTION('',(-1.,0.,0.));
#7541=DIRECTION('',(0.,0.,1.));
#7542=DIRECTION('',(0.,0.,1.));
#7543=DIRECTION('',(0.,0.,1.));
#7544=DIRECTION('',(1.,0.,0.));
#7545=DIRECTION('',(0.,0.,1.));
#7546=DIRECTION('',(0.,-1.,0.));
#7547=DIRECTION('',(0.,0.,-1.));
#7548=DIRECTION('',(0.,0.,1.));
#7549=DIRECTION('',(0.,0.,1.));
#7550=DIRECTION('',(1.,0.,0.));
#7551=DIRECTION('',(0.,0.,1.));
#7552=DIRECTION('',(-1.,0.,0.));
#7553=DIRECTION('',(0.,0.,1.));
#7554=DIRECTION('',(0.,0.,1.));
#7555=DIRECTION('',(0.,0.,1.));
#7556=DIRECTION('',(1.,0.,0.));
#7557=DIRECTION('',(0.,-1.,0.));
#7558=DIRECTION('',(0.,0.,-1.));
#7559=DIRECTION('',(0.,0.,1.));
#7560=DIRECTION('',(0.,0.,1.));
#7561=DIRECTION('',(0.,0.,1.));
#7562=DIRECTION('',(1.,0.,0.));
#7563=DIRECTION('',(0.,0.,1.));
#7564=DIRECTION('',(-1.,0.,0.));
#7565=DIRECTION('',(0.,0.,1.));
#7566=DIRECTION('',(0.,0.,1.));
#7567=DIRECTION('',(0.,0.,1.));
#7568=DIRECTION('',(1.,0.,0.));
#7569=DIRECTION('',(0.,0.,1.));
#7570=DIRECTION('',(0.,-1.,0.));
#7571=DIRECTION('',(0.,0.,-1.));
#7572=DIRECTION('',(0.,0.,1.));
#7573=DIRECTION('',(0.,0.,1.));
#7574=DIRECTION('',(1.,0.,0.));
#7575=DIRECTION('',(0.,0.,1.));
#7576=DIRECTION('',(-1.,0.,0.));
#7577=DIRECTION('',(0.,0.,1.));
#7578=DIRECTION('',(0.,0.,1.));
#7579=DIRECTION('',(0.,0.,1.));
#7580=DIRECTION('',(1.,0.,0.));
#7581=DIRECTION('',(0.,-1.,0.));
#7582=DIRECTION('',(0.,0.,-1.));
#7583=DIRECTION('',(0.,0.,1.));
#7584=DIRECTION('',(0.,0.,1.));
#7585=DIRECTION('',(0.,0.,1.));
#7586=DIRECTION('',(1.,0.,0.));
#7587=DIRECTION('',(0.,0.,1.));
#7588=DIRECTION('',(-1.,0.,0.));
#7589=DIRECTION('',(0.,0.,1.));
#7590=DIRECTION('',(0.,0.,1.));
#7591=DIRECTION('',(0.,0.,1.));
#7592=DIRECTION('',(1.,0.,0.));
#7593=DIRECTION('',(0.,0.,1.));
#7594=DIRECTION('',(0.,-1.,0.));
#7595=DIRECTION('',(0.,0.,-1.));
#7596=DIRECTION('',(0.,0.,1.));
#7597=DIRECTION('',(0.,0.,1.));
#7598=DIRECTION('',(1.,0.,0.));
#7599=DIRECTION('',(0.,0.,1.));
#7600=DIRECTION('',(-1.,0.,0.));
#7601=DIRECTION('',(0.,0.,1.));
#7602=DIRECTION('',(0.,0.,1.));
#7603=DIRECTION('',(0.,0.,1.));
#7604=DIRECTION('',(1.,0.,0.));
#7605=DIRECTION('',(0.,-1.,0.));
#7606=DIRECTION('',(0.,0.,-1.));
#7607=DIRECTION('',(0.,0.,1.));
#7608=DIRECTION('',(0.,0.,1.));
#7609=DIRECTION('',(0.,0.,1.));
#7610=DIRECTION('',(1.,0.,0.));
#7611=DIRECTION('',(0.,0.,1.));
#7612=DIRECTION('',(-1.,0.,0.));
#7613=DIRECTION('',(0.,0.,1.));
#7614=DIRECTION('',(0.,0.,1.));
#7615=DIRECTION('',(0.,0.,1.));
#7616=DIRECTION('',(1.,0.,0.));
#7617=DIRECTION('',(0.,0.,1.));
#7618=DIRECTION('',(0.,-1.,0.));
#7619=DIRECTION('',(0.,0.,-1.));
#7620=DIRECTION('',(0.,0.,1.));
#7621=DIRECTION('',(0.,0.,1.));
#7622=DIRECTION('',(1.,0.,0.));
#7623=DIRECTION('',(0.,0.,1.));
#7624=DIRECTION('',(-1.,0.,0.));
#7625=DIRECTION('',(0.,0.,1.));
#7626=DIRECTION('',(0.,0.,1.));
#7627=DIRECTION('',(0.,0.,1.));
#7628=DIRECTION('',(1.,0.,0.));
#7629=DIRECTION('',(0.,-1.,0.));
#7630=DIRECTION('',(0.,0.,-1.));
#7631=DIRECTION('',(0.,0.,1.));
#7632=DIRECTION('',(0.,0.,1.));
#7633=DIRECTION('',(0.,0.,1.));
#7634=DIRECTION('',(1.,0.,0.));
#7635=DIRECTION('',(0.,0.,1.));
#7636=DIRECTION('',(-1.,0.,0.));
#7637=DIRECTION('',(0.,0.,1.));
#7638=DIRECTION('',(0.,0.,1.));
#7639=DIRECTION('',(0.,0.,1.));
#7640=DIRECTION('',(1.,0.,0.));
#7641=DIRECTION('',(0.,0.,1.));
#7642=DIRECTION('',(0.,-1.,0.));
#7643=DIRECTION('',(0.,0.,-1.));
#7644=DIRECTION('',(0.,0.,1.));
#7645=DIRECTION('',(0.,0.,1.));
#7646=DIRECTION('',(1.,0.,0.));
#7647=DIRECTION('',(0.,0.,1.));
#7648=DIRECTION('',(-1.,0.,0.));
#7649=DIRECTION('',(0.,0.,1.));
#7650=DIRECTION('',(0.,0.,1.));
#7651=DIRECTION('',(0.,0.,1.));
#7652=DIRECTION('',(1.,0.,0.));
#7653=DIRECTION('',(0.,-1.,0.));
#7654=DIRECTION('',(0.,0.,-1.));
#7655=DIRECTION('',(0.,0.,1.));
#7656=DIRECTION('',(0.,0.,1.));
#7657=DIRECTION('',(0.,0.,1.));
#7658=DIRECTION('',(1.,0.,0.));
#7659=DIRECTION('',(0.,0.,1.));
#7660=DIRECTION('',(-1.,0.,0.));
#7661=DIRECTION('',(0.,0.,1.));
#7662=DIRECTION('',(0.,0.,1.));
#7663=DIRECTION('',(0.,0.,1.));
#7664=DIRECTION('',(1.,0.,0.));
#7665=DIRECTION('',(0.,0.,1.));
#7666=DIRECTION('',(0.,-1.,0.));
#7667=DIRECTION('',(0.,0.,-1.));
#7668=DIRECTION('',(0.,0.,1.));
#7669=DIRECTION('',(0.,0.,1.));
#7670=DIRECTION('',(1.,0.,0.));
#7671=DIRECTION('',(0.,0.,1.));
#7672=DIRECTION('',(-1.,0.,0.));
#7673=DIRECTION('',(0.,0.,1.));
#7674=DIRECTION('',(0.,0.,1.));
#7675=DIRECTION('',(0.,0.,1.));
#7676=DIRECTION('',(1.,0.,0.));
#7677=DIRECTION('',(0.,-1.,0.));
#7678=DIRECTION('',(0.,0.,-1.));
#7679=DIRECTION('',(0.,0.,1.));
#7680=DIRECTION('',(0.,0.,1.));
#7681=DIRECTION('',(0.,0.,1.));
#7682=DIRECTION('',(1.,0.,0.));
#7683=DIRECTION('',(0.,0.,1.));
#7684=DIRECTION('',(-1.,0.,0.));
#7685=DIRECTION('',(0.,0.,1.));
#7686=DIRECTION('',(0.,0.,1.));
#7687=DIRECTION('',(0.,0.,1.));
#7688=DIRECTION('',(1.,0.,0.));
#7689=DIRECTION('',(0.,0.,1.));
#7690=DIRECTION('',(0.,-1.,0.));
#7691=DIRECTION('',(0.,0.,-1.));
#7692=DIRECTION('',(0.,0.,1.));
#7693=DIRECTION('',(0.,0.,1.));
#7694=DIRECTION('',(1.,0.,0.));
#7695=DIRECTION('',(0.,0.,1.));
#7696=DIRECTION('',(-1.,0.,0.));
#7697=DIRECTION('',(0.,0.,1.));
#7698=DIRECTION('',(0.,0.,1.));
#7699=DIRECTION('',(0.,0.,1.));
#7700=DIRECTION('',(1.,0.,0.));
#7701=DIRECTION('',(0.,-1.,0.));
#7702=DIRECTION('',(0.,0.,-1.));
#7703=DIRECTION('',(0.,0.,1.));
#7704=DIRECTION('',(0.,0.,1.));
#7705=DIRECTION('',(0.,0.,1.));
#7706=DIRECTION('',(1.,0.,0.));
#7707=DIRECTION('',(0.,0.,1.));
#7708=DIRECTION('',(-1.,0.,0.));
#7709=DIRECTION('',(0.,0.,1.));
#7710=DIRECTION('',(0.,0.,1.));
#7711=DIRECTION('',(0.,0.,1.));
#7712=DIRECTION('',(1.,0.,0.));
#7713=DIRECTION('',(0.,0.,1.));
#7714=DIRECTION('',(0.,-1.,0.));
#7715=DIRECTION('',(0.,0.,-1.));
#7716=DIRECTION('',(0.,0.,1.));
#7717=DIRECTION('',(0.,0.,1.));
#7718=DIRECTION('',(1.,0.,0.));
#7719=DIRECTION('',(0.,0.,1.));
#7720=DIRECTION('',(-1.,0.,0.));
#7721=DIRECTION('',(0.,0.,1.));
#7722=DIRECTION('',(0.,0.,1.));
#7723=DIRECTION('',(0.,0.,1.));
#7724=DIRECTION('',(1.,0.,0.));
#7725=DIRECTION('',(1.,0.,0.));
#7726=DIRECTION('',(0.,0.,-1.));
#7727=DIRECTION('',(0.,0.,-1.));
#7728=DIRECTION('',(0.,0.,-1.));
#7729=DIRECTION('',(1.,0.,0.));
#7730=DIRECTION('',(0.,0.,-1.));
#7731=DIRECTION('',(0.,0.,-1.));
#7732=DIRECTION('',(0.,0.,-1.));
#7733=DIRECTION('',(0.,1.,0.));
#7734=DIRECTION('',(-1.,0.,0.));
#7735=DIRECTION('',(0.,0.,-1.));
#7736=DIRECTION('',(0.,0.,-1.));
#7737=DIRECTION('',(0.,0.,1.));
#7738=DIRECTION('',(1.,0.,0.));
#7739=DIRECTION('',(0.,0.,-1.));
#7740=DIRECTION('',(-1.,0.,0.));
#7741=DIRECTION('',(0.,0.,-1.));
#7742=DIRECTION('',(-1.,0.,0.));
#7743=DIRECTION('',(0.,0.,1.));
#7744=DIRECTION('',(1.,0.,0.));
#7745=DIRECTION('',(0.,0.,1.));
#7746=DIRECTION('',(1.,0.,0.));
#7747=DIRECTION('',(0.,0.,1.));
#7748=DIRECTION('',(1.,0.,0.));
#7749=DIRECTION('',(0.,0.,1.));
#7750=DIRECTION('',(1.,0.,0.));
#7751=DIRECTION('',(0.,0.,1.));
#7752=DIRECTION('',(1.,0.,0.));
#7753=DIRECTION('',(0.,0.,1.));
#7754=DIRECTION('',(1.,0.,0.));
#7755=DIRECTION('',(0.,0.,1.));
#7756=DIRECTION('',(1.,0.,0.));
#7757=CARTESIAN_POINT('',(0.,0.,0.));
#7758=CARTESIAN_POINT('',(-0.0300343102693558,0.03845,-0.022));
#7759=CARTESIAN_POINT('',(-0.0300343102693558,0.03845,0.));
#7760=CARTESIAN_POINT('',(-0.0290843102693558,0.03845,0.));
#7761=CARTESIAN_POINT('',(-0.0300343102693558,0.03845,0.002));
#7762=CARTESIAN_POINT('',(-0.0290843102693558,0.03845,0.002));
#7763=CARTESIAN_POINT('',(-0.0300343102693558,-0.00105,-0.022));
#7764=CARTESIAN_POINT('',(-0.0300343102693558,-0.00105,0.));
#7765=CARTESIAN_POINT('',(-0.0290843102693558,-0.00105,0.));
#7766=CARTESIAN_POINT('',(-0.0300343102693558,-0.00105,0.002));
#7767=CARTESIAN_POINT('',(-0.0290843102693558,-0.00105,0.002));
#7768=CARTESIAN_POINT('',(0.0239656897306442,-0.02745,-0.022));
#7769=CARTESIAN_POINT('',(0.0239656897306442,-0.02745,0.));
#7770=CARTESIAN_POINT('',(0.0249156897306442,-0.02745,0.));
#7771=CARTESIAN_POINT('',(0.0239656897306442,-0.02745,0.002));
#7772=CARTESIAN_POINT('',(0.0249156897306442,-0.02745,0.002));
#7773=CARTESIAN_POINT('',(0.167465689730644,-0.02745,-0.022));
#7774=CARTESIAN_POINT('',(0.167465689730644,-0.02745,0.));
#7775=CARTESIAN_POINT('',(0.168415689730644,-0.02745,0.));
#7776=CARTESIAN_POINT('',(0.167465689730644,-0.02745,0.002));
#7777=CARTESIAN_POINT('',(0.168415689730644,-0.02745,0.002));
#7778=CARTESIAN_POINT('',(0.221465689730644,-0.00105,-0.022));
#7779=CARTESIAN_POINT('',(0.221465689730644,-0.00105,0.));
#7780=CARTESIAN_POINT('',(0.222415689730644,-0.00105,0.));
#7781=CARTESIAN_POINT('',(0.221465689730644,-0.00105,0.002));
#7782=CARTESIAN_POINT('',(0.222415689730644,-0.00105,0.002));
#7783=CARTESIAN_POINT('',(0.221465689730644,0.03845,-0.022));
#7784=CARTESIAN_POINT('',(0.221465689730644,0.03845,0.));
#7785=CARTESIAN_POINT('',(0.222415689730644,0.03845,0.));
#7786=CARTESIAN_POINT('',(0.221465689730644,0.03845,0.002));
#7787=CARTESIAN_POINT('',(0.222415689730644,0.03845,0.002));
#7788=CARTESIAN_POINT('',(0.0957156897306442,0.0404,0.003));
#7789=CARTESIAN_POINT('',(0.0957156897306442,0.0404,0.003));
#7790=CARTESIAN_POINT('',(-0.0299843102693558,0.0404,0.003));
#7791=CARTESIAN_POINT('',(0.0810156897306442,0.0404,0.003));
#7792=CARTESIAN_POINT('',(0.0810156897306442,0.0404,0.003));
#7793=CARTESIAN_POINT('',(0.0810156897306442,0.0404,0.));
#7794=CARTESIAN_POINT('',(0.0957156897306442,0.0404,0.));
#7795=CARTESIAN_POINT('',(-0.0299843102693558,0.0404,0.));
#7796=CARTESIAN_POINT('',(-0.0299843102693558,0.0404,0.003));
#7797=CARTESIAN_POINT('',(0.0957156897306442,0.0055,0.003));
#7798=CARTESIAN_POINT('',(0.0830156897306442,0.0055,0.003));
#7799=CARTESIAN_POINT('',(0.0830156897306442,-0.0156,0.003));
#7800=CARTESIAN_POINT('',(0.0830156897306442,0.0384,0.003));
#7801=CARTESIAN_POINT('',(0.0810156897306442,0.0384,0.003));
#7802=CARTESIAN_POINT('',(-0.0299843102693558,0.0384,0.003));
#7803=CARTESIAN_POINT('',(-0.0319843102693558,0.0384,0.003));
#7804=CARTESIAN_POINT('',(-0.0319843102693558,0.0187,0.003));
#7805=CARTESIAN_POINT('',(-0.0319843102693558,-0.001,0.003));
#7806=CARTESIAN_POINT('',(-0.0299843102693558,-0.001,0.003));
#7807=CARTESIAN_POINT('',(-0.0299843102693558,-0.003,0.003));
#7808=CARTESIAN_POINT('',(-0.00498431026935578,-0.003,0.003));
#7809=CARTESIAN_POINT('',(0.0200156897306442,-0.003,0.003));
#7810=CARTESIAN_POINT('',(0.0200156897306442,-0.005,0.003));
#7811=CARTESIAN_POINT('',(0.0220156897306442,-0.005,0.003));
#7812=CARTESIAN_POINT('',(0.0220156897306442,-0.0162,0.003));
#7813=CARTESIAN_POINT('',(0.0220156897306442,-0.0274,0.003));
#7814=CARTESIAN_POINT('',(0.0240156897306442,-0.0274,0.003));
#7815=CARTESIAN_POINT('',(0.0240156897306442,-0.0294,0.003));
#7816=CARTESIAN_POINT('',(0.0957156897306442,-0.0294,0.003));
#7817=CARTESIAN_POINT('',(0.167415689730644,-0.0294,0.003));
#7818=CARTESIAN_POINT('',(0.167415689730644,-0.0274,0.003));
#7819=CARTESIAN_POINT('',(0.169415689730644,-0.0274,0.003));
#7820=CARTESIAN_POINT('',(0.169415689730644,-0.0162,0.003));
#7821=CARTESIAN_POINT('',(0.169415689730644,-0.005,0.003));
#7822=CARTESIAN_POINT('',(0.171415689730644,-0.005,0.003));
#7823=CARTESIAN_POINT('',(0.171415689730644,-0.003,0.003));
#7824=CARTESIAN_POINT('',(0.196415689730644,-0.003,0.003));
#7825=CARTESIAN_POINT('',(0.221415689730644,-0.003,0.003));
#7826=CARTESIAN_POINT('',(0.221415689730644,-0.001,0.003));
#7827=CARTESIAN_POINT('',(0.223415689730644,-0.001,0.003));
#7828=CARTESIAN_POINT('',(0.223415689730644,0.0187,0.003));
#7829=CARTESIAN_POINT('',(0.223415689730644,0.0384,0.003));
#7830=CARTESIAN_POINT('',(0.221415689730644,0.0384,0.003));
#7831=CARTESIAN_POINT('',(0.221415689730644,0.0404,0.003));
#7832=CARTESIAN_POINT('',(0.0957156897306442,0.0404,0.003));
#7833=CARTESIAN_POINT('',(0.110415689730644,0.0404,0.003));
#7834=CARTESIAN_POINT('',(0.110415689730644,0.0384,0.003));
#7835=CARTESIAN_POINT('',(0.108415689730644,0.0384,0.003));
#7836=CARTESIAN_POINT('',(0.108415689730644,0.0055,0.003));
#7837=CARTESIAN_POINT('',(0.108415689730644,-0.0156,0.003));
#7838=CARTESIAN_POINT('',(0.106415689730644,-0.0156,0.003));
#7839=CARTESIAN_POINT('',(0.106415689730644,-0.0176,0.003));
#7840=CARTESIAN_POINT('',(0.0957156897306442,-0.0176,0.003));
#7841=CARTESIAN_POINT('',(0.0850156897306442,-0.0176,0.003));
#7842=CARTESIAN_POINT('',(0.0850156897306442,-0.0156,0.003));
#7843=CARTESIAN_POINT('',(-0.025484,0.0335,0.003));
#7844=CARTESIAN_POINT('',(-0.025484,0.034,0.003));
#7845=CARTESIAN_POINT('',(-0.025984,0.0335,0.003));
#7846=CARTESIAN_POINT('',(-0.018984,0.034,0.003));
#7847=CARTESIAN_POINT('',(-0.012484,0.034,0.003));
#7848=CARTESIAN_POINT('',(-0.012484,0.0335,0.003));
#7849=CARTESIAN_POINT('',(-0.011984,0.0335,0.003));
#7850=CARTESIAN_POINT('',(-0.011984,0.027,0.003));
#7851=CARTESIAN_POINT('',(-0.011984,0.0205,0.003));
#7852=CARTESIAN_POINT('',(-0.012484,0.0205,0.003));
#7853=CARTESIAN_POINT('',(-0.012484,0.02,0.003));
#7854=CARTESIAN_POINT('',(-0.018984,0.02,0.003));
#7855=CARTESIAN_POINT('',(-0.025484,0.02,0.003));
#7856=CARTESIAN_POINT('',(-0.025484,0.0205,0.003));
#7857=CARTESIAN_POINT('',(-0.025984,0.0205,0.003));
#7858=CARTESIAN_POINT('',(-0.025984,0.027,0.003));
#7859=CARTESIAN_POINT('',(0.184696,0.0165,0.003));
#7860=CARTESIAN_POINT('',(0.184696,0.017,0.003));
#7861=CARTESIAN_POINT('',(0.184196,0.0165,0.003));
#7862=CARTESIAN_POINT('',(0.191196,0.017,0.003));
#7863=CARTESIAN_POINT('',(0.197696,0.017,0.003));
#7864=CARTESIAN_POINT('',(0.197696,0.0165,0.003));
#7865=CARTESIAN_POINT('',(0.198196,0.0165,0.003));
#7866=CARTESIAN_POINT('',(0.198196,0.01,0.003));
#7867=CARTESIAN_POINT('',(0.198196,0.0035,0.003));
#7868=CARTESIAN_POINT('',(0.197696,0.0035,0.003));
#7869=CARTESIAN_POINT('',(0.197696,0.003,0.003));
#7870=CARTESIAN_POINT('',(0.191196,0.003,0.003));
#7871=CARTESIAN_POINT('',(0.184696,0.003,0.003));
#7872=CARTESIAN_POINT('',(0.184696,0.0035,0.003));
#7873=CARTESIAN_POINT('',(0.184196,0.0035,0.003));
#7874=CARTESIAN_POINT('',(0.184196,0.01,0.003));
#7875=CARTESIAN_POINT('',(0.202696,0.0165,0.003));
#7876=CARTESIAN_POINT('',(0.202696,0.017,0.003));
#7877=CARTESIAN_POINT('',(0.202196,0.0165,0.003));
#7878=CARTESIAN_POINT('',(0.209196,0.017,0.003));
#7879=CARTESIAN_POINT('',(0.215696,0.017,0.003));
#7880=CARTESIAN_POINT('',(0.215696,0.0165,0.003));
#7881=CARTESIAN_POINT('',(0.216196,0.0165,0.003));
#7882=CARTESIAN_POINT('',(0.216196,0.01,0.003));
#7883=CARTESIAN_POINT('',(0.216196,0.0035,0.003));
#7884=CARTESIAN_POINT('',(0.215696,0.0035,0.003));
#7885=CARTESIAN_POINT('',(0.215696,0.003,0.003));
#7886=CARTESIAN_POINT('',(0.209196,0.003,0.003));
#7887=CARTESIAN_POINT('',(0.202696,0.003,0.003));
#7888=CARTESIAN_POINT('',(0.202696,0.00349999999999995,0.003));
#7889=CARTESIAN_POINT('',(0.202196,0.0035,0.003));
#7890=CARTESIAN_POINT('',(0.202196,0.01,0.003));
#7891=CARTESIAN_POINT('',(0.202696,0.0335,0.003));
#7892=CARTESIAN_POINT('',(0.202696,0.034,0.003));
#7893=CARTESIAN_POINT('',(0.202196,0.0335,0.003));
#7894=CARTESIAN_POINT('',(0.209196,0.034,0.003));
#7895=CARTESIAN_POINT('',(0.215696,0.034,0.003));
#7896=CARTESIAN_POINT('',(0.215696,0.0335,0.003));
#7897=CARTESIAN_POINT('',(0.216196,0.0335,0.003));
#7898=CARTESIAN_POINT('',(0.216196,0.027,0.003));
#7899=CARTESIAN_POINT('',(0.216196,0.0205,0.003));
#7900=CARTESIAN_POINT('',(0.215696,0.0205,0.003));
#7901=CARTESIAN_POINT('',(0.215696,0.02,0.003));
#7902=CARTESIAN_POINT('',(0.209196,0.02,0.003));
#7903=CARTESIAN_POINT('',(0.202696,0.02,0.003));
#7904=CARTESIAN_POINT('',(0.202696,0.0205,0.003));
#7905=CARTESIAN_POINT('',(0.202196,0.0205,0.003));
#7906=CARTESIAN_POINT('',(0.202196,0.027,0.003));
#7907=CARTESIAN_POINT('',(0.113916,-0.0099,0.003));
#7908=CARTESIAN_POINT('',(0.113916,-0.0094,0.003));
#7909=CARTESIAN_POINT('',(0.113416,-0.0099,0.003));
#7910=CARTESIAN_POINT('',(0.120416,-0.0094,0.003));
#7911=CARTESIAN_POINT('',(0.126916,-0.0094,0.003));
#7912=CARTESIAN_POINT('',(0.126916,-0.0099,0.003));
#7913=CARTESIAN_POINT('',(0.127416,-0.0099,0.003));
#7914=CARTESIAN_POINT('',(0.127416,-0.0164,0.003));
#7915=CARTESIAN_POINT('',(0.127416,-0.0229,0.003));
#7916=CARTESIAN_POINT('',(0.126916,-0.0229,0.003));
#7917=CARTESIAN_POINT('',(0.126916,-0.0234,0.003));
#7918=CARTESIAN_POINT('',(0.120416,-0.0234,0.003));
#7919=CARTESIAN_POINT('',(0.113916,-0.0234,0.003));
#7920=CARTESIAN_POINT('',(0.113916,-0.0229,0.003));
#7921=CARTESIAN_POINT('',(0.113416,-0.0229,0.003));
#7922=CARTESIAN_POINT('',(0.113416,-0.0164,0.003));
#7923=CARTESIAN_POINT('',(0.184696,0.0335,0.003));
#7924=CARTESIAN_POINT('',(0.184696,0.034,0.003));
#7925=CARTESIAN_POINT('',(0.184196,0.0335,0.003));
#7926=CARTESIAN_POINT('',(0.191196,0.034,0.003));
#7927=CARTESIAN_POINT('',(0.197696,0.034,0.003));
#7928=CARTESIAN_POINT('',(0.197696,0.0335,0.003));
#7929=CARTESIAN_POINT('',(0.198196,0.0335,0.003));
#7930=CARTESIAN_POINT('',(0.198196,0.027,0.003));
#7931=CARTESIAN_POINT('',(0.198196,0.0205,0.003));
#7932=CARTESIAN_POINT('',(0.197696,0.0205,0.003));
#7933=CARTESIAN_POINT('',(0.197696,0.02,0.003));
#7934=CARTESIAN_POINT('',(0.191196,0.02,0.003));
#7935=CARTESIAN_POINT('',(0.184696,0.02,0.003));
#7936=CARTESIAN_POINT('',(0.184696,0.0205,0.003));
#7937=CARTESIAN_POINT('',(0.184196,0.0205,0.003));
#7938=CARTESIAN_POINT('',(0.184196,0.027,0.003));
#7939=CARTESIAN_POINT('',(0.166696,0.0335,0.003));
#7940=CARTESIAN_POINT('',(0.166696,0.034,0.003));
#7941=CARTESIAN_POINT('',(0.166196,0.0335,0.003));
#7942=CARTESIAN_POINT('',(0.173196,0.034,0.003));
#7943=CARTESIAN_POINT('',(0.179696,0.034,0.003));
#7944=CARTESIAN_POINT('',(0.179696,0.0335,0.003));
#7945=CARTESIAN_POINT('',(0.180196,0.0335,0.003));
#7946=CARTESIAN_POINT('',(0.180196,0.027,0.003));
#7947=CARTESIAN_POINT('',(0.180196,0.0205,0.003));
#7948=CARTESIAN_POINT('',(0.179696,0.0205,0.003));
#7949=CARTESIAN_POINT('',(0.179696,0.02,0.003));
#7950=CARTESIAN_POINT('',(0.173196,0.02,0.003));
#7951=CARTESIAN_POINT('',(0.166696,0.02,0.003));
#7952=CARTESIAN_POINT('',(0.166696,0.0205,0.003));
#7953=CARTESIAN_POINT('',(0.166196,0.0205,0.003));
#7954=CARTESIAN_POINT('',(0.166196,0.027,0.003));
#7955=CARTESIAN_POINT('',(0.166696,0.0165,0.003));
#7956=CARTESIAN_POINT('',(0.166696,0.017,0.003));
#7957=CARTESIAN_POINT('',(0.166196,0.0165,0.003));
#7958=CARTESIAN_POINT('',(0.173196,0.017,0.003));
#7959=CARTESIAN_POINT('',(0.179696,0.017,0.003));
#7960=CARTESIAN_POINT('',(0.179696,0.0165,0.003));
#7961=CARTESIAN_POINT('',(0.180196,0.0165,0.003));
#7962=CARTESIAN_POINT('',(0.180196,0.01,0.003));
#7963=CARTESIAN_POINT('',(0.180196,0.0035,0.003));
#7964=CARTESIAN_POINT('',(0.179696,0.00350000000000005,0.003));
#7965=CARTESIAN_POINT('',(0.179696,0.003,0.003));
#7966=CARTESIAN_POINT('',(0.173196,0.003,0.003));
#7967=CARTESIAN_POINT('',(0.166696,0.003,0.003));
#7968=CARTESIAN_POINT('',(0.166696,0.0035,0.003));
#7969=CARTESIAN_POINT('',(0.166196,0.0035,0.003));
#7970=CARTESIAN_POINT('',(0.166196,0.01,0.003));
#7971=CARTESIAN_POINT('',(0.148696,0.0165,0.003));
#7972=CARTESIAN_POINT('',(0.148696,0.017,0.003));
#7973=CARTESIAN_POINT('',(0.148196,0.0165,0.003));
#7974=CARTESIAN_POINT('',(0.155196,0.017,0.003));
#7975=CARTESIAN_POINT('',(0.161696,0.017,0.003));
#7976=CARTESIAN_POINT('',(0.161696,0.0165,0.003));
#7977=CARTESIAN_POINT('',(0.162196,0.0165,0.003));
#7978=CARTESIAN_POINT('',(0.162196,0.01,0.003));
#7979=CARTESIAN_POINT('',(0.162196,0.0035,0.003));
#7980=CARTESIAN_POINT('',(0.161696,0.0035,0.003));
#7981=CARTESIAN_POINT('',(0.161696,0.003,0.003));
#7982=CARTESIAN_POINT('',(0.155196,0.003,0.003));
#7983=CARTESIAN_POINT('',(0.148696,0.003,0.003));
#7984=CARTESIAN_POINT('',(0.148696,0.0035,0.003));
#7985=CARTESIAN_POINT('',(0.148196,0.0035,0.003));
#7986=CARTESIAN_POINT('',(0.148196,0.01,0.003));
#7987=CARTESIAN_POINT('',(0.064516,-0.0099,0.003));
#7988=CARTESIAN_POINT('',(0.064516,-0.0094,0.003));
#7989=CARTESIAN_POINT('',(0.064016,-0.0099,0.003));
#7990=CARTESIAN_POINT('',(0.071016,-0.0094,0.003));
#7991=CARTESIAN_POINT('',(0.077516,-0.0094,0.003));
#7992=CARTESIAN_POINT('',(0.077516,-0.0099,0.003));
#7993=CARTESIAN_POINT('',(0.078016,-0.0099,0.003));
#7994=CARTESIAN_POINT('',(0.078016,-0.0164,0.003));
#7995=CARTESIAN_POINT('',(0.078016,-0.0229,0.003));
#7996=CARTESIAN_POINT('',(0.077516,-0.0229,0.003));
#7997=CARTESIAN_POINT('',(0.077516,-0.0234,0.003));
#7998=CARTESIAN_POINT('',(0.071016,-0.0234,0.003));
#7999=CARTESIAN_POINT('',(0.064516,-0.0234,0.003));
#8000=CARTESIAN_POINT('',(0.064516,-0.0229,0.003));
#8001=CARTESIAN_POINT('',(0.064016,-0.0229,0.003));
#8002=CARTESIAN_POINT('',(0.064016,-0.0164,0.003));
#8003=CARTESIAN_POINT('',(0.046516,-0.0099,0.003));
#8004=CARTESIAN_POINT('',(0.046516,-0.0094,0.003));
#8005=CARTESIAN_POINT('',(0.046016,-0.0099,0.003));
#8006=CARTESIAN_POINT('',(0.053016,-0.0094,0.003));
#8007=CARTESIAN_POINT('',(0.059516,-0.0094,0.003));
#8008=CARTESIAN_POINT('',(0.059516,-0.0099,0.003));
#8009=CARTESIAN_POINT('',(0.060016,-0.0099,0.003));
#8010=CARTESIAN_POINT('',(0.060016,-0.0164,0.003));
#8011=CARTESIAN_POINT('',(0.060016,-0.0229,0.003));
#8012=CARTESIAN_POINT('',(0.059516,-0.0229,0.003));
#8013=CARTESIAN_POINT('',(0.059516,-0.0234,0.003));
#8014=CARTESIAN_POINT('',(0.053016,-0.0234,0.003));
#8015=CARTESIAN_POINT('',(0.046516,-0.0234,0.003));
#8016=CARTESIAN_POINT('',(0.046516,-0.0229,0.003));
#8017=CARTESIAN_POINT('',(0.046016,-0.0229,0.003));
#8018=CARTESIAN_POINT('',(0.046016,-0.0164,0.003));
#8019=CARTESIAN_POINT('',(0.028516,-0.0099,0.003));
#8020=CARTESIAN_POINT('',(0.028516,-0.0094,0.003));
#8021=CARTESIAN_POINT('',(0.028016,-0.0099,0.003));
#8022=CARTESIAN_POINT('',(0.035016,-0.0094,0.003));
#8023=CARTESIAN_POINT('',(0.041516,-0.0094,0.003));
#8024=CARTESIAN_POINT('',(0.041516,-0.0099,0.003));
#8025=CARTESIAN_POINT('',(0.042016,-0.0099,0.003));
#8026=CARTESIAN_POINT('',(0.042016,-0.0164,0.003));
#8027=CARTESIAN_POINT('',(0.042016,-0.0229,0.003));
#8028=CARTESIAN_POINT('',(0.041516,-0.0229,0.003));
#8029=CARTESIAN_POINT('',(0.041516,-0.0234,0.003));
#8030=CARTESIAN_POINT('',(0.035016,-0.0234,0.003));
#8031=CARTESIAN_POINT('',(0.028516,-0.0234,0.003));
#8032=CARTESIAN_POINT('',(0.028516,-0.0229,0.003));
#8033=CARTESIAN_POINT('',(0.028016,-0.0229,0.003));
#8034=CARTESIAN_POINT('',(0.028016,-0.0164,0.003));
#8035=CARTESIAN_POINT('',(0.149916,-0.0099,0.003));
#8036=CARTESIAN_POINT('',(0.149916,-0.0094,0.003));
#8037=CARTESIAN_POINT('',(0.149416,-0.0099,0.003));
#8038=CARTESIAN_POINT('',(0.156416,-0.0094,0.003));
#8039=CARTESIAN_POINT('',(0.162916,-0.0094,0.003));
#8040=CARTESIAN_POINT('',(0.162916,-0.0099,0.003));
#8041=CARTESIAN_POINT('',(0.163416,-0.0099,0.003));
#8042=CARTESIAN_POINT('',(0.163416,-0.0164,0.003));
#8043=CARTESIAN_POINT('',(0.163416,-0.0229,0.003));
#8044=CARTESIAN_POINT('',(0.162916,-0.0229,0.003));
#8045=CARTESIAN_POINT('',(0.162916,-0.0234,0.003));
#8046=CARTESIAN_POINT('',(0.156416,-0.0234,0.003));
#8047=CARTESIAN_POINT('',(0.149916,-0.0234,0.003));
#8048=CARTESIAN_POINT('',(0.149916,-0.0229,0.003));
#8049=CARTESIAN_POINT('',(0.149416,-0.0229,0.003));
#8050=CARTESIAN_POINT('',(0.149416,-0.0164,0.003));
#8051=CARTESIAN_POINT('',(0.131916,-0.0099,0.003));
#8052=CARTESIAN_POINT('',(0.131916,-0.0094,0.003));
#8053=CARTESIAN_POINT('',(0.131416,-0.0099,0.003));
#8054=CARTESIAN_POINT('',(0.138416,-0.0094,0.003));
#8055=CARTESIAN_POINT('',(0.144916,-0.0094,0.003));
#8056=CARTESIAN_POINT('',(0.144916,-0.0099,0.003));
#8057=CARTESIAN_POINT('',(0.145416,-0.0099,0.003));
#8058=CARTESIAN_POINT('',(0.145416,-0.0164,0.003));
#8059=CARTESIAN_POINT('',(0.145416,-0.0229,0.003));
#8060=CARTESIAN_POINT('',(0.144916,-0.0229,0.003));
#8061=CARTESIAN_POINT('',(0.144916,-0.0234,0.003));
#8062=CARTESIAN_POINT('',(0.138416,-0.0234,0.003));
#8063=CARTESIAN_POINT('',(0.131916,-0.0234,0.003));
#8064=CARTESIAN_POINT('',(0.131916,-0.0229,0.003));
#8065=CARTESIAN_POINT('',(0.131416,-0.0229,0.003));
#8066=CARTESIAN_POINT('',(0.131416,-0.0164,0.003));
#8067=CARTESIAN_POINT('',(0.028516,0.0165,0.003));
#8068=CARTESIAN_POINT('',(0.028516,0.017,0.003));
#8069=CARTESIAN_POINT('',(0.028016,0.0165,0.003));
#8070=CARTESIAN_POINT('',(0.035016,0.017,0.003));
#8071=CARTESIAN_POINT('',(0.041516,0.017,0.003));
#8072=CARTESIAN_POINT('',(0.041516,0.0165,0.003));
#8073=CARTESIAN_POINT('',(0.042016,0.0165,0.003));
#8074=CARTESIAN_POINT('',(0.042016,0.01,0.003));
#8075=CARTESIAN_POINT('',(0.042016,0.0035,0.003));
#8076=CARTESIAN_POINT('',(0.041516,0.0035,0.003));
#8077=CARTESIAN_POINT('',(0.041516,0.003,0.003));
#8078=CARTESIAN_POINT('',(0.035016,0.003,0.003));
#8079=CARTESIAN_POINT('',(0.028516,0.003,0.003));
#8080=CARTESIAN_POINT('',(0.028516,0.0035,0.003));
#8081=CARTESIAN_POINT('',(0.028016,0.0035,0.003));
#8082=CARTESIAN_POINT('',(0.028016,0.01,0.003));
#8083=CARTESIAN_POINT('',(0.046516,0.0165,0.003));
#8084=CARTESIAN_POINT('',(0.046516,0.017,0.003));
#8085=CARTESIAN_POINT('',(0.046016,0.0165,0.003));
#8086=CARTESIAN_POINT('',(0.053016,0.017,0.003));
#8087=CARTESIAN_POINT('',(0.059516,0.017,0.003));
#8088=CARTESIAN_POINT('',(0.059516,0.0165,0.003));
#8089=CARTESIAN_POINT('',(0.060016,0.0165,0.003));
#8090=CARTESIAN_POINT('',(0.060016,0.01,0.003));
#8091=CARTESIAN_POINT('',(0.060016,0.0035,0.003));
#8092=CARTESIAN_POINT('',(0.059516,0.0035,0.003));
#8093=CARTESIAN_POINT('',(0.059516,0.003,0.003));
#8094=CARTESIAN_POINT('',(0.053016,0.003,0.003));
#8095=CARTESIAN_POINT('',(0.046516,0.003,0.003));
#8096=CARTESIAN_POINT('',(0.046516,0.0035,0.003));
#8097=CARTESIAN_POINT('',(0.046016,0.0035,0.003));
#8098=CARTESIAN_POINT('',(0.046016,0.01,0.003));
#8099=CARTESIAN_POINT('',(0.064516,0.0165,0.003));
#8100=CARTESIAN_POINT('',(0.064516,0.017,0.003));
#8101=CARTESIAN_POINT('',(0.064016,0.0165,0.003));
#8102=CARTESIAN_POINT('',(0.071016,0.017,0.003));
#8103=CARTESIAN_POINT('',(0.077516,0.017,0.003));
#8104=CARTESIAN_POINT('',(0.077516,0.0165,0.003));
#8105=CARTESIAN_POINT('',(0.078016,0.0165,0.003));
#8106=CARTESIAN_POINT('',(0.078016,0.01,0.003));
#8107=CARTESIAN_POINT('',(0.078016,0.0035,0.003));
#8108=CARTESIAN_POINT('',(0.077516,0.0035,0.003));
#8109=CARTESIAN_POINT('',(0.077516,0.003,0.003));
#8110=CARTESIAN_POINT('',(0.071016,0.003,0.003));
#8111=CARTESIAN_POINT('',(0.064516,0.003,0.003));
#8112=CARTESIAN_POINT('',(0.064516,0.0035,0.003));
#8113=CARTESIAN_POINT('',(0.064016,0.0035,0.003));
#8114=CARTESIAN_POINT('',(0.064016,0.01,0.003));
#8115=CARTESIAN_POINT('',(0.064516,0.0335,0.003));
#8116=CARTESIAN_POINT('',(0.064516,0.034,0.003));
#8117=CARTESIAN_POINT('',(0.064016,0.0335,0.003));
#8118=CARTESIAN_POINT('',(0.071016,0.034,0.003));
#8119=CARTESIAN_POINT('',(0.077516,0.034,0.003));
#8120=CARTESIAN_POINT('',(0.077516,0.0335,0.003));
#8121=CARTESIAN_POINT('',(0.078016,0.0335,0.003));
#8122=CARTESIAN_POINT('',(0.078016,0.027,0.003));
#8123=CARTESIAN_POINT('',(0.078016,0.0205,0.003));
#8124=CARTESIAN_POINT('',(0.077516,0.0205,0.003));
#8125=CARTESIAN_POINT('',(0.077516,0.02,0.003));
#8126=CARTESIAN_POINT('',(0.071016,0.02,0.003));
#8127=CARTESIAN_POINT('',(0.064516,0.02,0.003));
#8128=CARTESIAN_POINT('',(0.064516,0.0205,0.003));
#8129=CARTESIAN_POINT('',(0.064016,0.0205,0.003));
#8130=CARTESIAN_POINT('',(0.064016,0.027,0.003));
#8131=CARTESIAN_POINT('',(0.046516,0.0335,0.003));
#8132=CARTESIAN_POINT('',(0.046516,0.034,0.003));
#8133=CARTESIAN_POINT('',(0.046016,0.0335,0.003));
#8134=CARTESIAN_POINT('',(0.053016,0.034,0.003));
#8135=CARTESIAN_POINT('',(0.059516,0.034,0.003));
#8136=CARTESIAN_POINT('',(0.059516,0.0335,0.003));
#8137=CARTESIAN_POINT('',(0.060016,0.0335,0.003));
#8138=CARTESIAN_POINT('',(0.060016,0.027,0.003));
#8139=CARTESIAN_POINT('',(0.060016,0.0205,0.003));
#8140=CARTESIAN_POINT('',(0.059516,0.0205,0.003));
#8141=CARTESIAN_POINT('',(0.059516,0.02,0.003));
#8142=CARTESIAN_POINT('',(0.053016,0.02,0.003));
#8143=CARTESIAN_POINT('',(0.046516,0.02,0.003));
#8144=CARTESIAN_POINT('',(0.046516,0.0205,0.003));
#8145=CARTESIAN_POINT('',(0.046016,0.0205,0.003));
#8146=CARTESIAN_POINT('',(0.046016,0.027,0.003));
#8147=CARTESIAN_POINT('',(0.028516,0.0335,0.003));
#8148=CARTESIAN_POINT('',(0.028516,0.034,0.003));
#8149=CARTESIAN_POINT('',(0.028016,0.0335,0.003));
#8150=CARTESIAN_POINT('',(0.035016,0.034,0.003));
#8151=CARTESIAN_POINT('',(0.041516,0.034,0.003));
#8152=CARTESIAN_POINT('',(0.041516,0.0335,0.003));
#8153=CARTESIAN_POINT('',(0.042016,0.0335,0.003));
#8154=CARTESIAN_POINT('',(0.042016,0.027,0.003));
#8155=CARTESIAN_POINT('',(0.042016,0.0205,0.003));
#8156=CARTESIAN_POINT('',(0.041516,0.0205,0.003));
#8157=CARTESIAN_POINT('',(0.041516,0.02,0.003));
#8158=CARTESIAN_POINT('',(0.035016,0.02,0.003));
#8159=CARTESIAN_POINT('',(0.028516,0.02,0.003));
#8160=CARTESIAN_POINT('',(0.028516,0.0205,0.003));
#8161=CARTESIAN_POINT('',(0.028016,0.0205,0.003));
#8162=CARTESIAN_POINT('',(0.028016,0.027,0.003));
#8163=CARTESIAN_POINT('',(0.010516,0.0335,0.003));
#8164=CARTESIAN_POINT('',(0.010516,0.034,0.003));
#8165=CARTESIAN_POINT('',(0.010016,0.0335,0.003));
#8166=CARTESIAN_POINT('',(0.017016,0.034,0.003));
#8167=CARTESIAN_POINT('',(0.023516,0.034,0.003));
#8168=CARTESIAN_POINT('',(0.023516,0.0335,0.003));
#8169=CARTESIAN_POINT('',(0.024016,0.0335,0.003));
#8170=CARTESIAN_POINT('',(0.024016,0.027,0.003));
#8171=CARTESIAN_POINT('',(0.024016,0.0205,0.003));
#8172=CARTESIAN_POINT('',(0.023516,0.0205,0.003));
#8173=CARTESIAN_POINT('',(0.023516,0.02,0.003));
#8174=CARTESIAN_POINT('',(0.017016,0.02,0.003));
#8175=CARTESIAN_POINT('',(0.010516,0.02,0.003));
#8176=CARTESIAN_POINT('',(0.010516,0.0205,0.003));
#8177=CARTESIAN_POINT('',(0.010016,0.0205,0.003));
#8178=CARTESIAN_POINT('',(0.010016,0.027,0.003));
#8179=CARTESIAN_POINT('',(-0.007484,0.0335,0.003));
#8180=CARTESIAN_POINT('',(-0.007484,0.034,0.003));
#8181=CARTESIAN_POINT('',(-0.007984,0.0335,0.003));
#8182=CARTESIAN_POINT('',(-0.000984,0.034,0.003));
#8183=CARTESIAN_POINT('',(0.005516,0.034,0.003));
#8184=CARTESIAN_POINT('',(0.005516,0.0335,0.003));
#8185=CARTESIAN_POINT('',(0.006016,0.0335,0.003));
#8186=CARTESIAN_POINT('',(0.006016,0.027,0.003));
#8187=CARTESIAN_POINT('',(0.006016,0.0205,0.003));
#8188=CARTESIAN_POINT('',(0.005516,0.0205,0.003));
#8189=CARTESIAN_POINT('',(0.005516,0.02,0.003));
#8190=CARTESIAN_POINT('',(-0.000984,0.02,0.003));
#8191=CARTESIAN_POINT('',(-0.007484,0.02,0.003));
#8192=CARTESIAN_POINT('',(-0.007484,0.0205,0.003));
#8193=CARTESIAN_POINT('',(-0.007984,0.0205,0.003));
#8194=CARTESIAN_POINT('',(-0.007984,0.027,0.003));
#8195=CARTESIAN_POINT('',(0.148696,0.0335,0.003));
#8196=CARTESIAN_POINT('',(0.148696,0.034,0.003));
#8197=CARTESIAN_POINT('',(0.148196,0.0335,0.003));
#8198=CARTESIAN_POINT('',(0.155196,0.034,0.003));
#8199=CARTESIAN_POINT('',(0.161696,0.034,0.003));
#8200=CARTESIAN_POINT('',(0.161696,0.0335,0.003));
#8201=CARTESIAN_POINT('',(0.162196,0.0335,0.003));
#8202=CARTESIAN_POINT('',(0.162196,0.027,0.003));
#8203=CARTESIAN_POINT('',(0.162196,0.0205,0.003));
#8204=CARTESIAN_POINT('',(0.161696,0.0205,0.003));
#8205=CARTESIAN_POINT('',(0.161696,0.02,0.003));
#8206=CARTESIAN_POINT('',(0.155196,0.02,0.003));
#8207=CARTESIAN_POINT('',(0.148696,0.02,0.003));
#8208=CARTESIAN_POINT('',(0.148696,0.0205,0.003));
#8209=CARTESIAN_POINT('',(0.148196,0.0205,0.003));
#8210=CARTESIAN_POINT('',(0.148196,0.027,0.003));
#8211=CARTESIAN_POINT('',(0.130696,0.0335,0.003));
#8212=CARTESIAN_POINT('',(0.130696,0.034,0.003));
#8213=CARTESIAN_POINT('',(0.130196,0.0335,0.003));
#8214=CARTESIAN_POINT('',(0.137196,0.034,0.003));
#8215=CARTESIAN_POINT('',(0.143696,0.034,0.003));
#8216=CARTESIAN_POINT('',(0.143696,0.0335,0.003));
#8217=CARTESIAN_POINT('',(0.144196,0.0335,0.003));
#8218=CARTESIAN_POINT('',(0.144196,0.027,0.003));
#8219=CARTESIAN_POINT('',(0.144196,0.0205,0.003));
#8220=CARTESIAN_POINT('',(0.143696,0.0205,0.003));
#8221=CARTESIAN_POINT('',(0.143696,0.02,0.003));
#8222=CARTESIAN_POINT('',(0.137196,0.02,0.003));
#8223=CARTESIAN_POINT('',(0.130696,0.02,0.003));
#8224=CARTESIAN_POINT('',(0.130696,0.0205,0.003));
#8225=CARTESIAN_POINT('',(0.130196,0.0205,0.003));
#8226=CARTESIAN_POINT('',(0.130196,0.027,0.003));
#8227=CARTESIAN_POINT('',(0.130696,0.0165,0.003));
#8228=CARTESIAN_POINT('',(0.130696,0.017,0.003));
#8229=CARTESIAN_POINT('',(0.130196,0.0165,0.003));
#8230=CARTESIAN_POINT('',(0.137196,0.017,0.003));
#8231=CARTESIAN_POINT('',(0.143696,0.017,0.003));
#8232=CARTESIAN_POINT('',(0.143696,0.0165,0.003));
#8233=CARTESIAN_POINT('',(0.144196,0.0165,0.003));
#8234=CARTESIAN_POINT('',(0.144196,0.01,0.003));
#8235=CARTESIAN_POINT('',(0.144196,0.0035,0.003));
#8236=CARTESIAN_POINT('',(0.143696,0.00350000000000005,0.003));
#8237=CARTESIAN_POINT('',(0.143696,0.003,0.003));
#8238=CARTESIAN_POINT('',(0.137196,0.003,0.003));
#8239=CARTESIAN_POINT('',(0.130696,0.003,0.003));
#8240=CARTESIAN_POINT('',(0.130696,0.0035,0.003));
#8241=CARTESIAN_POINT('',(0.130196,0.0035,0.003));
#8242=CARTESIAN_POINT('',(0.130196,0.01,0.003));
#8243=CARTESIAN_POINT('',(0.112696,0.0165,0.003));
#8244=CARTESIAN_POINT('',(0.112696,0.017,0.003));
#8245=CARTESIAN_POINT('',(0.112196,0.0165,0.003));
#8246=CARTESIAN_POINT('',(0.119196,0.017,0.003));
#8247=CARTESIAN_POINT('',(0.125696,0.017,0.003));
#8248=CARTESIAN_POINT('',(0.125696,0.0165,0.003));
#8249=CARTESIAN_POINT('',(0.126196,0.0165,0.003));
#8250=CARTESIAN_POINT('',(0.126196,0.01,0.003));
#8251=CARTESIAN_POINT('',(0.126196,0.0035,0.003));
#8252=CARTESIAN_POINT('',(0.125696,0.0035,0.003));
#8253=CARTESIAN_POINT('',(0.125696,0.003,0.003));
#8254=CARTESIAN_POINT('',(0.119196,0.003,0.003));
#8255=CARTESIAN_POINT('',(0.112696,0.003,0.003));
#8256=CARTESIAN_POINT('',(0.112696,0.0035,0.003));
#8257=CARTESIAN_POINT('',(0.112196,0.0035,0.003));
#8258=CARTESIAN_POINT('',(0.112196,0.01,0.003));
#8259=CARTESIAN_POINT('',(0.010516,0.0165,0.003));
#8260=CARTESIAN_POINT('',(0.010516,0.017,0.003));
#8261=CARTESIAN_POINT('',(0.010016,0.0165,0.003));
#8262=CARTESIAN_POINT('',(0.017016,0.017,0.003));
#8263=CARTESIAN_POINT('',(0.023516,0.017,0.003));
#8264=CARTESIAN_POINT('',(0.023516,0.0165,0.003));
#8265=CARTESIAN_POINT('',(0.024016,0.0165,0.003));
#8266=CARTESIAN_POINT('',(0.024016,0.01,0.003));
#8267=CARTESIAN_POINT('',(0.024016,0.0035,0.003));
#8268=CARTESIAN_POINT('',(0.023516,0.0035,0.003));
#8269=CARTESIAN_POINT('',(0.023516,0.003,0.003));
#8270=CARTESIAN_POINT('',(0.017016,0.003,0.003));
#8271=CARTESIAN_POINT('',(0.010516,0.003,0.003));
#8272=CARTESIAN_POINT('',(0.010516,0.0035,0.003));
#8273=CARTESIAN_POINT('',(0.010016,0.0035,0.003));
#8274=CARTESIAN_POINT('',(0.010016,0.01,0.003));
#8275=CARTESIAN_POINT('',(-0.007484,0.0165,0.003));
#8276=CARTESIAN_POINT('',(-0.007484,0.017,0.003));
#8277=CARTESIAN_POINT('',(-0.007984,0.0165,0.003));
#8278=CARTESIAN_POINT('',(-0.000984,0.017,0.003));
#8279=CARTESIAN_POINT('',(0.005516,0.017,0.003));
#8280=CARTESIAN_POINT('',(0.005516,0.0165,0.003));
#8281=CARTESIAN_POINT('',(0.006016,0.0165,0.003));
#8282=CARTESIAN_POINT('',(0.006016,0.01,0.003));
#8283=CARTESIAN_POINT('',(0.006016,0.0035,0.003));
#8284=CARTESIAN_POINT('',(0.005516,0.0035,0.003));
#8285=CARTESIAN_POINT('',(0.005516,0.003,0.003));
#8286=CARTESIAN_POINT('',(-0.000984,0.003,0.003));
#8287=CARTESIAN_POINT('',(-0.007484,0.003,0.003));
#8288=CARTESIAN_POINT('',(-0.007484,0.0035,0.003));
#8289=CARTESIAN_POINT('',(-0.007984,0.0035,0.003));
#8290=CARTESIAN_POINT('',(-0.007984,0.01,0.003));
#8291=CARTESIAN_POINT('',(-0.025484,0.0165,0.003));
#8292=CARTESIAN_POINT('',(-0.025484,0.017,0.003));
#8293=CARTESIAN_POINT('',(-0.025984,0.0165,0.003));
#8294=CARTESIAN_POINT('',(-0.018984,0.017,0.003));
#8295=CARTESIAN_POINT('',(-0.012484,0.017,0.003));
#8296=CARTESIAN_POINT('',(-0.012484,0.0165,0.003));
#8297=CARTESIAN_POINT('',(-0.011984,0.0165,0.003));
#8298=CARTESIAN_POINT('',(-0.011984,0.01,0.003));
#8299=CARTESIAN_POINT('',(-0.011984,0.0035,0.003));
#8300=CARTESIAN_POINT('',(-0.012484,0.0035,0.003));
#8301=CARTESIAN_POINT('',(-0.012484,0.003,0.003));
#8302=CARTESIAN_POINT('',(-0.018984,0.003,0.003));
#8303=CARTESIAN_POINT('',(-0.025484,0.003,0.003));
#8304=CARTESIAN_POINT('',(-0.025484,0.0035,0.003));
#8305=CARTESIAN_POINT('',(-0.025984,0.0035,0.003));
#8306=CARTESIAN_POINT('',(-0.025984,0.01,0.003));
#8307=CARTESIAN_POINT('',(0.112696,0.0335,0.003));
#8308=CARTESIAN_POINT('',(0.112696,0.034,0.003));
#8309=CARTESIAN_POINT('',(0.112196,0.0335,0.003));
#8310=CARTESIAN_POINT('',(0.119196,0.034,0.003));
#8311=CARTESIAN_POINT('',(0.125696,0.034,0.003));
#8312=CARTESIAN_POINT('',(0.125696,0.0335,0.003));
#8313=CARTESIAN_POINT('',(0.126196,0.0335,0.003));
#8314=CARTESIAN_POINT('',(0.126196,0.027,0.003));
#8315=CARTESIAN_POINT('',(0.126196,0.0205,0.003));
#8316=CARTESIAN_POINT('',(0.125696,0.0205,0.003));
#8317=CARTESIAN_POINT('',(0.125696,0.02,0.003));
#8318=CARTESIAN_POINT('',(0.119196,0.02,0.003));
#8319=CARTESIAN_POINT('',(0.112696,0.02,0.003));
#8320=CARTESIAN_POINT('',(0.112696,0.0205,0.003));
#8321=CARTESIAN_POINT('',(0.112196,0.0205,0.003));
#8322=CARTESIAN_POINT('',(0.112196,0.027,0.003));
#8323=CARTESIAN_POINT('',(0.0957156897306442,0.0055,0.));
#8324=CARTESIAN_POINT('',(0.0810156897306442,0.0384,0.));
#8325=CARTESIAN_POINT('',(0.0830156897306442,0.0384,0.));
#8326=CARTESIAN_POINT('',(0.0830156897306442,0.0055,0.));
#8327=CARTESIAN_POINT('',(0.0830156897306442,-0.0156,0.));
#8328=CARTESIAN_POINT('',(0.0850156897306442,-0.0156,0.));
#8329=CARTESIAN_POINT('',(0.0850156897306442,-0.0176,0.));
#8330=CARTESIAN_POINT('',(0.0957156897306442,-0.0176,0.));
#8331=CARTESIAN_POINT('',(0.106415689730644,-0.0176,0.));
#8332=CARTESIAN_POINT('',(0.106415689730644,-0.0156,0.));
#8333=CARTESIAN_POINT('',(0.108415689730644,-0.0156,0.));
#8334=CARTESIAN_POINT('',(0.108415689730644,0.0055,0.));
#8335=CARTESIAN_POINT('',(0.108415689730644,0.0384,0.));
#8336=CARTESIAN_POINT('',(0.110415689730644,0.0384,0.));
#8337=CARTESIAN_POINT('',(0.110415689730644,0.0404,0.));
#8338=CARTESIAN_POINT('',(0.0957156897306442,0.0404,0.));
#8339=CARTESIAN_POINT('',(0.221415689730644,0.0404,0.));
#8340=CARTESIAN_POINT('',(0.221415689730644,0.0384,0.));
#8341=CARTESIAN_POINT('',(0.223415689730644,0.0384,0.));
#8342=CARTESIAN_POINT('',(0.223415689730644,0.0187,0.));
#8343=CARTESIAN_POINT('',(0.223415689730644,-0.001,0.));
#8344=CARTESIAN_POINT('',(0.221415689730644,-0.001,0.));
#8345=CARTESIAN_POINT('',(0.221415689730644,-0.003,0.));
#8346=CARTESIAN_POINT('',(0.196415689730644,-0.003,0.));
#8347=CARTESIAN_POINT('',(0.171415689730644,-0.003,0.));
#8348=CARTESIAN_POINT('',(0.171415689730644,-0.005,0.));
#8349=CARTESIAN_POINT('',(0.169415689730644,-0.005,0.));
#8350=CARTESIAN_POINT('',(0.169415689730644,-0.0162,0.));
#8351=CARTESIAN_POINT('',(0.169415689730644,-0.0274,0.));
#8352=CARTESIAN_POINT('',(0.167415689730644,-0.0274,0.));
#8353=CARTESIAN_POINT('',(0.167415689730644,-0.0294,0.));
#8354=CARTESIAN_POINT('',(0.0957156897306442,-0.0294,0.));
#8355=CARTESIAN_POINT('',(0.0240156897306442,-0.0294,0.));
#8356=CARTESIAN_POINT('',(0.0240156897306442,-0.0274,0.));
#8357=CARTESIAN_POINT('',(0.0220156897306442,-0.0274,0.));
#8358=CARTESIAN_POINT('',(0.0220156897306442,-0.0162,0.));
#8359=CARTESIAN_POINT('',(0.0220156897306442,-0.005,0.));
#8360=CARTESIAN_POINT('',(0.0200156897306442,-0.005,0.));
#8361=CARTESIAN_POINT('',(0.0200156897306442,-0.003,0.));
#8362=CARTESIAN_POINT('',(-0.00498431026935578,-0.003,0.));
#8363=CARTESIAN_POINT('',(-0.0299843102693558,-0.003,0.));
#8364=CARTESIAN_POINT('',(-0.0299843102693558,-0.001,0.));
#8365=CARTESIAN_POINT('',(-0.0319843102693558,-0.001,0.));
#8366=CARTESIAN_POINT('',(-0.0319843102693558,0.0187,0.));
#8367=CARTESIAN_POINT('',(-0.0319843102693558,0.0384,0.));
#8368=CARTESIAN_POINT('',(-0.0299843102693558,0.0384,0.));
#8369=CARTESIAN_POINT('',(0.0957156897306442,0.017,0.));
#8370=CARTESIAN_POINT('',(-0.025484,0.017,0.));
#8371=CARTESIAN_POINT('',(-0.012484,0.017,0.));
#8372=CARTESIAN_POINT('',(-0.025484,0.0165,0.));
#8373=CARTESIAN_POINT('',(-0.025984,0.0165,0.));
#8374=CARTESIAN_POINT('',(-0.025984,0.0055,0.));
#8375=CARTESIAN_POINT('',(-0.025984,0.0035,0.));
#8376=CARTESIAN_POINT('',(-0.025484,0.0035,0.));
#8377=CARTESIAN_POINT('',(-0.025484,0.003,0.));
#8378=CARTESIAN_POINT('',(0.0957156897306442,0.003,0.));
#8379=CARTESIAN_POINT('',(-0.012484,0.003,0.));
#8380=CARTESIAN_POINT('',(-0.012484,0.0035,0.));
#8381=CARTESIAN_POINT('',(-0.011984,0.0035,0.));
#8382=CARTESIAN_POINT('',(-0.011984,0.0055,0.));
#8383=CARTESIAN_POINT('',(-0.011984,0.0165,0.));
#8384=CARTESIAN_POINT('',(-0.012484,0.0165,0.));
#8385=CARTESIAN_POINT('',(0.0957156897306442,0.017,0.));
#8386=CARTESIAN_POINT('',(0.010516,0.017,0.));
#8387=CARTESIAN_POINT('',(0.023516,0.017,0.));
#8388=CARTESIAN_POINT('',(0.010516,0.0165,0.));
#8389=CARTESIAN_POINT('',(0.010016,0.0165,0.));
#8390=CARTESIAN_POINT('',(0.010016,0.0055,0.));
#8391=CARTESIAN_POINT('',(0.010016,0.0035,0.));
#8392=CARTESIAN_POINT('',(0.010516,0.0035,0.));
#8393=CARTESIAN_POINT('',(0.010516,0.003,0.));
#8394=CARTESIAN_POINT('',(0.0957156897306442,0.003,0.));
#8395=CARTESIAN_POINT('',(0.023516,0.003,0.));
#8396=CARTESIAN_POINT('',(0.023516,0.0035,0.));
#8397=CARTESIAN_POINT('',(0.024016,0.0035,0.));
#8398=CARTESIAN_POINT('',(0.024016,0.0055,0.));
#8399=CARTESIAN_POINT('',(0.024016,0.0165,0.));
#8400=CARTESIAN_POINT('',(0.023516,0.0165,0.));
#8401=CARTESIAN_POINT('',(0.0957156897306442,0.017,0.));
#8402=CARTESIAN_POINT('',(0.130696,0.017,0.));
#8403=CARTESIAN_POINT('',(0.143696,0.017,0.));
#8404=CARTESIAN_POINT('',(0.130696,0.0165,0.));
#8405=CARTESIAN_POINT('',(0.130196,0.0165,0.));
#8406=CARTESIAN_POINT('',(0.130196,0.0055,0.));
#8407=CARTESIAN_POINT('',(0.130196,0.0035,0.));
#8408=CARTESIAN_POINT('',(0.130696,0.0035,0.));
#8409=CARTESIAN_POINT('',(0.130696,0.003,0.));
#8410=CARTESIAN_POINT('',(0.0957156897306442,0.003,0.));
#8411=CARTESIAN_POINT('',(0.143696,0.003,0.));
#8412=CARTESIAN_POINT('',(0.143696,0.00350000000000005,0.));
#8413=CARTESIAN_POINT('',(0.144196,0.0035,0.));
#8414=CARTESIAN_POINT('',(0.144196,0.0055,0.));
#8415=CARTESIAN_POINT('',(0.144196,0.0165,0.));
#8416=CARTESIAN_POINT('',(0.143696,0.0165,0.));
#8417=CARTESIAN_POINT('',(0.0957156897306442,0.034,0.));
#8418=CARTESIAN_POINT('',(0.148696,0.034,0.));
#8419=CARTESIAN_POINT('',(0.161696,0.034,0.));
#8420=CARTESIAN_POINT('',(0.148696,0.0335,0.));
#8421=CARTESIAN_POINT('',(0.148196,0.0335,0.));
#8422=CARTESIAN_POINT('',(0.148196,0.0055,0.));
#8423=CARTESIAN_POINT('',(0.148196,0.0205,0.));
#8424=CARTESIAN_POINT('',(0.148696,0.0205,0.));
#8425=CARTESIAN_POINT('',(0.148696,0.02,0.));
#8426=CARTESIAN_POINT('',(0.0957156897306442,0.02,0.));
#8427=CARTESIAN_POINT('',(0.161696,0.02,0.));
#8428=CARTESIAN_POINT('',(0.161696,0.0205,0.));
#8429=CARTESIAN_POINT('',(0.162196,0.0205,0.));
#8430=CARTESIAN_POINT('',(0.162196,0.0055,0.));
#8431=CARTESIAN_POINT('',(0.162196,0.0335,0.));
#8432=CARTESIAN_POINT('',(0.161696,0.0335,0.));
#8433=CARTESIAN_POINT('',(0.0957156897306442,0.034,0.));
#8434=CARTESIAN_POINT('',(0.010516,0.034,0.));
#8435=CARTESIAN_POINT('',(0.023516,0.034,0.));
#8436=CARTESIAN_POINT('',(0.010516,0.0335,0.));
#8437=CARTESIAN_POINT('',(0.010016,0.0335,0.));
#8438=CARTESIAN_POINT('',(0.010016,0.0055,0.));
#8439=CARTESIAN_POINT('',(0.010016,0.0205,0.));
#8440=CARTESIAN_POINT('',(0.010516,0.0205,0.));
#8441=CARTESIAN_POINT('',(0.010516,0.02,0.));
#8442=CARTESIAN_POINT('',(0.0957156897306442,0.02,0.));
#8443=CARTESIAN_POINT('',(0.023516,0.02,0.));
#8444=CARTESIAN_POINT('',(0.023516,0.0205,0.));
#8445=CARTESIAN_POINT('',(0.024016,0.0205,0.));
#8446=CARTESIAN_POINT('',(0.024016,0.0055,0.));
#8447=CARTESIAN_POINT('',(0.024016,0.0335,0.));
#8448=CARTESIAN_POINT('',(0.023516,0.0335,0.));
#8449=CARTESIAN_POINT('',(0.0957156897306442,0.034,0.));
#8450=CARTESIAN_POINT('',(0.046516,0.034,0.));
#8451=CARTESIAN_POINT('',(0.059516,0.034,0.));
#8452=CARTESIAN_POINT('',(0.046516,0.0335,0.));
#8453=CARTESIAN_POINT('',(0.046016,0.0335,0.));
#8454=CARTESIAN_POINT('',(0.046016,0.0055,0.));
#8455=CARTESIAN_POINT('',(0.046016,0.0205,0.));
#8456=CARTESIAN_POINT('',(0.046516,0.0205,0.));
#8457=CARTESIAN_POINT('',(0.046516,0.02,0.));
#8458=CARTESIAN_POINT('',(0.0957156897306442,0.02,0.));
#8459=CARTESIAN_POINT('',(0.059516,0.02,0.));
#8460=CARTESIAN_POINT('',(0.059516,0.0205,0.));
#8461=CARTESIAN_POINT('',(0.060016,0.0205,0.));
#8462=CARTESIAN_POINT('',(0.060016,0.0055,0.));
#8463=CARTESIAN_POINT('',(0.060016,0.0335,0.));
#8464=CARTESIAN_POINT('',(0.059516,0.0335,0.));
#8465=CARTESIAN_POINT('',(0.0957156897306442,0.017,0.));
#8466=CARTESIAN_POINT('',(0.064516,0.017,0.));
#8467=CARTESIAN_POINT('',(0.077516,0.017,0.));
#8468=CARTESIAN_POINT('',(0.064516,0.0165,0.));
#8469=CARTESIAN_POINT('',(0.064016,0.0165,0.));
#8470=CARTESIAN_POINT('',(0.064016,0.0055,0.));
#8471=CARTESIAN_POINT('',(0.064016,0.0035,0.));
#8472=CARTESIAN_POINT('',(0.064516,0.0035,0.));
#8473=CARTESIAN_POINT('',(0.064516,0.003,0.));
#8474=CARTESIAN_POINT('',(0.0957156897306442,0.003,0.));
#8475=CARTESIAN_POINT('',(0.077516,0.003,0.));
#8476=CARTESIAN_POINT('',(0.077516,0.0035,0.));
#8477=CARTESIAN_POINT('',(0.078016,0.0035,0.));
#8478=CARTESIAN_POINT('',(0.078016,0.0055,0.));
#8479=CARTESIAN_POINT('',(0.078016,0.0165,0.));
#8480=CARTESIAN_POINT('',(0.077516,0.0165,0.));
#8481=CARTESIAN_POINT('',(0.0957156897306442,0.017,0.));
#8482=CARTESIAN_POINT('',(0.028516,0.017,0.));
#8483=CARTESIAN_POINT('',(0.041516,0.017,0.));
#8484=CARTESIAN_POINT('',(0.028516,0.0165,0.));
#8485=CARTESIAN_POINT('',(0.028016,0.0165,0.));
#8486=CARTESIAN_POINT('',(0.028016,0.0055,0.));
#8487=CARTESIAN_POINT('',(0.028016,0.0035,0.));
#8488=CARTESIAN_POINT('',(0.028516,0.0035,0.));
#8489=CARTESIAN_POINT('',(0.028516,0.003,0.));
#8490=CARTESIAN_POINT('',(0.0957156897306442,0.003,0.));
#8491=CARTESIAN_POINT('',(0.041516,0.003,0.));
#8492=CARTESIAN_POINT('',(0.041516,0.0035,0.));
#8493=CARTESIAN_POINT('',(0.042016,0.0035,0.));
#8494=CARTESIAN_POINT('',(0.042016,0.0055,0.));
#8495=CARTESIAN_POINT('',(0.042016,0.0165,0.));
#8496=CARTESIAN_POINT('',(0.041516,0.0165,0.));
#8497=CARTESIAN_POINT('',(0.0957156897306442,-0.0094,0.));
#8498=CARTESIAN_POINT('',(0.149916,-0.0094,0.));
#8499=CARTESIAN_POINT('',(0.162916,-0.0094,0.));
#8500=CARTESIAN_POINT('',(0.149916,-0.0099,0.));
#8501=CARTESIAN_POINT('',(0.149416,-0.0099,0.));
#8502=CARTESIAN_POINT('',(0.149416,0.0055,0.));
#8503=CARTESIAN_POINT('',(0.149416,-0.0229,0.));
#8504=CARTESIAN_POINT('',(0.149916,-0.0229,0.));
#8505=CARTESIAN_POINT('',(0.149916,-0.0234,0.));
#8506=CARTESIAN_POINT('',(0.0957156897306442,-0.0234,0.));
#8507=CARTESIAN_POINT('',(0.162916,-0.0234,0.));
#8508=CARTESIAN_POINT('',(0.162916,-0.0229,0.));
#8509=CARTESIAN_POINT('',(0.163416,-0.0229,0.));
#8510=CARTESIAN_POINT('',(0.163416,0.0055,0.));
#8511=CARTESIAN_POINT('',(0.163416,-0.0099,0.));
#8512=CARTESIAN_POINT('',(0.162916,-0.0099,0.));
#8513=CARTESIAN_POINT('',(0.0957156897306442,-0.0094,0.));
#8514=CARTESIAN_POINT('',(0.046516,-0.0094,0.));
#8515=CARTESIAN_POINT('',(0.059516,-0.0094,0.));
#8516=CARTESIAN_POINT('',(0.046516,-0.0099,0.));
#8517=CARTESIAN_POINT('',(0.046016,-0.0099,0.));
#8518=CARTESIAN_POINT('',(0.046016,0.0055,0.));
#8519=CARTESIAN_POINT('',(0.046016,-0.0229,0.));
#8520=CARTESIAN_POINT('',(0.046516,-0.0229,0.));
#8521=CARTESIAN_POINT('',(0.046516,-0.0234,0.));
#8522=CARTESIAN_POINT('',(0.0957156897306442,-0.0234,0.));
#8523=CARTESIAN_POINT('',(0.059516,-0.0234,0.));
#8524=CARTESIAN_POINT('',(0.059516,-0.0229,0.));
#8525=CARTESIAN_POINT('',(0.060016,-0.0229,0.));
#8526=CARTESIAN_POINT('',(0.060016,0.0055,0.));
#8527=CARTESIAN_POINT('',(0.060016,-0.0099,0.));
#8528=CARTESIAN_POINT('',(0.059516,-0.0099,0.));
#8529=CARTESIAN_POINT('',(0.0957156897306442,0.017,0.));
#8530=CARTESIAN_POINT('',(0.148696,0.017,0.));
#8531=CARTESIAN_POINT('',(0.161696,0.017,0.));
#8532=CARTESIAN_POINT('',(0.148696,0.0165,0.));
#8533=CARTESIAN_POINT('',(0.148196,0.0165,0.));
#8534=CARTESIAN_POINT('',(0.148196,0.0055,0.));
#8535=CARTESIAN_POINT('',(0.148196,0.0035,0.));
#8536=CARTESIAN_POINT('',(0.148696,0.0035,0.));
#8537=CARTESIAN_POINT('',(0.148696,0.003,0.));
#8538=CARTESIAN_POINT('',(0.0957156897306442,0.003,0.));
#8539=CARTESIAN_POINT('',(0.161696,0.003,0.));
#8540=CARTESIAN_POINT('',(0.161696,0.0035,0.));
#8541=CARTESIAN_POINT('',(0.162196,0.0035,0.));
#8542=CARTESIAN_POINT('',(0.162196,0.0055,0.));
#8543=CARTESIAN_POINT('',(0.162196,0.0165,0.));
#8544=CARTESIAN_POINT('',(0.161696,0.0165,0.));
#8545=CARTESIAN_POINT('',(0.0957156897306442,0.034,0.));
#8546=CARTESIAN_POINT('',(0.166696,0.034,0.));
#8547=CARTESIAN_POINT('',(0.179696,0.034,0.));
#8548=CARTESIAN_POINT('',(0.166696,0.0335,0.));
#8549=CARTESIAN_POINT('',(0.166196,0.0335,0.));
#8550=CARTESIAN_POINT('',(0.166196,0.0055,0.));
#8551=CARTESIAN_POINT('',(0.166196,0.0205,0.));
#8552=CARTESIAN_POINT('',(0.166696,0.0205,0.));
#8553=CARTESIAN_POINT('',(0.166696,0.02,0.));
#8554=CARTESIAN_POINT('',(0.0957156897306442,0.02,0.));
#8555=CARTESIAN_POINT('',(0.179696,0.02,0.));
#8556=CARTESIAN_POINT('',(0.179696,0.0205,0.));
#8557=CARTESIAN_POINT('',(0.180196,0.0205,0.));
#8558=CARTESIAN_POINT('',(0.180196,0.0055,0.));
#8559=CARTESIAN_POINT('',(0.180196,0.0335,0.));
#8560=CARTESIAN_POINT('',(0.179696,0.0335,0.));
#8561=CARTESIAN_POINT('',(0.0957156897306442,-0.0094,0.));
#8562=CARTESIAN_POINT('',(0.113916,-0.0094,0.));
#8563=CARTESIAN_POINT('',(0.126916,-0.0094,0.));
#8564=CARTESIAN_POINT('',(0.113916,-0.0099,0.));
#8565=CARTESIAN_POINT('',(0.113416,-0.0099,0.));
#8566=CARTESIAN_POINT('',(0.113416,0.0055,0.));
#8567=CARTESIAN_POINT('',(0.113416,-0.0229,0.));
#8568=CARTESIAN_POINT('',(0.113916,-0.0229,0.));
#8569=CARTESIAN_POINT('',(0.113916,-0.0234,0.));
#8570=CARTESIAN_POINT('',(0.0957156897306442,-0.0234,0.));
#8571=CARTESIAN_POINT('',(0.126916,-0.0234,0.));
#8572=CARTESIAN_POINT('',(0.126916,-0.0229,0.));
#8573=CARTESIAN_POINT('',(0.127416,-0.0229,0.));
#8574=CARTESIAN_POINT('',(0.127416,0.0055,0.));
#8575=CARTESIAN_POINT('',(0.127416,-0.0099,0.));
#8576=CARTESIAN_POINT('',(0.126916,-0.0099,0.));
#8577=CARTESIAN_POINT('',(0.0957156897306442,0.017,0.));
#8578=CARTESIAN_POINT('',(0.202696,0.017,0.));
#8579=CARTESIAN_POINT('',(0.215696,0.017,0.));
#8580=CARTESIAN_POINT('',(0.202696,0.0165,0.));
#8581=CARTESIAN_POINT('',(0.202196,0.0165,0.));
#8582=CARTESIAN_POINT('',(0.202196,0.0055,0.));
#8583=CARTESIAN_POINT('',(0.202196,0.0035,0.));
#8584=CARTESIAN_POINT('',(0.202696,0.00349999999999995,0.));
#8585=CARTESIAN_POINT('',(0.202696,0.003,0.));
#8586=CARTESIAN_POINT('',(0.0957156897306442,0.003,0.));
#8587=CARTESIAN_POINT('',(0.215696,0.003,0.));
#8588=CARTESIAN_POINT('',(0.215696,0.0035,0.));
#8589=CARTESIAN_POINT('',(0.216196,0.0035,0.));
#8590=CARTESIAN_POINT('',(0.216196,0.0055,0.));
#8591=CARTESIAN_POINT('',(0.216196,0.0165,0.));
#8592=CARTESIAN_POINT('',(0.215696,0.0165,0.));
#8593=CARTESIAN_POINT('',(0.0957156897306442,0.034,0.));
#8594=CARTESIAN_POINT('',(-0.025484,0.034,0.));
#8595=CARTESIAN_POINT('',(-0.012484,0.034,0.));
#8596=CARTESIAN_POINT('',(-0.025484,0.0335,0.));
#8597=CARTESIAN_POINT('',(-0.025984,0.0335,0.));
#8598=CARTESIAN_POINT('',(-0.025984,0.0055,0.));
#8599=CARTESIAN_POINT('',(-0.025984,0.0205,0.));
#8600=CARTESIAN_POINT('',(-0.025484,0.0205,0.));
#8601=CARTESIAN_POINT('',(-0.025484,0.02,0.));
#8602=CARTESIAN_POINT('',(0.0957156897306442,0.02,0.));
#8603=CARTESIAN_POINT('',(-0.012484,0.02,0.));
#8604=CARTESIAN_POINT('',(-0.012484,0.0205,0.));
#8605=CARTESIAN_POINT('',(-0.011984,0.0205,0.));
#8606=CARTESIAN_POINT('',(-0.011984,0.0055,0.));
#8607=CARTESIAN_POINT('',(-0.011984,0.0335,0.));
#8608=CARTESIAN_POINT('',(-0.012484,0.0335,0.));
#8609=CARTESIAN_POINT('',(0.0957156897306442,0.017,0.));
#8610=CARTESIAN_POINT('',(0.184696,0.017,0.));
#8611=CARTESIAN_POINT('',(0.197696,0.017,0.));
#8612=CARTESIAN_POINT('',(0.184696,0.0165,0.));
#8613=CARTESIAN_POINT('',(0.184196,0.0165,0.));
#8614=CARTESIAN_POINT('',(0.184196,0.0055,0.));
#8615=CARTESIAN_POINT('',(0.184196,0.0035,0.));
#8616=CARTESIAN_POINT('',(0.184696,0.0035,0.));
#8617=CARTESIAN_POINT('',(0.184696,0.003,0.));
#8618=CARTESIAN_POINT('',(0.0957156897306442,0.003,0.));
#8619=CARTESIAN_POINT('',(0.197696,0.003,0.));
#8620=CARTESIAN_POINT('',(0.197696,0.0035,0.));
#8621=CARTESIAN_POINT('',(0.198196,0.0035,0.));
#8622=CARTESIAN_POINT('',(0.198196,0.0055,0.));
#8623=CARTESIAN_POINT('',(0.198196,0.0165,0.));
#8624=CARTESIAN_POINT('',(0.197696,0.0165,0.));
#8625=CARTESIAN_POINT('',(0.0957156897306442,0.034,0.));
#8626=CARTESIAN_POINT('',(0.202696,0.034,0.));
#8627=CARTESIAN_POINT('',(0.215696,0.034,0.));
#8628=CARTESIAN_POINT('',(0.202696,0.0335,0.));
#8629=CARTESIAN_POINT('',(0.202196,0.0335,0.));
#8630=CARTESIAN_POINT('',(0.202196,0.0055,0.));
#8631=CARTESIAN_POINT('',(0.202196,0.0205,0.));
#8632=CARTESIAN_POINT('',(0.202696,0.0205,0.));
#8633=CARTESIAN_POINT('',(0.202696,0.02,0.));
#8634=CARTESIAN_POINT('',(0.0957156897306442,0.02,0.));
#8635=CARTESIAN_POINT('',(0.215696,0.02,0.));
#8636=CARTESIAN_POINT('',(0.215696,0.0205,0.));
#8637=CARTESIAN_POINT('',(0.216196,0.0205,0.));
#8638=CARTESIAN_POINT('',(0.216196,0.0055,0.));
#8639=CARTESIAN_POINT('',(0.216196,0.0335,0.));
#8640=CARTESIAN_POINT('',(0.215696,0.0335,0.));
#8641=CARTESIAN_POINT('',(0.0957156897306442,0.034,0.));
#8642=CARTESIAN_POINT('',(0.184696,0.034,0.));
#8643=CARTESIAN_POINT('',(0.197696,0.034,0.));
#8644=CARTESIAN_POINT('',(0.184696,0.0335,0.));
#8645=CARTESIAN_POINT('',(0.184196,0.0335,0.));
#8646=CARTESIAN_POINT('',(0.184196,0.0055,0.));
#8647=CARTESIAN_POINT('',(0.184196,0.0205,0.));
#8648=CARTESIAN_POINT('',(0.184696,0.0205,0.));
#8649=CARTESIAN_POINT('',(0.184696,0.02,0.));
#8650=CARTESIAN_POINT('',(0.0957156897306442,0.02,0.));
#8651=CARTESIAN_POINT('',(0.197696,0.02,0.));
#8652=CARTESIAN_POINT('',(0.197696,0.0205,0.));
#8653=CARTESIAN_POINT('',(0.198196,0.0205,0.));
#8654=CARTESIAN_POINT('',(0.198196,0.0055,0.));
#8655=CARTESIAN_POINT('',(0.198196,0.0335,0.));
#8656=CARTESIAN_POINT('',(0.197696,0.0335,0.));
#8657=CARTESIAN_POINT('',(0.0957156897306442,0.017,0.));
#8658=CARTESIAN_POINT('',(0.166696,0.017,0.));
#8659=CARTESIAN_POINT('',(0.179696,0.017,0.));
#8660=CARTESIAN_POINT('',(0.166696,0.0165,0.));
#8661=CARTESIAN_POINT('',(0.166196,0.0165,0.));
#8662=CARTESIAN_POINT('',(0.166196,0.0055,0.));
#8663=CARTESIAN_POINT('',(0.166196,0.0035,0.));
#8664=CARTESIAN_POINT('',(0.166696,0.0035,0.));
#8665=CARTESIAN_POINT('',(0.166696,0.003,0.));
#8666=CARTESIAN_POINT('',(0.0957156897306442,0.003,0.));
#8667=CARTESIAN_POINT('',(0.179696,0.003,0.));
#8668=CARTESIAN_POINT('',(0.179696,0.00350000000000005,0.));
#8669=CARTESIAN_POINT('',(0.180196,0.0035,0.));
#8670=CARTESIAN_POINT('',(0.180196,0.0055,0.));
#8671=CARTESIAN_POINT('',(0.180196,0.0165,0.));
#8672=CARTESIAN_POINT('',(0.179696,0.0165,0.));
#8673=CARTESIAN_POINT('',(0.0957156897306442,-0.0094,0.));
#8674=CARTESIAN_POINT('',(0.064516,-0.0094,0.));
#8675=CARTESIAN_POINT('',(0.077516,-0.0094,0.));
#8676=CARTESIAN_POINT('',(0.064516,-0.0099,0.));
#8677=CARTESIAN_POINT('',(0.064016,-0.0099,0.));
#8678=CARTESIAN_POINT('',(0.064016,0.0055,0.));
#8679=CARTESIAN_POINT('',(0.064016,-0.0229,0.));
#8680=CARTESIAN_POINT('',(0.064516,-0.0229,0.));
#8681=CARTESIAN_POINT('',(0.064516,-0.0234,0.));
#8682=CARTESIAN_POINT('',(0.0957156897306442,-0.0234,0.));
#8683=CARTESIAN_POINT('',(0.077516,-0.0234,0.));
#8684=CARTESIAN_POINT('',(0.077516,-0.0229,0.));
#8685=CARTESIAN_POINT('',(0.078016,-0.0229,0.));
#8686=CARTESIAN_POINT('',(0.078016,0.0055,0.));
#8687=CARTESIAN_POINT('',(0.078016,-0.0099,0.));
#8688=CARTESIAN_POINT('',(0.077516,-0.0099,0.));
#8689=CARTESIAN_POINT('',(0.0957156897306442,-0.0094,0.));
#8690=CARTESIAN_POINT('',(0.028516,-0.0094,0.));
#8691=CARTESIAN_POINT('',(0.041516,-0.0094,0.));
#8692=CARTESIAN_POINT('',(0.028516,-0.0099,0.));
#8693=CARTESIAN_POINT('',(0.028016,-0.0099,0.));
#8694=CARTESIAN_POINT('',(0.028016,0.0055,0.));
#8695=CARTESIAN_POINT('',(0.028016,-0.0229,0.));
#8696=CARTESIAN_POINT('',(0.028516,-0.0229,0.));
#8697=CARTESIAN_POINT('',(0.028516,-0.0234,0.));
#8698=CARTESIAN_POINT('',(0.0957156897306442,-0.0234,0.));
#8699=CARTESIAN_POINT('',(0.041516,-0.0234,0.));
#8700=CARTESIAN_POINT('',(0.041516,-0.0229,0.));
#8701=CARTESIAN_POINT('',(0.042016,-0.0229,0.));
#8702=CARTESIAN_POINT('',(0.042016,0.0055,0.));
#8703=CARTESIAN_POINT('',(0.042016,-0.0099,0.));
#8704=CARTESIAN_POINT('',(0.041516,-0.0099,0.));
#8705=CARTESIAN_POINT('',(0.0957156897306442,-0.0094,0.));
#8706=CARTESIAN_POINT('',(0.131916,-0.0094,0.));
#8707=CARTESIAN_POINT('',(0.144916,-0.0094,0.));
#8708=CARTESIAN_POINT('',(0.131916,-0.0099,0.));
#8709=CARTESIAN_POINT('',(0.131416,-0.0099,0.));
#8710=CARTESIAN_POINT('',(0.131416,0.0055,0.));
#8711=CARTESIAN_POINT('',(0.131416,-0.0229,0.));
#8712=CARTESIAN_POINT('',(0.131916,-0.0229,0.));
#8713=CARTESIAN_POINT('',(0.131916,-0.0234,0.));
#8714=CARTESIAN_POINT('',(0.0957156897306442,-0.0234,0.));
#8715=CARTESIAN_POINT('',(0.144916,-0.0234,0.));
#8716=CARTESIAN_POINT('',(0.144916,-0.0229,0.));
#8717=CARTESIAN_POINT('',(0.145416,-0.0229,0.));
#8718=CARTESIAN_POINT('',(0.145416,0.0055,0.));
#8719=CARTESIAN_POINT('',(0.145416,-0.0099,0.));
#8720=CARTESIAN_POINT('',(0.144916,-0.0099,0.));
#8721=CARTESIAN_POINT('',(0.0957156897306442,0.017,0.));
#8722=CARTESIAN_POINT('',(0.046516,0.017,0.));
#8723=CARTESIAN_POINT('',(0.059516,0.017,0.));
#8724=CARTESIAN_POINT('',(0.046516,0.0165,0.));
#8725=CARTESIAN_POINT('',(0.046016,0.0165,0.));
#8726=CARTESIAN_POINT('',(0.046016,0.0055,0.));
#8727=CARTESIAN_POINT('',(0.046016,0.0035,0.));
#8728=CARTESIAN_POINT('',(0.046516,0.0035,0.));
#8729=CARTESIAN_POINT('',(0.046516,0.003,0.));
#8730=CARTESIAN_POINT('',(0.0957156897306442,0.003,0.));
#8731=CARTESIAN_POINT('',(0.059516,0.003,0.));
#8732=CARTESIAN_POINT('',(0.059516,0.0035,0.));
#8733=CARTESIAN_POINT('',(0.060016,0.0035,0.));
#8734=CARTESIAN_POINT('',(0.060016,0.0055,0.));
#8735=CARTESIAN_POINT('',(0.060016,0.0165,0.));
#8736=CARTESIAN_POINT('',(0.059516,0.0165,0.));
#8737=CARTESIAN_POINT('',(0.0957156897306442,0.034,0.));
#8738=CARTESIAN_POINT('',(0.064516,0.034,0.));
#8739=CARTESIAN_POINT('',(0.077516,0.034,0.));
#8740=CARTESIAN_POINT('',(0.064516,0.0335,0.));
#8741=CARTESIAN_POINT('',(0.064016,0.0335,0.));
#8742=CARTESIAN_POINT('',(0.064016,0.0055,0.));
#8743=CARTESIAN_POINT('',(0.064016,0.0205,0.));
#8744=CARTESIAN_POINT('',(0.064516,0.0205,0.));
#8745=CARTESIAN_POINT('',(0.064516,0.02,0.));
#8746=CARTESIAN_POINT('',(0.0957156897306442,0.02,0.));
#8747=CARTESIAN_POINT('',(0.077516,0.02,0.));
#8748=CARTESIAN_POINT('',(0.077516,0.0205,0.));
#8749=CARTESIAN_POINT('',(0.078016,0.0205,0.));
#8750=CARTESIAN_POINT('',(0.078016,0.0055,0.));
#8751=CARTESIAN_POINT('',(0.078016,0.0335,0.));
#8752=CARTESIAN_POINT('',(0.077516,0.0335,0.));
#8753=CARTESIAN_POINT('',(0.0957156897306442,0.034,0.));
#8754=CARTESIAN_POINT('',(0.028516,0.034,0.));
#8755=CARTESIAN_POINT('',(0.041516,0.034,0.));
#8756=CARTESIAN_POINT('',(0.028516,0.0335,0.));
#8757=CARTESIAN_POINT('',(0.028016,0.0335,0.));
#8758=CARTESIAN_POINT('',(0.028016,0.0055,0.));
#8759=CARTESIAN_POINT('',(0.028016,0.0205,0.));
#8760=CARTESIAN_POINT('',(0.028516,0.0205,0.));
#8761=CARTESIAN_POINT('',(0.028516,0.02,0.));
#8762=CARTESIAN_POINT('',(0.0957156897306442,0.02,0.));
#8763=CARTESIAN_POINT('',(0.041516,0.02,0.));
#8764=CARTESIAN_POINT('',(0.041516,0.0205,0.));
#8765=CARTESIAN_POINT('',(0.042016,0.0205,0.));
#8766=CARTESIAN_POINT('',(0.042016,0.0055,0.));
#8767=CARTESIAN_POINT('',(0.042016,0.0335,0.));
#8768=CARTESIAN_POINT('',(0.041516,0.0335,0.));
#8769=CARTESIAN_POINT('',(0.0957156897306442,0.034,0.));
#8770=CARTESIAN_POINT('',(-0.007484,0.034,0.));
#8771=CARTESIAN_POINT('',(0.005516,0.034,0.));
#8772=CARTESIAN_POINT('',(-0.007484,0.0335,0.));
#8773=CARTESIAN_POINT('',(-0.007984,0.0335,0.));
#8774=CARTESIAN_POINT('',(-0.007984,0.0055,0.));
#8775=CARTESIAN_POINT('',(-0.007984,0.0205,0.));
#8776=CARTESIAN_POINT('',(-0.007484,0.0205,0.));
#8777=CARTESIAN_POINT('',(-0.007484,0.02,0.));
#8778=CARTESIAN_POINT('',(0.0957156897306442,0.02,0.));
#8779=CARTESIAN_POINT('',(0.005516,0.02,0.));
#8780=CARTESIAN_POINT('',(0.005516,0.0205,0.));
#8781=CARTESIAN_POINT('',(0.006016,0.0205,0.));
#8782=CARTESIAN_POINT('',(0.006016,0.0055,0.));
#8783=CARTESIAN_POINT('',(0.006016,0.0335,0.));
#8784=CARTESIAN_POINT('',(0.005516,0.0335,0.));
#8785=CARTESIAN_POINT('',(0.0957156897306442,0.034,0.));
#8786=CARTESIAN_POINT('',(0.130696,0.034,0.));
#8787=CARTESIAN_POINT('',(0.143696,0.034,0.));
#8788=CARTESIAN_POINT('',(0.130696,0.0335,0.));
#8789=CARTESIAN_POINT('',(0.130196,0.0335,0.));
#8790=CARTESIAN_POINT('',(0.130196,0.0055,0.));
#8791=CARTESIAN_POINT('',(0.130196,0.0205,0.));
#8792=CARTESIAN_POINT('',(0.130696,0.0205,0.));
#8793=CARTESIAN_POINT('',(0.130696,0.02,0.));
#8794=CARTESIAN_POINT('',(0.0957156897306442,0.02,0.));
#8795=CARTESIAN_POINT('',(0.143696,0.02,0.));
#8796=CARTESIAN_POINT('',(0.143696,0.0205,0.));
#8797=CARTESIAN_POINT('',(0.144196,0.0205,0.));
#8798=CARTESIAN_POINT('',(0.144196,0.0055,0.));
#8799=CARTESIAN_POINT('',(0.144196,0.0335,0.));
#8800=CARTESIAN_POINT('',(0.143696,0.0335,0.));
#8801=CARTESIAN_POINT('',(0.0957156897306442,0.017,0.));
#8802=CARTESIAN_POINT('',(0.112696,0.017,0.));
#8803=CARTESIAN_POINT('',(0.125696,0.017,0.));
#8804=CARTESIAN_POINT('',(0.112696,0.0165,0.));
#8805=CARTESIAN_POINT('',(0.112196,0.0165,0.));
#8806=CARTESIAN_POINT('',(0.112196,0.0055,0.));
#8807=CARTESIAN_POINT('',(0.112196,0.0035,0.));
#8808=CARTESIAN_POINT('',(0.112696,0.0035,0.));
#8809=CARTESIAN_POINT('',(0.112696,0.003,0.));
#8810=CARTESIAN_POINT('',(0.0957156897306442,0.003,0.));
#8811=CARTESIAN_POINT('',(0.125696,0.003,0.));
#8812=CARTESIAN_POINT('',(0.125696,0.0035,0.));
#8813=CARTESIAN_POINT('',(0.126196,0.0035,0.));
#8814=CARTESIAN_POINT('',(0.126196,0.0055,0.));
#8815=CARTESIAN_POINT('',(0.126196,0.0165,0.));
#8816=CARTESIAN_POINT('',(0.125696,0.0165,0.));
#8817=CARTESIAN_POINT('',(0.0957156897306442,0.017,0.));
#8818=CARTESIAN_POINT('',(-0.007484,0.017,0.));
#8819=CARTESIAN_POINT('',(0.005516,0.017,0.));
#8820=CARTESIAN_POINT('',(-0.007484,0.0165,0.));
#8821=CARTESIAN_POINT('',(-0.007984,0.0165,0.));
#8822=CARTESIAN_POINT('',(-0.007984,0.0055,0.));
#8823=CARTESIAN_POINT('',(-0.007984,0.0035,0.));
#8824=CARTESIAN_POINT('',(-0.007484,0.0035,0.));
#8825=CARTESIAN_POINT('',(-0.007484,0.003,0.));
#8826=CARTESIAN_POINT('',(0.0957156897306442,0.003,0.));
#8827=CARTESIAN_POINT('',(0.005516,0.003,0.));
#8828=CARTESIAN_POINT('',(0.005516,0.0035,0.));
#8829=CARTESIAN_POINT('',(0.006016,0.0035,0.));
#8830=CARTESIAN_POINT('',(0.006016,0.0055,0.));
#8831=CARTESIAN_POINT('',(0.006016,0.0165,0.));
#8832=CARTESIAN_POINT('',(0.005516,0.0165,0.));
#8833=CARTESIAN_POINT('',(0.0957156897306442,0.034,0.));
#8834=CARTESIAN_POINT('',(0.112696,0.034,0.));
#8835=CARTESIAN_POINT('',(0.125696,0.034,0.));
#8836=CARTESIAN_POINT('',(0.112696,0.0335,0.));
#8837=CARTESIAN_POINT('',(0.112196,0.0335,0.));
#8838=CARTESIAN_POINT('',(0.112196,0.0055,0.));
#8839=CARTESIAN_POINT('',(0.112196,0.0205,0.));
#8840=CARTESIAN_POINT('',(0.112696,0.0205,0.));
#8841=CARTESIAN_POINT('',(0.112696,0.02,0.));
#8842=CARTESIAN_POINT('',(0.0957156897306442,0.02,0.));
#8843=CARTESIAN_POINT('',(0.125696,0.02,0.));
#8844=CARTESIAN_POINT('',(0.125696,0.0205,0.));
#8845=CARTESIAN_POINT('',(0.126196,0.0205,0.));
#8846=CARTESIAN_POINT('',(0.126196,0.0055,0.));
#8847=CARTESIAN_POINT('',(0.126196,0.0335,0.));
#8848=CARTESIAN_POINT('',(0.125696,0.0335,0.));
#8849=CARTESIAN_POINT('',(0.169415689730644,-0.0162,0.003));
#8850=CARTESIAN_POINT('',(0.169415689730644,-0.005,0.003));
#8851=CARTESIAN_POINT('',(0.169415689730644,-0.0274,0.));
#8852=CARTESIAN_POINT('',(0.196415689730644,-0.003,0.003));
#8853=CARTESIAN_POINT('',(0.221415689730644,-0.003,0.003));
#8854=CARTESIAN_POINT('',(0.171415689730644,-0.003,0.003));
#8855=CARTESIAN_POINT('',(0.223415689730644,0.0187,0.003));
#8856=CARTESIAN_POINT('',(0.223415689730644,0.0384,0.003));
#8857=CARTESIAN_POINT('',(0.223415689730644,-0.001,0.));
#8858=CARTESIAN_POINT('',(0.0957156897306442,0.0404,0.003));
#8859=CARTESIAN_POINT('',(0.110415689730644,0.0404,0.003));
#8860=CARTESIAN_POINT('',(0.221415689730644,0.0404,0.003));
#8861=CARTESIAN_POINT('',(-0.0319843102693558,0.0187,0.003));
#8862=CARTESIAN_POINT('',(-0.0319843102693558,-0.001,0.003));
#8863=CARTESIAN_POINT('',(-0.0319843102693558,0.0384,0.));
#8864=CARTESIAN_POINT('',(-0.00498431026935578,-0.003,0.003));
#8865=CARTESIAN_POINT('',(0.0200156897306442,-0.003,0.003));
#8866=CARTESIAN_POINT('',(-0.0299843102693558,-0.003,0.003));
#8867=CARTESIAN_POINT('',(0.0220156897306442,-0.0162,0.003));
#8868=CARTESIAN_POINT('',(0.0220156897306442,-0.0274,0.003));
#8869=CARTESIAN_POINT('',(0.0220156897306442,-0.005,0.));
#8870=CARTESIAN_POINT('',(0.0957156897306442,-0.0294,0.003));
#8871=CARTESIAN_POINT('',(0.167415689730644,-0.0294,0.003));
#8872=CARTESIAN_POINT('',(0.0240156897306442,-0.0294,0.003));
#8873=CARTESIAN_POINT('',(0.221415689730644,0.0384,0.003));
#8874=CARTESIAN_POINT('',(0.221415689730644,-0.001,0.003));
#8875=CARTESIAN_POINT('',(0.171415689730644,-0.005,0.003));
#8876=CARTESIAN_POINT('',(0.167415689730644,-0.0274,0.003));
#8877=CARTESIAN_POINT('',(0.0240156897306442,-0.0274,0.003));
#8878=CARTESIAN_POINT('',(0.0200156897306442,-0.005,0.003));
#8879=CARTESIAN_POINT('',(-0.0299843102693558,-0.001,0.003));
#8880=CARTESIAN_POINT('',(-0.0299843102693558,0.0384,0.003));
#8881=CARTESIAN_POINT('',(-0.018984,0.034,-0.022));
#8882=CARTESIAN_POINT('',(-0.012484,0.034,-0.022));
#8883=CARTESIAN_POINT('',(-0.025484,0.034,-0.022));
#8884=CARTESIAN_POINT('',(-0.025484,0.0335,-0.022));
#8885=CARTESIAN_POINT('',(-0.025984,0.0335,-0.022));
#8886=CARTESIAN_POINT('',(-0.025984,0.027,-0.022));
#8887=CARTESIAN_POINT('',(-0.025984,0.0205,-0.022));
#8888=CARTESIAN_POINT('',(-0.025484,0.0205,-0.022));
#8889=CARTESIAN_POINT('',(-0.025484,0.02,-0.022));
#8890=CARTESIAN_POINT('',(-0.018984,0.02,-0.022));
#8891=CARTESIAN_POINT('',(-0.012484,0.02,-0.022));
#8892=CARTESIAN_POINT('',(-0.012484,0.0205,-0.022));
#8893=CARTESIAN_POINT('',(-0.011984,0.0205,-0.022));
#8894=CARTESIAN_POINT('',(-0.011984,0.027,-0.022));
#8895=CARTESIAN_POINT('',(-0.011984,0.0335,-0.022));
#8896=CARTESIAN_POINT('',(-0.012484,0.0335,-0.022));
#8897=CARTESIAN_POINT('',(0.191196,0.017,-0.022));
#8898=CARTESIAN_POINT('',(0.197696,0.017,-0.022));
#8899=CARTESIAN_POINT('',(0.184696,0.017,-0.022));
#8900=CARTESIAN_POINT('',(0.184696,0.0165,-0.022));
#8901=CARTESIAN_POINT('',(0.184196,0.0165,-0.022));
#8902=CARTESIAN_POINT('',(0.184196,0.01,-0.022));
#8903=CARTESIAN_POINT('',(0.184196,0.0035,-0.022));
#8904=CARTESIAN_POINT('',(0.184696,0.0035,-0.022));
#8905=CARTESIAN_POINT('',(0.184696,0.003,-0.022));
#8906=CARTESIAN_POINT('',(0.191196,0.003,-0.022));
#8907=CARTESIAN_POINT('',(0.197696,0.003,-0.022));
#8908=CARTESIAN_POINT('',(0.197696,0.0035,-0.022));
#8909=CARTESIAN_POINT('',(0.198196,0.0035,-0.022));
#8910=CARTESIAN_POINT('',(0.198196,0.01,-0.022));
#8911=CARTESIAN_POINT('',(0.198196,0.0165,-0.022));
#8912=CARTESIAN_POINT('',(0.197696,0.0165,-0.022));
#8913=CARTESIAN_POINT('',(0.209196,0.017,-0.022));
#8914=CARTESIAN_POINT('',(0.215696,0.017,-0.022));
#8915=CARTESIAN_POINT('',(0.202696,0.017,-0.022));
#8916=CARTESIAN_POINT('',(0.202696,0.0165,-0.022));
#8917=CARTESIAN_POINT('',(0.202196,0.0165,-0.022));
#8918=CARTESIAN_POINT('',(0.202196,0.01,-0.022));
#8919=CARTESIAN_POINT('',(0.202196,0.0035,-0.022));
#8920=CARTESIAN_POINT('',(0.202696,0.00349999999999995,-0.022));
#8921=CARTESIAN_POINT('',(0.202696,0.003,-0.022));
#8922=CARTESIAN_POINT('',(0.209196,0.003,-0.022));
#8923=CARTESIAN_POINT('',(0.215696,0.003,-0.022));
#8924=CARTESIAN_POINT('',(0.215696,0.0035,-0.022));
#8925=CARTESIAN_POINT('',(0.216196,0.0035,-0.022));
#8926=CARTESIAN_POINT('',(0.216196,0.01,-0.022));
#8927=CARTESIAN_POINT('',(0.216196,0.0165,-0.022));
#8928=CARTESIAN_POINT('',(0.215696,0.0165,-0.022));
#8929=CARTESIAN_POINT('',(0.209196,0.034,-0.022));
#8930=CARTESIAN_POINT('',(0.215696,0.034,-0.022));
#8931=CARTESIAN_POINT('',(0.202696,0.034,-0.022));
#8932=CARTESIAN_POINT('',(0.202696,0.0335,-0.022));
#8933=CARTESIAN_POINT('',(0.202196,0.0335,-0.022));
#8934=CARTESIAN_POINT('',(0.202196,0.027,-0.022));
#8935=CARTESIAN_POINT('',(0.202196,0.0205,-0.022));
#8936=CARTESIAN_POINT('',(0.202696,0.0205,-0.022));
#8937=CARTESIAN_POINT('',(0.202696,0.02,-0.022));
#8938=CARTESIAN_POINT('',(0.209196,0.02,-0.022));
#8939=CARTESIAN_POINT('',(0.215696,0.02,-0.022));
#8940=CARTESIAN_POINT('',(0.215696,0.0205,-0.022));
#8941=CARTESIAN_POINT('',(0.216196,0.0205,-0.022));
#8942=CARTESIAN_POINT('',(0.216196,0.027,-0.022));
#8943=CARTESIAN_POINT('',(0.216196,0.0335,-0.022));
#8944=CARTESIAN_POINT('',(0.215696,0.0335,-0.022));
#8945=CARTESIAN_POINT('',(0.120416,-0.0094,-0.022));
#8946=CARTESIAN_POINT('',(0.126916,-0.0094,-0.022));
#8947=CARTESIAN_POINT('',(0.113916,-0.0094,-0.022));
#8948=CARTESIAN_POINT('',(0.113916,-0.0099,-0.022));
#8949=CARTESIAN_POINT('',(0.113416,-0.0099,-0.022));
#8950=CARTESIAN_POINT('',(0.113416,-0.0164,-0.022));
#8951=CARTESIAN_POINT('',(0.113416,-0.0229,-0.022));
#8952=CARTESIAN_POINT('',(0.113916,-0.0229,-0.022));
#8953=CARTESIAN_POINT('',(0.113916,-0.0234,-0.022));
#8954=CARTESIAN_POINT('',(0.120416,-0.0234,-0.022));
#8955=CARTESIAN_POINT('',(0.126916,-0.0234,-0.022));
#8956=CARTESIAN_POINT('',(0.126916,-0.0229,-0.022));
#8957=CARTESIAN_POINT('',(0.127416,-0.0229,-0.022));
#8958=CARTESIAN_POINT('',(0.127416,-0.0164,-0.022));
#8959=CARTESIAN_POINT('',(0.127416,-0.0099,-0.022));
#8960=CARTESIAN_POINT('',(0.126916,-0.0099,-0.022));
#8961=CARTESIAN_POINT('',(0.191196,0.034,-0.022));
#8962=CARTESIAN_POINT('',(0.197696,0.034,-0.022));
#8963=CARTESIAN_POINT('',(0.184696,0.034,-0.022));
#8964=CARTESIAN_POINT('',(0.184696,0.0335,-0.022));
#8965=CARTESIAN_POINT('',(0.184196,0.0335,-0.022));
#8966=CARTESIAN_POINT('',(0.184196,0.027,-0.022));
#8967=CARTESIAN_POINT('',(0.184196,0.0205,-0.022));
#8968=CARTESIAN_POINT('',(0.184696,0.0205,-0.022));
#8969=CARTESIAN_POINT('',(0.184696,0.02,-0.022));
#8970=CARTESIAN_POINT('',(0.191196,0.02,-0.022));
#8971=CARTESIAN_POINT('',(0.197696,0.02,-0.022));
#8972=CARTESIAN_POINT('',(0.197696,0.0205,-0.022));
#8973=CARTESIAN_POINT('',(0.198196,0.0205,-0.022));
#8974=CARTESIAN_POINT('',(0.198196,0.027,-0.022));
#8975=CARTESIAN_POINT('',(0.198196,0.0335,-0.022));
#8976=CARTESIAN_POINT('',(0.197696,0.0335,-0.022));
#8977=CARTESIAN_POINT('',(0.173196,0.034,-0.022));
#8978=CARTESIAN_POINT('',(0.179696,0.034,-0.022));
#8979=CARTESIAN_POINT('',(0.166696,0.034,-0.022));
#8980=CARTESIAN_POINT('',(0.166696,0.0335,-0.022));
#8981=CARTESIAN_POINT('',(0.166196,0.0335,-0.022));
#8982=CARTESIAN_POINT('',(0.166196,0.027,-0.022));
#8983=CARTESIAN_POINT('',(0.166196,0.0205,-0.022));
#8984=CARTESIAN_POINT('',(0.166696,0.0205,-0.022));
#8985=CARTESIAN_POINT('',(0.166696,0.02,-0.022));
#8986=CARTESIAN_POINT('',(0.173196,0.02,-0.022));
#8987=CARTESIAN_POINT('',(0.179696,0.02,-0.022));
#8988=CARTESIAN_POINT('',(0.179696,0.0205,-0.022));
#8989=CARTESIAN_POINT('',(0.180196,0.0205,-0.022));
#8990=CARTESIAN_POINT('',(0.180196,0.027,-0.022));
#8991=CARTESIAN_POINT('',(0.180196,0.0335,-0.022));
#8992=CARTESIAN_POINT('',(0.179696,0.0335,-0.022));
#8993=CARTESIAN_POINT('',(0.173196,0.017,-0.022));
#8994=CARTESIAN_POINT('',(0.179696,0.017,-0.022));
#8995=CARTESIAN_POINT('',(0.166696,0.017,-0.022));
#8996=CARTESIAN_POINT('',(0.166696,0.0165,-0.022));
#8997=CARTESIAN_POINT('',(0.166196,0.0165,-0.022));
#8998=CARTESIAN_POINT('',(0.166196,0.01,-0.022));
#8999=CARTESIAN_POINT('',(0.166196,0.0035,-0.022));
#9000=CARTESIAN_POINT('',(0.166696,0.0035,-0.022));
#9001=CARTESIAN_POINT('',(0.166696,0.003,-0.022));
#9002=CARTESIAN_POINT('',(0.173196,0.003,-0.022));
#9003=CARTESIAN_POINT('',(0.179696,0.003,-0.022));
#9004=CARTESIAN_POINT('',(0.179696,0.00350000000000005,-0.022));
#9005=CARTESIAN_POINT('',(0.180196,0.0035,-0.022));
#9006=CARTESIAN_POINT('',(0.180196,0.01,-0.022));
#9007=CARTESIAN_POINT('',(0.180196,0.0165,-0.022));
#9008=CARTESIAN_POINT('',(0.179696,0.0165,-0.022));
#9009=CARTESIAN_POINT('',(0.155196,0.017,-0.022));
#9010=CARTESIAN_POINT('',(0.161696,0.017,-0.022));
#9011=CARTESIAN_POINT('',(0.148696,0.017,-0.022));
#9012=CARTESIAN_POINT('',(0.148696,0.0165,-0.022));
#9013=CARTESIAN_POINT('',(0.148196,0.0165,-0.022));
#9014=CARTESIAN_POINT('',(0.148196,0.01,-0.022));
#9015=CARTESIAN_POINT('',(0.148196,0.0035,-0.022));
#9016=CARTESIAN_POINT('',(0.148696,0.0035,-0.022));
#9017=CARTESIAN_POINT('',(0.148696,0.003,-0.022));
#9018=CARTESIAN_POINT('',(0.155196,0.003,-0.022));
#9019=CARTESIAN_POINT('',(0.161696,0.003,-0.022));
#9020=CARTESIAN_POINT('',(0.161696,0.0035,-0.022));
#9021=CARTESIAN_POINT('',(0.162196,0.0035,-0.022));
#9022=CARTESIAN_POINT('',(0.162196,0.01,-0.022));
#9023=CARTESIAN_POINT('',(0.162196,0.0165,-0.022));
#9024=CARTESIAN_POINT('',(0.161696,0.0165,-0.022));
#9025=CARTESIAN_POINT('',(0.071016,-0.0094,-0.022));
#9026=CARTESIAN_POINT('',(0.077516,-0.0094,-0.022));
#9027=CARTESIAN_POINT('',(0.064516,-0.0094,-0.022));
#9028=CARTESIAN_POINT('',(0.064516,-0.0099,-0.022));
#9029=CARTESIAN_POINT('',(0.064016,-0.0099,-0.022));
#9030=CARTESIAN_POINT('',(0.064016,-0.0164,-0.022));
#9031=CARTESIAN_POINT('',(0.064016,-0.0229,-0.022));
#9032=CARTESIAN_POINT('',(0.064516,-0.0229,-0.022));
#9033=CARTESIAN_POINT('',(0.064516,-0.0234,-0.022));
#9034=CARTESIAN_POINT('',(0.071016,-0.0234,-0.022));
#9035=CARTESIAN_POINT('',(0.077516,-0.0234,-0.022));
#9036=CARTESIAN_POINT('',(0.077516,-0.0229,-0.022));
#9037=CARTESIAN_POINT('',(0.078016,-0.0229,-0.022));
#9038=CARTESIAN_POINT('',(0.078016,-0.0164,-0.022));
#9039=CARTESIAN_POINT('',(0.078016,-0.0099,-0.022));
#9040=CARTESIAN_POINT('',(0.077516,-0.0099,-0.022));
#9041=CARTESIAN_POINT('',(0.053016,-0.0094,-0.022));
#9042=CARTESIAN_POINT('',(0.059516,-0.0094,-0.022));
#9043=CARTESIAN_POINT('',(0.046516,-0.0094,-0.022));
#9044=CARTESIAN_POINT('',(0.046516,-0.0099,-0.022));
#9045=CARTESIAN_POINT('',(0.046016,-0.0099,-0.022));
#9046=CARTESIAN_POINT('',(0.046016,-0.0164,-0.022));
#9047=CARTESIAN_POINT('',(0.046016,-0.0229,-0.022));
#9048=CARTESIAN_POINT('',(0.046516,-0.0229,-0.022));
#9049=CARTESIAN_POINT('',(0.046516,-0.0234,-0.022));
#9050=CARTESIAN_POINT('',(0.053016,-0.0234,-0.022));
#9051=CARTESIAN_POINT('',(0.059516,-0.0234,-0.022));
#9052=CARTESIAN_POINT('',(0.059516,-0.0229,-0.022));
#9053=CARTESIAN_POINT('',(0.060016,-0.0229,-0.022));
#9054=CARTESIAN_POINT('',(0.060016,-0.0164,-0.022));
#9055=CARTESIAN_POINT('',(0.060016,-0.0099,-0.022));
#9056=CARTESIAN_POINT('',(0.059516,-0.0099,-0.022));
#9057=CARTESIAN_POINT('',(0.035016,-0.0094,-0.022));
#9058=CARTESIAN_POINT('',(0.041516,-0.0094,-0.022));
#9059=CARTESIAN_POINT('',(0.028516,-0.0094,-0.022));
#9060=CARTESIAN_POINT('',(0.028516,-0.0099,-0.022));
#9061=CARTESIAN_POINT('',(0.028016,-0.0099,-0.022));
#9062=CARTESIAN_POINT('',(0.028016,-0.0164,-0.022));
#9063=CARTESIAN_POINT('',(0.028016,-0.0229,-0.022));
#9064=CARTESIAN_POINT('',(0.028516,-0.0229,-0.022));
#9065=CARTESIAN_POINT('',(0.028516,-0.0234,-0.022));
#9066=CARTESIAN_POINT('',(0.035016,-0.0234,-0.022));
#9067=CARTESIAN_POINT('',(0.041516,-0.0234,-0.022));
#9068=CARTESIAN_POINT('',(0.041516,-0.0229,-0.022));
#9069=CARTESIAN_POINT('',(0.042016,-0.0229,-0.022));
#9070=CARTESIAN_POINT('',(0.042016,-0.0164,-0.022));
#9071=CARTESIAN_POINT('',(0.042016,-0.0099,-0.022));
#9072=CARTESIAN_POINT('',(0.041516,-0.0099,-0.022));
#9073=CARTESIAN_POINT('',(0.156416,-0.0094,-0.022));
#9074=CARTESIAN_POINT('',(0.162916,-0.0094,-0.022));
#9075=CARTESIAN_POINT('',(0.149916,-0.0094,-0.022));
#9076=CARTESIAN_POINT('',(0.149916,-0.0099,-0.022));
#9077=CARTESIAN_POINT('',(0.149416,-0.0099,-0.022));
#9078=CARTESIAN_POINT('',(0.149416,-0.0164,-0.022));
#9079=CARTESIAN_POINT('',(0.149416,-0.0229,-0.022));
#9080=CARTESIAN_POINT('',(0.149916,-0.0229,-0.022));
#9081=CARTESIAN_POINT('',(0.149916,-0.0234,-0.022));
#9082=CARTESIAN_POINT('',(0.156416,-0.0234,-0.022));
#9083=CARTESIAN_POINT('',(0.162916,-0.0234,-0.022));
#9084=CARTESIAN_POINT('',(0.162916,-0.0229,-0.022));
#9085=CARTESIAN_POINT('',(0.163416,-0.0229,-0.022));
#9086=CARTESIAN_POINT('',(0.163416,-0.0164,-0.022));
#9087=CARTESIAN_POINT('',(0.163416,-0.0099,-0.022));
#9088=CARTESIAN_POINT('',(0.162916,-0.0099,-0.022));
#9089=CARTESIAN_POINT('',(0.138416,-0.0094,-0.022));
#9090=CARTESIAN_POINT('',(0.144916,-0.0094,-0.022));
#9091=CARTESIAN_POINT('',(0.131916,-0.0094,-0.022));
#9092=CARTESIAN_POINT('',(0.131916,-0.0099,-0.022));
#9093=CARTESIAN_POINT('',(0.131416,-0.0099,-0.022));
#9094=CARTESIAN_POINT('',(0.131416,-0.0164,-0.022));
#9095=CARTESIAN_POINT('',(0.131416,-0.0229,-0.022));
#9096=CARTESIAN_POINT('',(0.131916,-0.0229,-0.022));
#9097=CARTESIAN_POINT('',(0.131916,-0.0234,-0.022));
#9098=CARTESIAN_POINT('',(0.138416,-0.0234,-0.022));
#9099=CARTESIAN_POINT('',(0.144916,-0.0234,-0.022));
#9100=CARTESIAN_POINT('',(0.144916,-0.0229,-0.022));
#9101=CARTESIAN_POINT('',(0.145416,-0.0229,-0.022));
#9102=CARTESIAN_POINT('',(0.145416,-0.0164,-0.022));
#9103=CARTESIAN_POINT('',(0.145416,-0.0099,-0.022));
#9104=CARTESIAN_POINT('',(0.144916,-0.0099,-0.022));
#9105=CARTESIAN_POINT('',(0.035016,0.017,-0.022));
#9106=CARTESIAN_POINT('',(0.041516,0.017,-0.022));
#9107=CARTESIAN_POINT('',(0.028516,0.017,-0.022));
#9108=CARTESIAN_POINT('',(0.028516,0.0165,-0.022));
#9109=CARTESIAN_POINT('',(0.028016,0.0165,-0.022));
#9110=CARTESIAN_POINT('',(0.028016,0.01,-0.022));
#9111=CARTESIAN_POINT('',(0.028016,0.0035,-0.022));
#9112=CARTESIAN_POINT('',(0.028516,0.0035,-0.022));
#9113=CARTESIAN_POINT('',(0.028516,0.003,-0.022));
#9114=CARTESIAN_POINT('',(0.035016,0.003,-0.022));
#9115=CARTESIAN_POINT('',(0.041516,0.003,-0.022));
#9116=CARTESIAN_POINT('',(0.041516,0.0035,-0.022));
#9117=CARTESIAN_POINT('',(0.042016,0.0035,-0.022));
#9118=CARTESIAN_POINT('',(0.042016,0.01,-0.022));
#9119=CARTESIAN_POINT('',(0.042016,0.0165,-0.022));
#9120=CARTESIAN_POINT('',(0.041516,0.0165,-0.022));
#9121=CARTESIAN_POINT('',(0.053016,0.017,-0.022));
#9122=CARTESIAN_POINT('',(0.059516,0.017,-0.022));
#9123=CARTESIAN_POINT('',(0.046516,0.017,-0.022));
#9124=CARTESIAN_POINT('',(0.046516,0.0165,-0.022));
#9125=CARTESIAN_POINT('',(0.046016,0.0165,-0.022));
#9126=CARTESIAN_POINT('',(0.046016,0.01,-0.022));
#9127=CARTESIAN_POINT('',(0.046016,0.0035,-0.022));
#9128=CARTESIAN_POINT('',(0.046516,0.0035,-0.022));
#9129=CARTESIAN_POINT('',(0.046516,0.003,-0.022));
#9130=CARTESIAN_POINT('',(0.053016,0.003,-0.022));
#9131=CARTESIAN_POINT('',(0.059516,0.003,-0.022));
#9132=CARTESIAN_POINT('',(0.059516,0.0035,-0.022));
#9133=CARTESIAN_POINT('',(0.060016,0.0035,-0.022));
#9134=CARTESIAN_POINT('',(0.060016,0.01,-0.022));
#9135=CARTESIAN_POINT('',(0.060016,0.0165,-0.022));
#9136=CARTESIAN_POINT('',(0.059516,0.0165,-0.022));
#9137=CARTESIAN_POINT('',(0.071016,0.017,-0.022));
#9138=CARTESIAN_POINT('',(0.077516,0.017,-0.022));
#9139=CARTESIAN_POINT('',(0.064516,0.017,-0.022));
#9140=CARTESIAN_POINT('',(0.064516,0.0165,-0.022));
#9141=CARTESIAN_POINT('',(0.064016,0.0165,-0.022));
#9142=CARTESIAN_POINT('',(0.064016,0.01,-0.022));
#9143=CARTESIAN_POINT('',(0.064016,0.0035,-0.022));
#9144=CARTESIAN_POINT('',(0.064516,0.0035,-0.022));
#9145=CARTESIAN_POINT('',(0.064516,0.003,-0.022));
#9146=CARTESIAN_POINT('',(0.071016,0.003,-0.022));
#9147=CARTESIAN_POINT('',(0.077516,0.003,-0.022));
#9148=CARTESIAN_POINT('',(0.077516,0.0035,-0.022));
#9149=CARTESIAN_POINT('',(0.078016,0.0035,-0.022));
#9150=CARTESIAN_POINT('',(0.078016,0.01,-0.022));
#9151=CARTESIAN_POINT('',(0.078016,0.0165,-0.022));
#9152=CARTESIAN_POINT('',(0.077516,0.0165,-0.022));
#9153=CARTESIAN_POINT('',(0.071016,0.034,-0.022));
#9154=CARTESIAN_POINT('',(0.077516,0.034,-0.022));
#9155=CARTESIAN_POINT('',(0.064516,0.034,-0.022));
#9156=CARTESIAN_POINT('',(0.064516,0.0335,-0.022));
#9157=CARTESIAN_POINT('',(0.064016,0.0335,-0.022));
#9158=CARTESIAN_POINT('',(0.064016,0.027,-0.022));
#9159=CARTESIAN_POINT('',(0.064016,0.0205,-0.022));
#9160=CARTESIAN_POINT('',(0.064516,0.0205,-0.022));
#9161=CARTESIAN_POINT('',(0.064516,0.02,-0.022));
#9162=CARTESIAN_POINT('',(0.071016,0.02,-0.022));
#9163=CARTESIAN_POINT('',(0.077516,0.02,-0.022));
#9164=CARTESIAN_POINT('',(0.077516,0.0205,-0.022));
#9165=CARTESIAN_POINT('',(0.078016,0.0205,-0.022));
#9166=CARTESIAN_POINT('',(0.078016,0.027,-0.022));
#9167=CARTESIAN_POINT('',(0.078016,0.0335,-0.022));
#9168=CARTESIAN_POINT('',(0.077516,0.0335,-0.022));
#9169=CARTESIAN_POINT('',(0.053016,0.034,-0.022));
#9170=CARTESIAN_POINT('',(0.059516,0.034,-0.022));
#9171=CARTESIAN_POINT('',(0.046516,0.034,-0.022));
#9172=CARTESIAN_POINT('',(0.046516,0.0335,-0.022));
#9173=CARTESIAN_POINT('',(0.046016,0.0335,-0.022));
#9174=CARTESIAN_POINT('',(0.046016,0.027,-0.022));
#9175=CARTESIAN_POINT('',(0.046016,0.0205,-0.022));
#9176=CARTESIAN_POINT('',(0.046516,0.0205,-0.022));
#9177=CARTESIAN_POINT('',(0.046516,0.02,-0.022));
#9178=CARTESIAN_POINT('',(0.053016,0.02,-0.022));
#9179=CARTESIAN_POINT('',(0.059516,0.02,-0.022));
#9180=CARTESIAN_POINT('',(0.059516,0.0205,-0.022));
#9181=CARTESIAN_POINT('',(0.060016,0.0205,-0.022));
#9182=CARTESIAN_POINT('',(0.060016,0.027,-0.022));
#9183=CARTESIAN_POINT('',(0.060016,0.0335,-0.022));
#9184=CARTESIAN_POINT('',(0.059516,0.0335,-0.022));
#9185=CARTESIAN_POINT('',(0.035016,0.034,-0.022));
#9186=CARTESIAN_POINT('',(0.041516,0.034,-0.022));
#9187=CARTESIAN_POINT('',(0.028516,0.034,-0.022));
#9188=CARTESIAN_POINT('',(0.028516,0.0335,-0.022));
#9189=CARTESIAN_POINT('',(0.028016,0.0335,-0.022));
#9190=CARTESIAN_POINT('',(0.028016,0.027,-0.022));
#9191=CARTESIAN_POINT('',(0.028016,0.0205,-0.022));
#9192=CARTESIAN_POINT('',(0.028516,0.0205,-0.022));
#9193=CARTESIAN_POINT('',(0.028516,0.02,-0.022));
#9194=CARTESIAN_POINT('',(0.035016,0.02,-0.022));
#9195=CARTESIAN_POINT('',(0.041516,0.02,-0.022));
#9196=CARTESIAN_POINT('',(0.041516,0.0205,-0.022));
#9197=CARTESIAN_POINT('',(0.042016,0.0205,-0.022));
#9198=CARTESIAN_POINT('',(0.042016,0.027,-0.022));
#9199=CARTESIAN_POINT('',(0.042016,0.0335,-0.022));
#9200=CARTESIAN_POINT('',(0.041516,0.0335,-0.022));
#9201=CARTESIAN_POINT('',(0.017016,0.034,-0.022));
#9202=CARTESIAN_POINT('',(0.023516,0.034,-0.022));
#9203=CARTESIAN_POINT('',(0.010516,0.034,-0.022));
#9204=CARTESIAN_POINT('',(0.010516,0.0335,-0.022));
#9205=CARTESIAN_POINT('',(0.010016,0.0335,-0.022));
#9206=CARTESIAN_POINT('',(0.010016,0.027,-0.022));
#9207=CARTESIAN_POINT('',(0.010016,0.0205,-0.022));
#9208=CARTESIAN_POINT('',(0.010516,0.0205,-0.022));
#9209=CARTESIAN_POINT('',(0.010516,0.02,-0.022));
#9210=CARTESIAN_POINT('',(0.017016,0.02,-0.022));
#9211=CARTESIAN_POINT('',(0.023516,0.02,-0.022));
#9212=CARTESIAN_POINT('',(0.023516,0.0205,-0.022));
#9213=CARTESIAN_POINT('',(0.024016,0.0205,-0.022));
#9214=CARTESIAN_POINT('',(0.024016,0.027,-0.022));
#9215=CARTESIAN_POINT('',(0.024016,0.0335,-0.022));
#9216=CARTESIAN_POINT('',(0.023516,0.0335,-0.022));
#9217=CARTESIAN_POINT('',(-0.000984,0.034,-0.022));
#9218=CARTESIAN_POINT('',(0.005516,0.034,-0.022));
#9219=CARTESIAN_POINT('',(-0.007484,0.034,-0.022));
#9220=CARTESIAN_POINT('',(-0.007484,0.0335,-0.022));
#9221=CARTESIAN_POINT('',(-0.007984,0.0335,-0.022));
#9222=CARTESIAN_POINT('',(-0.007984,0.027,-0.022));
#9223=CARTESIAN_POINT('',(-0.007984,0.0205,-0.022));
#9224=CARTESIAN_POINT('',(-0.007484,0.0205,-0.022));
#9225=CARTESIAN_POINT('',(-0.007484,0.02,-0.022));
#9226=CARTESIAN_POINT('',(-0.000984,0.02,-0.022));
#9227=CARTESIAN_POINT('',(0.005516,0.02,-0.022));
#9228=CARTESIAN_POINT('',(0.005516,0.0205,-0.022));
#9229=CARTESIAN_POINT('',(0.006016,0.0205,-0.022));
#9230=CARTESIAN_POINT('',(0.006016,0.027,-0.022));
#9231=CARTESIAN_POINT('',(0.006016,0.0335,-0.022));
#9232=CARTESIAN_POINT('',(0.005516,0.0335,-0.022));
#9233=CARTESIAN_POINT('',(0.155196,0.034,-0.022));
#9234=CARTESIAN_POINT('',(0.161696,0.034,-0.022));
#9235=CARTESIAN_POINT('',(0.148696,0.034,-0.022));
#9236=CARTESIAN_POINT('',(0.148696,0.0335,-0.022));
#9237=CARTESIAN_POINT('',(0.148196,0.0335,-0.022));
#9238=CARTESIAN_POINT('',(0.148196,0.027,-0.022));
#9239=CARTESIAN_POINT('',(0.148196,0.0205,-0.022));
#9240=CARTESIAN_POINT('',(0.148696,0.0205,-0.022));
#9241=CARTESIAN_POINT('',(0.148696,0.02,-0.022));
#9242=CARTESIAN_POINT('',(0.155196,0.02,-0.022));
#9243=CARTESIAN_POINT('',(0.161696,0.02,-0.022));
#9244=CARTESIAN_POINT('',(0.161696,0.0205,-0.022));
#9245=CARTESIAN_POINT('',(0.162196,0.0205,-0.022));
#9246=CARTESIAN_POINT('',(0.162196,0.027,-0.022));
#9247=CARTESIAN_POINT('',(0.162196,0.0335,-0.022));
#9248=CARTESIAN_POINT('',(0.161696,0.0335,-0.022));
#9249=CARTESIAN_POINT('',(0.137196,0.034,-0.022));
#9250=CARTESIAN_POINT('',(0.143696,0.034,-0.022));
#9251=CARTESIAN_POINT('',(0.130696,0.034,-0.022));
#9252=CARTESIAN_POINT('',(0.130696,0.0335,-0.022));
#9253=CARTESIAN_POINT('',(0.130196,0.0335,-0.022));
#9254=CARTESIAN_POINT('',(0.130196,0.027,-0.022));
#9255=CARTESIAN_POINT('',(0.130196,0.0205,-0.022));
#9256=CARTESIAN_POINT('',(0.130696,0.0205,-0.022));
#9257=CARTESIAN_POINT('',(0.130696,0.02,-0.022));
#9258=CARTESIAN_POINT('',(0.137196,0.02,-0.022));
#9259=CARTESIAN_POINT('',(0.143696,0.02,-0.022));
#9260=CARTESIAN_POINT('',(0.143696,0.0205,-0.022));
#9261=CARTESIAN_POINT('',(0.144196,0.0205,-0.022));
#9262=CARTESIAN_POINT('',(0.144196,0.027,-0.022));
#9263=CARTESIAN_POINT('',(0.144196,0.0335,-0.022));
#9264=CARTESIAN_POINT('',(0.143696,0.0335,-0.022));
#9265=CARTESIAN_POINT('',(0.137196,0.017,-0.022));
#9266=CARTESIAN_POINT('',(0.143696,0.017,-0.022));
#9267=CARTESIAN_POINT('',(0.130696,0.017,-0.022));
#9268=CARTESIAN_POINT('',(0.130696,0.0165,-0.022));
#9269=CARTESIAN_POINT('',(0.130196,0.0165,-0.022));
#9270=CARTESIAN_POINT('',(0.130196,0.01,-0.022));
#9271=CARTESIAN_POINT('',(0.130196,0.0035,-0.022));
#9272=CARTESIAN_POINT('',(0.130696,0.0035,-0.022));
#9273=CARTESIAN_POINT('',(0.130696,0.003,-0.022));
#9274=CARTESIAN_POINT('',(0.137196,0.003,-0.022));
#9275=CARTESIAN_POINT('',(0.143696,0.003,-0.022));
#9276=CARTESIAN_POINT('',(0.143696,0.00350000000000005,-0.022));
#9277=CARTESIAN_POINT('',(0.144196,0.0035,-0.022));
#9278=CARTESIAN_POINT('',(0.144196,0.01,-0.022));
#9279=CARTESIAN_POINT('',(0.144196,0.0165,-0.022));
#9280=CARTESIAN_POINT('',(0.143696,0.0165,-0.022));
#9281=CARTESIAN_POINT('',(0.119196,0.017,-0.022));
#9282=CARTESIAN_POINT('',(0.125696,0.017,-0.022));
#9283=CARTESIAN_POINT('',(0.112696,0.017,-0.022));
#9284=CARTESIAN_POINT('',(0.112696,0.0165,-0.022));
#9285=CARTESIAN_POINT('',(0.112196,0.0165,-0.022));
#9286=CARTESIAN_POINT('',(0.112196,0.01,-0.022));
#9287=CARTESIAN_POINT('',(0.112196,0.0035,-0.022));
#9288=CARTESIAN_POINT('',(0.112696,0.0035,-0.022));
#9289=CARTESIAN_POINT('',(0.112696,0.003,-0.022));
#9290=CARTESIAN_POINT('',(0.119196,0.003,-0.022));
#9291=CARTESIAN_POINT('',(0.125696,0.003,-0.022));
#9292=CARTESIAN_POINT('',(0.125696,0.0035,-0.022));
#9293=CARTESIAN_POINT('',(0.126196,0.0035,-0.022));
#9294=CARTESIAN_POINT('',(0.126196,0.01,-0.022));
#9295=CARTESIAN_POINT('',(0.126196,0.0165,-0.022));
#9296=CARTESIAN_POINT('',(0.125696,0.0165,-0.022));
#9297=CARTESIAN_POINT('',(0.017016,0.017,-0.022));
#9298=CARTESIAN_POINT('',(0.023516,0.017,-0.022));
#9299=CARTESIAN_POINT('',(0.010516,0.017,-0.022));
#9300=CARTESIAN_POINT('',(0.010516,0.0165,-0.022));
#9301=CARTESIAN_POINT('',(0.010016,0.0165,-0.022));
#9302=CARTESIAN_POINT('',(0.010016,0.01,-0.022));
#9303=CARTESIAN_POINT('',(0.010016,0.0035,-0.022));
#9304=CARTESIAN_POINT('',(0.010516,0.0035,-0.022));
#9305=CARTESIAN_POINT('',(0.010516,0.003,-0.022));
#9306=CARTESIAN_POINT('',(0.017016,0.003,-0.022));
#9307=CARTESIAN_POINT('',(0.023516,0.003,-0.022));
#9308=CARTESIAN_POINT('',(0.023516,0.0035,-0.022));
#9309=CARTESIAN_POINT('',(0.024016,0.0035,-0.022));
#9310=CARTESIAN_POINT('',(0.024016,0.01,-0.022));
#9311=CARTESIAN_POINT('',(0.024016,0.0165,-0.022));
#9312=CARTESIAN_POINT('',(0.023516,0.0165,-0.022));
#9313=CARTESIAN_POINT('',(-0.000984,0.017,-0.022));
#9314=CARTESIAN_POINT('',(0.005516,0.017,-0.022));
#9315=CARTESIAN_POINT('',(-0.007484,0.017,-0.022));
#9316=CARTESIAN_POINT('',(-0.007484,0.0165,-0.022));
#9317=CARTESIAN_POINT('',(-0.007984,0.0165,-0.022));
#9318=CARTESIAN_POINT('',(-0.007984,0.01,-0.022));
#9319=CARTESIAN_POINT('',(-0.007984,0.0035,-0.022));
#9320=CARTESIAN_POINT('',(-0.007484,0.0035,-0.022));
#9321=CARTESIAN_POINT('',(-0.007484,0.003,-0.022));
#9322=CARTESIAN_POINT('',(-0.000984,0.003,-0.022));
#9323=CARTESIAN_POINT('',(0.005516,0.003,-0.022));
#9324=CARTESIAN_POINT('',(0.005516,0.0035,-0.022));
#9325=CARTESIAN_POINT('',(0.006016,0.0035,-0.022));
#9326=CARTESIAN_POINT('',(0.006016,0.01,-0.022));
#9327=CARTESIAN_POINT('',(0.006016,0.0165,-0.022));
#9328=CARTESIAN_POINT('',(0.005516,0.0165,-0.022));
#9329=CARTESIAN_POINT('',(-0.018984,0.017,-0.022));
#9330=CARTESIAN_POINT('',(-0.012484,0.017,-0.022));
#9331=CARTESIAN_POINT('',(-0.025484,0.017,-0.022));
#9332=CARTESIAN_POINT('',(-0.025484,0.0165,-0.022));
#9333=CARTESIAN_POINT('',(-0.025984,0.0165,-0.022));
#9334=CARTESIAN_POINT('',(-0.025984,0.01,-0.022));
#9335=CARTESIAN_POINT('',(-0.025984,0.0035,-0.022));
#9336=CARTESIAN_POINT('',(-0.025484,0.0035,-0.022));
#9337=CARTESIAN_POINT('',(-0.025484,0.003,-0.022));
#9338=CARTESIAN_POINT('',(-0.018984,0.003,-0.022));
#9339=CARTESIAN_POINT('',(-0.012484,0.003,-0.022));
#9340=CARTESIAN_POINT('',(-0.012484,0.0035,-0.022));
#9341=CARTESIAN_POINT('',(-0.011984,0.0035,-0.022));
#9342=CARTESIAN_POINT('',(-0.011984,0.01,-0.022));
#9343=CARTESIAN_POINT('',(-0.011984,0.0165,-0.022));
#9344=CARTESIAN_POINT('',(-0.012484,0.0165,-0.022));
#9345=CARTESIAN_POINT('',(0.119196,0.034,-0.022));
#9346=CARTESIAN_POINT('',(0.125696,0.034,-0.022));
#9347=CARTESIAN_POINT('',(0.112696,0.034,-0.022));
#9348=CARTESIAN_POINT('',(0.112696,0.0335,-0.022));
#9349=CARTESIAN_POINT('',(0.112196,0.0335,-0.022));
#9350=CARTESIAN_POINT('',(0.112196,0.027,-0.022));
#9351=CARTESIAN_POINT('',(0.112196,0.0205,-0.022));
#9352=CARTESIAN_POINT('',(0.112696,0.0205,-0.022));
#9353=CARTESIAN_POINT('',(0.112696,0.02,-0.022));
#9354=CARTESIAN_POINT('',(0.119196,0.02,-0.022));
#9355=CARTESIAN_POINT('',(0.125696,0.02,-0.022));
#9356=CARTESIAN_POINT('',(0.125696,0.0205,-0.022));
#9357=CARTESIAN_POINT('',(0.126196,0.0205,-0.022));
#9358=CARTESIAN_POINT('',(0.126196,0.027,-0.022));
#9359=CARTESIAN_POINT('',(0.126196,0.0335,-0.022));
#9360=CARTESIAN_POINT('',(0.125696,0.0335,-0.022));
#9361=CARTESIAN_POINT('',(0.108415689730644,-0.0176,0.00207382754888385));
#9362=CARTESIAN_POINT('',(0.108415689730644,-0.0156,0.00207382754888385));
#9363=CARTESIAN_POINT('',(0.108415689730644,0.0384,0.));
#9364=CARTESIAN_POINT('',(0.0830156897306442,-0.0176,0.00207382754888385));
#9365=CARTESIAN_POINT('',(0.0830156897306442,-0.0156,0.));
#9366=CARTESIAN_POINT('',(0.0830156897306442,0.0384,0.00207382754888385));
#9367=CARTESIAN_POINT('',(0.0957156897306442,-0.0176,0.00207382754888385));
#9368=CARTESIAN_POINT('',(0.0850156897306442,-0.0176,0.003));
#9369=CARTESIAN_POINT('',(0.106415689730644,-0.0176,0.00207382754888385));
#9370=CARTESIAN_POINT('',(0.0850156897306442,-0.0156,0.00207382754888385));
#9371=CARTESIAN_POINT('',(0.106415689730644,-0.0156,0.00207382754888385));
#9372=CARTESIAN_POINT('',(0.0810156897306442,0.0384,0.003));
#9373=CARTESIAN_POINT('',(0.110415689730644,0.0384,0.00207382754888385));
#9374=CARTESIAN_POINT('',(0.0957156897306442,0.0055,0.002));
#9375=CARTESIAN_POINT('',(0.0957156897306442,0.0055,0.002));
#9376=CARTESIAN_POINT('',(0.0957156897306442,0.0055,0.002));
#9377=CARTESIAN_POINT('',(0.0957156897306442,0.0055,0.002));
#9378=CARTESIAN_POINT('',(0.0957156897306442,0.0055,0.002));
#9379=CARTESIAN_POINT('',(0.0957156897306442,0.0055,0.002));
#9380=MECHANICAL_DESIGN_GEOMETRIC_PRESENTATION_REPRESENTATION('',(#5553),
#9381);
#9381=(
GEOMETRIC_REPRESENTATION_CONTEXT(3)
GLOBAL_UNCERTAINTY_ASSIGNED_CONTEXT((#9382))
GLOBAL_UNIT_ASSIGNED_CONTEXT((#9385,#9384,#9383))
REPRESENTATION_CONTEXT('Part 1','TOP_LEVEL_ASSEMBLY_PART')
);
#9382=UNCERTAINTY_MEASURE_WITH_UNIT(LENGTH_MEASURE(1.E-8),#9385,
'DISTANCE_ACCURACY_VALUE','Maximum Tolerance applied to model');
#9383=(
NAMED_UNIT(*)
SI_UNIT($,.STERADIAN.)
SOLID_ANGLE_UNIT()
);
#9384=(
NAMED_UNIT(*)
PLANE_ANGLE_UNIT()
SI_UNIT($,.RADIAN.)
);
#9385=(
LENGTH_UNIT()
NAMED_UNIT(*)
SI_UNIT($,.METRE.)
);
#9386=PRODUCT_DEFINITION_SHAPE('','',#9387);
#9387=PRODUCT_DEFINITION('','',#9389,#9388);
#9388=PRODUCT_DEFINITION_CONTEXT('',#9395,'design');
#9389=PRODUCT_DEFINITION_FORMATION_WITH_SPECIFIED_SOURCE('','',#9391,
 .NOT_KNOWN.);
#9390=PRODUCT_RELATED_PRODUCT_CATEGORY('','',(#9391));
#9391=PRODUCT('Part 1','Part 1','Part 1',(#9393));
#9392=PRODUCT_CATEGORY('','');
#9393=PRODUCT_CONTEXT('',#9395,'mechanical');
#9394=APPLICATION_PROTOCOL_DEFINITION('international standard',
'ap242_managed_model_based_3d_engineering',2020,#9395);
#9395=APPLICATION_CONTEXT('managed model based 3d engineering');
ENDSEC;
END-ISO-10303-21;
